id,ra_hours,dec_degrees,magnitude,bv
3,0.000335,38.859279,6.61,-0.019
11,0.002488,46.939997,7.34,0.081
14,0.003228,-0.36045,7.25,1.2
19,0.003554,38.30405,6.53,0.955
25,0.0053,-44.290561,6.28,0.763
34,0.006638,26.918108,6.43,0.514
39,0.007485,-16.697009,7.46,0.475
43,0.008593,59.559679,6.18,1.032
48,0.009015,-40.690474,7.31,1.164
50,0.009533,-53.097713,6.49,0.616
55,0.010549,-66.683173,7.4,0.551
58,0.011577,62.175898,7.05,0.52
63,0.012119,45.253334,6.36,-0.047
73,0.014694,66.848011,6.9,1.446
75,0.014882,-50.446459,7.42,1.524
88,0.017941,-48.809876,5.71,0.911
99,0.021069,60.355282,7.04,2.835
102,0.021365,-41.487437,7.05,1.55
106,0.022013,49.981558,6.22,0.97
107,0.022255,-50.337373,5.53,1.615
109,0.023106,6.79147,7.23,0.388
115,0.024839,-62.92313,7.46,0.16
119,0.026012,44.675401,6.82,1.071
121,0.026429,28.423691,6.83,1.197
122,0.026616,-77.065724,4.78,1.254
123,0.026675,72.236615,7.21,1.169
124,0.026949,61.222801,5.58,0.407
128,0.027597,73.611846,6.5,0.182
133,0.02823,-40.148702,6.62,0.545
136,0.028579,24.253113,6.6,1.153
137,0.028847,42.367144,6.25,-0.042
142,0.030251,66.306032,7.33,0.73
145,0.030402,-3.027504,5.13,-0.128
150,0.032021,-37.229953,7.04,1.06
154,0.032672,-6.014072,4.37,1.631
158,0.033384,-37.901878,7.09,0.999
159,0.03406,-2.766171,6.93,0.292
171,0.036139,27.082256,5.8,0.69
179,0.037966,-13.407437,6.9,0.534
181,0.038253,60.703168,6.77,1.832
183,0.038867,-29.720414,5.04,-0.15
186,0.040046,8.956824,6.33,0.182
194,0.041584,8.485463,5.7,0.315
199,0.042334,16.256565,7.24,0.074
208,0.043357,66.098966,5.87,1.073
209,0.044012,66.100399,7.2,0.085
215,0.044959,82.973202,7.29,0.118
224,0.046437,2.130155,7.17,0.617
238,0.049301,-20.045882,6.25,0.526
253,0.052181,-24.145145,6.46,1.176
254,0.052317,42.747908,6.73,0.051
258,0.053698,17.552268,6.59,1.122
270,0.056667,73.174497,7.36,0.146
274,0.057143,63.64052,6.24,0.332
276,0.057203,20.66553,7.49,0.636
277,0.057297,-36.251193,6.96,0.353
283,0.058475,12.356821,7.45,0.353
297,0.061626,48.436907,6.8,0.06
300,0.06233,-17.335988,4.55,-0.047
301,0.06234,42.023522,7.45,0.244
302,0.064342,66.712183,6.31,1.629
308,0.065582,14.378864,7.09,0.303
316,0.066736,12.145797,7.26,0.355
324,0.069514,49.870181,7.38,1.003
328,0.069972,-30.134913,7.09,-0.085
330,0.070462,62.287664,5.9,0.274
343,0.072165,-16.529036,5.78,1.084
345,0.07231,-29.268822,6.38,0.006
355,0.075033,-10.509523,4.99,1.619
357,0.075148,-72.897321,7.33,0.444
366,0.07683,42.09253,6.11,0.159
370,0.077295,-51.583329,7.13,1.26
372,0.07772,-70.40426,7.46,1.072
374,0.0778,34.265124,7.02,1.1
377,0.078131,-71.436891,5.59,-0.1
378,0.078129,14.965233,7.37,0.422
379,0.078304,67.166445,5.68,1.051
394,0.081573,34.659797,6.09,0.632
398,0.081937,58.532166,6.61,0.025
399,0.08222,26.648764,6.25,1.368
405,0.082644,45.673793,7.47,0.55
410,0.083662,27.674784,6.47,0.946
417,0.084395,-0.503035,6.32,1.099
418,0.085039,61.31397,5.8,-0.067
421,0.085785,67.840003,7.41,1.288
424,0.086046,45.229029,6.71,0.068
429,0.086186,-32.468672,7.1,1.128
431,0.086946,35.571012,6.88,0.174
438,0.088857,68.884433,7.08,-0.006
439,0.088876,-38.857152,6.93,0.94
441,0.088928,-5.707618,4.61,1.029
444,0.089347,-56.955649,7.42,0.191
447,0.089511,3.606092,6.91,1.12
453,0.090672,-14.422192,7.39,0.99
456,0.091117,-42.887387,7.47,1.62
457,0.091178,-7.66542,6.97,1.444
461,0.09199,-9.61747,7.13,0.446
465,0.093034,53.171694,7.23,1.174
467,0.093265,-61.309873,7.36,0.993
468,0.093404,-51.260491,7.36,1.444
471,0.094368,55.709898,6.99,1.187
475,0.094989,13.396266,5.55,0.901
491,0.098543,18.235003,7.45,0.596
495,0.099091,24.569005,6.9,1.564
501,0.100149,28.276949,6.62,1.531
504,0.100942,63.679656,7.36,0.126
507,0.101182,40.41853,6.65,0.912
517,0.104356,58.436733,5.98,0.687
521,0.105277,-49.075191,5.7,0.519
524,0.105609,40.898745,6.93,1.086
528,0.106936,-18.038252,7.31,0.402
530,0.10737,64.196168,5.57,-0.023
539,0.109872,28.553404,6.68,0.986
543,0.110209,29.021502,6.07,0.752
559,0.113911,-23.10754,6.19,0.386
566,0.114803,-38.877668,6.91,1.123
580,0.117816,6.875548,7.44,0.203
601,0.121741,-17.38699,6.2,0.133
604,0.122792,-56.836907,7.48,1.532
605,0.122925,-25.356649,7.06,0.463
606,0.122932,26.450601,7.33,1.011
611,0.124472,-56.011483,7.48,0.466
618,0.126439,31.669001,6.87,1.124
619,0.126828,-62.315095,7.5,1.703
620,0.126886,-86.038759,7.39,-0.018
624,0.127138,40.078498,7.39,1.008
625,0.127202,40.147954,6.73,0.951
630,0.128037,-65.932427,6.83,1.158
633,0.12864,37.185443,7.44,0.478
634,0.12892,-2.548679,6.43,-0.146
635,0.129693,-22.50856,5.93,0.141
648,0.133431,-78.598759,7.18,0.156
651,0.13381,31.391161,7.12,0.184
654,0.134303,-33.529326,5.67,1.119
658,0.135998,31.378998,7.27,0.207
663,0.136693,-2.447711,6.18,1.366
668,0.137879,-14.824492,7.04,0.624
670,0.138204,-8.824112,5.99,1.034
676,0.139791,29.090432,2.07,-0.038
687,0.141237,34.934547,7.41,0.606
693,0.142462,63.20404,6.41,0.998
694,0.142638,-17.578155,6.11,1.664
696,0.144105,-74.238455,7.38,1.326
697,0.14471,36.627125,6.21,0.504
698,0.145309,-2.222583,7.05,0.963
699,0.145546,74.214765,7.44,-0.006
708,0.146874,8.021868,7.43,0.296
712,0.147223,40.494549,6.82,1.568
714,0.147814,25.462985,6.24,0.976
715,0.147845,0.692453,7.31,1.43
718,0.148235,-22.179517,7.13,1.64
722,0.149788,-21.206353,7.21,1.087
726,0.150045,28.247543,6.47,0.242
727,0.150672,18.211963,5.57,1.043
728,0.15066,-54.001931,6.32,0.738
735,0.151014,40.842859,6.93,0.8
738,0.151197,19.924689,7.11,0.476
742,0.152382,-50.166802,7.05,-0.122
744,0.152887,59.14978,2.28,0.38
753,0.154625,65.070892,7.02,0.932
757,0.155401,17.533922,7.07,0.644
758,0.155525,79.714545,6.01,0.203
759,0.155851,-27.987928,5.42,0.414
763,0.156836,-45.747426,3.88,1.013
765,0.157661,46.387872,7.17,0.031
767,0.157788,1.244035,7.27,1.22
783,0.161482,-63.589789,7.4,1.571
796,0.164474,-62.296794,6.34,0.164
801,0.165283,-2.561266,6.84,1.611
803,0.165767,-44.66644,7.19,0.974
811,0.167278,11.145813,5.54,-0.064
812,0.167293,-82.224047,5.29,1.049
816,0.167591,-8.974153,7.1,0.345
828,0.168888,-78.300717,6.97,1.377
836,0.171239,52.255137,7.2,-0.053
838,0.171908,-5.248588,5.84,0.973
839,0.172012,46.072272,5.01,0.405
850,0.1741,28.652881,7.11,1.528
855,0.174909,57.165494,6.74,-0.074
856,0.175667,33.130884,6.83,1.429
858,0.176293,59.673407,6.7,-0.017
863,0.177328,-73.224389,6.66,0.372
871,0.178565,-12.579897,5.84,1.0
879,0.179692,-34.860715,6.89,0.951
898,0.184902,4.133093,7.44,0.998
900,0.18552,57.587941,6.68,1.212
904,0.186013,-3.321389,6.74,1.025
908,0.187739,-15.467977,4.89,0.487
916,0.189464,74.484543,7.15,1.004
924,0.19198,40.398952,7.47,1.532
928,0.192894,-27.799737,5.41,1.346
930,0.193145,-18.600657,6.93,0.994
936,0.193534,-80.173734,7.21,0.916
938,0.193652,58.211829,7.09,0.137
943,0.194149,55.961461,7.47,0.2
948,0.195552,-35.133119,5.24,0.459
949,0.195762,57.27152,7.06,0.63
952,0.196536,9.139962,7.45,0.891
955,0.197344,66.126345,7.32,0.038
963,0.198715,-75.476828,7.49,1.6
964,0.19891,-42.172144,6.53,1.041
965,0.199741,48.152396,6.18,1.467
967,0.200381,23.471749,6.58,0.99
969,0.200403,28.6065,7.19,0.398
971,0.200839,-13.813179,6.56,1.074
978,0.201897,47.491101,7.36,1.082
979,0.202242,53.623888,6.87,0.262
981,0.202773,-17.938278,5.29,1.478
984,0.203865,39.901578,7.43,0.335
1005,0.209341,44.590743,7.44,1.522
1006,0.209356,-88.362869,7.22,0.054
1007,0.209484,44.707195,6.5,1.112
1009,0.209947,44.316313,7.01,1.106
1016,0.211204,-1.227195,7.22,1.051
1021,0.212565,57.22754,7.34,1.639
1024,0.213338,46.095405,6.63,0.402
1028,0.213957,37.693656,6.71,-0.116
1029,0.213975,-57.912609,7.22,0.775
1031,0.215316,-3.381546,7.37,1.619
1041,0.217167,49.926524,7.17,0.202
1044,0.217755,-22.470173,6.66,0.961
1054,0.219307,16.921456,6.52,1.05
1061,0.22019,62.040878,6.63,0.226
1064,0.220502,-37.822873,7.21,1.53
1065,0.220598,15.183596,2.83,-0.19
1067,0.220963,-26.325331,7.44,1.279
1070,0.221754,-20.618703,7.45,0.48
1072,0.222099,-84.993978,5.78,1.71
1073,0.222368,49.723376,7.32,0.061
1074,0.223312,26.987545,6.24,0.68
1084,0.22524,41.03537,5.71,0.331
1091,0.227404,42.94939,7.26,1.257
1094,0.228401,-26.022345,5.94,1.548
1097,0.228994,-26.284959,6.14,1.49
1099,0.229193,-48.684187,6.97,0.18
1100,0.229303,-23.214784,6.86,1.096
1101,0.229362,8.193504,7.41,0.44
1105,0.229882,1.383586,6.79,1.257
1112,0.231397,-56.999679,7.15,0.513
1113,0.232112,-17.545369,7.39,-0.165
1116,0.232275,59.999319,6.91,1.12
1118,0.233675,-3.908824,7.41,0.947
1121,0.233967,33.206039,6.22,0.009
1122,0.234046,76.026999,7.17,1.626
1125,0.234469,-74.912002,6.97,1.341
1131,0.23584,26.258798,7.0,0.534
1132,0.236182,-7.199124,7.32,0.521
1138,0.237419,-55.069662,6.66,0.462
1142,0.238946,-27.53143,7.42,0.64
1144,0.239114,-62.771951,6.63,1.697
1145,0.239112,-21.196962,6.89,0.502
1151,0.240129,-2.197997,7.19,1.34
1156,0.241008,-7.780532,5.13,1.601
1159,0.241118,-14.431785,6.95,0.494
1162,0.242702,41.032642,6.68,1.172
1166,0.243378,20.206702,4.79,1.572
1167,0.24349,1.296839,7.03,0.461
1169,0.244005,-18.932866,4.44,1.64
1174,0.244572,-14.80524,6.63,1.03
1179,0.245635,-46.033415,7.13,1.17
1183,0.246725,-14.177699,6.82,0.257
1189,0.248476,-9.569571,5.77,-0.084
1190,0.248823,-3.027412,6.64,1.499
1191,0.24886,22.284225,6.25,-0.004
1192,0.24898,21.542112,7.06,1.0
1193,0.249515,-34.904223,6.17,1.344
1194,0.249677,8.820962,6.02,0.312
1205,0.251883,33.030459,7.34,1.02
1206,0.25193,31.535725,6.34,1.555
1213,0.252934,27.28344,6.35,-0.002
1223,0.254189,-40.095977,7.5,1.032
1231,0.254953,44.203397,6.76,-0.046
1232,0.255985,28.587169,7.33,0.441
1245,0.259364,50.050304,7.45,1.62
1247,0.26073,5.843847,6.98,1.151
1262,0.264339,-5.601215,7.48,0.949
1266,0.265239,61.000172,6.43,0.838
1267,0.265257,-75.911615,6.49,0.983
1270,0.265917,4.251116,7.13,0.046
1286,0.269126,-31.446394,5.66,1.35
1291,0.26986,-79.851182,6.59,0.749
1293,0.270527,76.950755,6.35,-0.044
1300,0.272645,43.595049,6.12,0.068
1307,0.27344,-70.392369,7.18,0.251
1308,0.273808,53.945641,7.22,1.025
1313,0.275683,-32.760428,7.34,1.201
1316,0.276106,-13.403904,7.15,0.222
1317,0.276122,8.240154,6.12,0.919
1323,0.277617,1.850607,6.98,1.6
1327,0.278235,54.660146,7.43,0.266
1328,0.278352,-32.688435,6.67,1.077
1329,0.278429,-20.210061,6.5,-0.108
1331,0.278619,36.629812,6.99,0.05
1336,0.27935,13.916805,7.46,0.167
1337,0.279355,10.244778,6.51,1.864
1339,0.280064,-78.780154,6.78,0.451
1343,0.281041,46.614272,7.18,1.071
1346,0.281604,-52.651149,6.84,0.655
1348,0.281656,49.461915,6.52,1.775
1350,0.281944,23.256193,6.95,1.06
1351,0.282513,61.533185,5.74,0.898
1363,0.284863,38.681636,4.61,0.059
1369,0.285845,47.947405,5.86,-0.079
1391,0.290152,8.876517,6.66,0.589
1399,0.292417,-19.051092,6.46,0.386
1412,0.295295,51.43309,6.11,-0.151
1418,0.296583,1.688727,6.19,0.937
1421,0.29677,-1.862735,7.1,0.9
1424,0.297216,16.331013,7.21,0.477
1426,0.297567,20.226994,6.91,1.585
1431,0.298007,44.577946,7.38,1.029
1436,0.298974,12.771466,6.54,0.97
1441,0.299685,-13.45564,6.51,0.599
1452,0.302191,3.796763,7.2,0.309
1453,0.302558,46.214313,6.83,1.319
1461,0.304708,-21.13846,6.69,-0.008
1462,0.304791,11.206214,6.07,1.036
1465,0.305118,-36.509884,6.67,1.304
1467,0.305145,-2.014803,7.21,1.311
1470,0.305463,36.785224,4.51,0.054
1471,0.305491,44.558412,7.19,1.608
1473,0.30575,-49.905614,7.27,1.129
1474,0.305767,30.39594,7.08,1.186
1478,0.307238,-63.477494,7.46,0.537
1480,0.307661,76.276527,7.18,-0.052
1483,0.307995,62.202775,6.97,1.52
1484,0.308193,-46.5321,7.47,0.468
1485,0.308498,26.140293,7.27,0.174
1490,0.310625,31.517227,5.88,-0.014
1492,0.31101,22.879729,7.14,0.885
1493,0.311308,44.629988,7.05,0.115
1496,0.311629,-8.053001,6.47,0.674
1498,0.311712,43.791141,6.1,-0.074
1499,0.31182,-43.235571,6.33,1.21
1546,0.321703,73.122577,7.31,1.059
1547,0.321868,59.13904,7.26,0.049
1548,0.322362,-46.499031,7.45,1.535
1559,0.323799,-8.823921,3.56,1.214
1567,0.326359,-50.429427,7.44,1.654
1568,0.326799,-7.224021,7.03,0.508
1571,0.328212,40.729461,6.35,1.179
1575,0.329645,36.962443,7.26,1.304
1583,0.330799,-2.478883,6.96,0.848
1591,0.332299,16.250871,6.6,0.979
1593,0.332768,-25.121947,7.45,1.125
1594,0.333453,38.227397,6.97,0.64
1595,0.334142,-64.874791,4.23,0.576
1596,0.334153,-17.700434,6.73,1.249
1598,0.33474,6.292648,6.81,1.532
1599,0.334769,48.865449,6.53,0.051
1607,0.336264,-13.061462,6.85,1.028
1626,0.340111,30.935614,5.89,-0.098
1634,0.341759,10.91774,7.03,1.039
1635,0.341924,48.968633,6.46,0.564
1638,0.342495,45.508927,7.0,0.563
1640,0.342817,56.556923,6.73,0.817
1641,0.343295,8.190271,5.38,1.343
1643,0.344178,-69.624913,5.5,-0.046
1648,0.345434,61.879595,6.8,2.02
1652,0.345979,26.5137,7.39,1.417
1653,0.345978,32.911186,5.79,1.595
1656,0.346828,-23.630223,6.78,0.311
1663,0.348261,-39.239873,7.14,0.506
1665,0.348368,32.978005,6.9,0.478
1666,0.348498,10.976901,6.57,0.056
1672,0.349847,12.771652,7.2,0.271
1680,0.351189,-2.909599,6.92,1.036
1682,0.352017,37.968603,5.16,0.442
1684,0.352564,35.878828,7.37,0.238
1687,0.353646,-3.311823,7.36,0.529
1690,0.354085,-35.798952,7.14,1.575
1696,0.356163,67.005408,7.23,0.01
1702,0.357986,-77.426873,5.96,1.397
1703,0.358583,-65.751663,7.26,1.249
1704,0.358665,-28.981469,5.18,1.006
1710,0.35928,-66.304575,7.36,0.006
1711,0.359748,38.18712,6.86,1.094
1721,0.361786,67.823015,6.55,0.981
1724,0.362853,-20.058024,5.61,1.58
1728,0.364577,-23.007979,7.4,0.631
1751,0.370622,-5.191936,7.11,0.146
1756,0.371472,37.761209,7.5,0.979
1762,0.372572,-50.992487,6.68,1.102
1765,0.373227,35.536349,7.02,1.61
1768,0.373745,13.482488,6.25,1.225
1773,0.376146,-61.034853,7.3,0.035
1790,0.379942,54.645437,7.16,0.874
1791,0.380006,-39.262414,6.75,0.371
1795,0.38052,29.45428,6.95,0.212
1799,0.381051,-12.209438,6.39,0.659
1800,0.381076,-37.403411,7.03,1.588
1805,0.382602,38.754287,6.69,1.556
1808,0.383337,-6.463015,7.49,1.227
1814,0.38421,44.52524,7.31,0.087
1817,0.384554,-15.942556,6.43,1.595
1826,0.386835,-31.035775,6.55,-0.06
1845,0.389484,-29.847251,6.81,1.56
1850,0.390282,-18.89162,7.11,0.993
1888,0.398125,60.961413,6.57,0.38
1895,0.39988,-17.810366,7.42,0.51
1896,0.399952,-3.475294,7.35,0.134
1900,0.401463,44.264734,6.66,0.413
1916,0.404348,52.019914,5.58,-0.11
1934,0.408236,-2.219064,6.08,1.216
1943,0.410599,14.315514,6.48,1.161
1947,0.411021,31.373055,6.76,-0.058
1949,0.411795,-53.983998,7.27,0.681
1950,0.412397,-51.043867,6.81,0.596
1955,0.413193,61.831057,5.38,0.008
1957,0.413787,-18.471878,6.9,1.426
1977,0.418445,53.046786,5.72,-0.056
1991,0.421593,35.037243,7.37,1.573
1996,0.422806,-39.26037,6.91,0.95
1998,0.423054,-17.427668,7.06,1.427
2000,0.423391,1.939692,5.77,0.855
2016,0.427916,-77.254247,2.82,0.618
2019,0.428264,54.994205,6.78,1.676
2020,0.428309,7.691122,6.77,1.3
2027,0.429336,-27.71019,6.88,1.293
2031,0.4309,71.807126,6.91,-0.023
2032,0.431185,65.383533,7.45,0.261
2033,0.431279,-8.351456,7.41,1.152
2045,0.432956,21.024259,7.5,0.929
2053,0.434356,20.146851,6.67,-0.036
2058,0.435101,55.49093,7.12,1.201
2068,0.436687,56.779229,6.71,0.879
2069,0.436716,-43.679829,3.93,0.175
2071,0.437057,-39.649383,7.11,0.997
2075,0.437915,3.825757,6.9,-0.128
2076,0.438056,-42.305981,2.4,1.083
2081,0.439375,-18.693632,6.24,1.622
2082,0.439392,49.048991,6.94,1.294
2095,0.443726,-0.049533,6.16,0.893
2096,0.444294,56.641207,6.58,0.021
2101,0.444985,-69.30711,6.98,1.378
2130,0.451269,25.042067,6.66,0.487
2132,0.451509,-5.003805,7.05,1.119
2135,0.451924,-9.873035,7.29,0.931
2137,0.452034,80.052141,6.53,-0.083
2139,0.452168,31.177142,7.35,1.689
2146,0.453458,49.985725,6.95,-0.014
2147,0.453488,25.578516,7.49,1.19
2153,0.454085,-25.54717,5.99,1.022
2161,0.455628,2.814109,7.18,0.894
2164,0.456152,-28.24317,7.01,0.967
2173,0.45863,16.025483,6.44,0.23
2179,0.460437,-20.134524,6.78,0.261
2184,0.461225,-16.409443,7.2,0.498
2185,0.461254,58.553911,7.47,0.043
2204,0.465472,-33.007167,4.86,1.634
2207,0.466241,19.514039,6.4,0.99
2209,0.466819,-11.658802,7.35,1.205
2213,0.467475,17.893125,5.01,1.584
2216,0.469529,20.795955,7.48,1.585
2218,0.470195,16.445065,6.05,1.58
2220,0.470454,44.394452,5.18,0.043
2221,0.470589,-29.040271,6.75,1.127
2229,0.472236,10.189848,6.05,0.447
2231,0.472528,-20.335051,6.44,0.594
2233,0.474011,-29.284755,7.1,0.5
2234,0.474027,-39.915002,5.42,1.556
2235,0.474368,33.798924,7.13,1.018
2237,0.474604,32.437745,6.87,0.106
2240,0.475892,-11.237244,6.86,0.535
2243,0.47692,33.634041,7.47,1.47
2250,0.478632,-50.532859,6.26,1.09
2257,0.480764,-24.636676,7.14,0.318
2261,0.481733,57.209723,7.3,0.894
2264,0.482406,36.899694,6.28,0.916
2265,0.4825,48.41371,7.04,1.617
2277,0.486235,-11.598064,7.35,1.616
2294,0.489131,28.827785,7.34,1.474
2297,0.48976,-40.665431,6.82,1.273
2306,0.491488,-3.469277,6.95,1.307
2309,0.492238,10.38722,7.29,1.183
2314,0.49336,62.064152,7.0,1.06
2317,0.494185,-2.840424,6.89,1.457
2324,0.496945,-32.115982,6.59,1.351
2330,0.497686,38.324144,7.47,0.544
2331,0.497748,-14.864109,6.15,0.388
2337,0.498704,-1.117748,7.46,0.353
2347,0.500655,-3.957332,5.72,1.545
2349,0.502045,29.751557,5.2,0.271
2352,0.502413,4.860111,6.52,0.453
2365,0.504545,64.748976,7.27,0.007
2368,0.505088,15.795372,7.4,1.282
2371,0.505534,59.977554,5.94,-0.003
2375,0.506293,-23.78768,5.17,0.128
2377,0.507242,-48.21491,5.67,0.367
2382,0.507729,-40.939586,6.18,0.315
2386,0.508139,-39.518547,6.6,1.141
2402,0.511313,-9.407754,7.43,1.567
2403,0.511561,62.354003,7.39,-0.013
2409,0.513098,16.037612,6.83,0.126
2416,0.51511,77.019404,6.18,0.883
2425,0.516637,-10.0847,6.86,0.2
2431,0.517367,50.254026,7.37,0.873
2434,0.517758,55.702615,6.57,1.154
2447,0.520162,69.78526,7.37,0.504
2448,0.520252,43.946539,6.76,-0.064
2466,0.523594,-48.803514,4.76,0.018
2467,0.523635,38.980587,7.32,0.11
2468,0.52367,66.519617,6.18,-0.1
2469,0.523787,33.581642,5.88,1.133
2473,0.525083,11.532215,7.18,0.275
2474,0.52521,20.829507,7.17,1.352
2475,0.52537,21.110249,7.48,1.606
2478,0.525725,-62.958218,4.36,-0.064
2479,0.525946,-62.965561,4.53,0.147
2484,0.526691,16.020918,6.89,1.267
2485,0.527042,9.161201,6.99,1.405
2490,0.527986,-1.793667,7.07,0.071
2491,0.528105,52.839526,5.59,1.163
2492,0.528185,12.913503,7.25,0.906
2496,0.528727,19.482031,7.44,0.955
2499,0.529539,54.522289,4.74,-0.098
2501,0.529817,45.926296,7.48,1.104
2506,0.530859,18.105333,7.22,0.535
2511,0.531912,19.642965,6.87,1.638
2521,0.534637,-18.221993,7.07,1.245
2531,0.536494,53.815104,6.94,1.522
2533,0.537236,34.993886,6.74,0.191
2537,0.539385,58.338575,7.1,0.377
2539,0.539491,-24.646231,7.32,0.391
2543,0.539939,6.955463,5.69,-0.014
2546,0.540777,43.494794,6.69,-0.006
2551,0.541668,51.728256,6.94,1.101
2554,0.542199,18.794882,6.79,1.54
2559,0.542935,27.580759,6.68,0.084
2562,0.543189,20.294316,5.38,1.069
2566,0.544274,-25.359714,6.72,1.176
2567,0.544317,23.193427,6.84,0.921
2569,0.545334,38.843771,6.9,0.364
2572,0.545512,-63.0315,5.07,0.038
2575,0.546528,54.119948,6.91,1.249
2577,0.546969,28.280241,6.26,0.965
2589,0.548839,16.167235,6.9,0.508
2592,0.549997,62.931783,4.17,0.13
2605,0.552879,54.894985,5.93,1.037
2606,0.553134,-3.847856,7.36,1.301
2609,0.55329,-46.951798,7.47,0.285
2622,0.55534,70.981843,6.41,-0.007
2623,0.556463,-71.266246,6.11,0.265
2635,0.558094,-0.608808,7.18,0.338
2636,0.558252,-55.328323,7.21,0.0
2639,0.559004,-38.113396,7.27,0.609
2643,0.560095,-26.091818,7.29,1.462
2655,0.561401,-29.558278,5.55,1.262
2657,0.56217,-35.002078,6.41,0.617
2659,0.563336,-39.924596,7.42,-0.016
2662,0.563591,43.666645,7.5,1.614
2671,0.565064,3.319865,7.47,0.94
2689,0.569665,10.2992,6.76,0.949
2695,0.572073,-42.431239,6.88,0.18
2701,0.573583,66.750351,6.47,-0.049
2702,0.573652,-45.42583,6.8,1.293
2704,0.574214,-6.503906,6.9,0.481
2705,0.574374,-52.37309,5.57,0.472
2706,0.574888,47.915542,7.38,0.549
2707,0.574944,-4.546538,7.02,0.732
2713,0.577063,67.516467,7.36,0.183
2717,0.577894,-37.996007,7.42,1.132
2728,0.582046,13.371137,6.39,1.136
2747,0.586005,36.832233,6.58,1.445
2750,0.586477,62.989381,7.26,0.566
2754,0.587154,51.838221,7.37,0.602
2756,0.587466,-3.592846,5.2,0.567
2776,0.591416,54.2035,6.95,0.097
2781,0.592454,-0.50561,5.94,0.444
2783,0.592591,-54.821873,6.04,1.001
2784,0.592843,-39.746292,7.45,0.726
2789,0.593135,53.488911,7.27,0.064
2790,0.593659,67.92596,6.92,2.04
2796,0.594767,-48.000907,5.51,0.461
2808,0.596859,49.02114,6.89,0.615
2809,0.597255,16.569475,7.32,0.435
2826,0.598557,13.207067,6.32,0.517
2835,0.600235,-59.71724,6.91,0.368
2837,0.600515,-5.570721,6.72,0.466
2840,0.600877,-14.973035,6.45,1.063
2845,0.601848,38.25197,7.08,1.641
2846,0.601906,-22.842333,6.06,0.297
2848,0.602306,54.16845,5.08,-0.098
2850,0.602724,24.02543,7.23,1.092
2859,0.605583,27.254763,6.51,-0.07
2860,0.605621,44.638892,7.31,-0.058
2870,0.607595,60.326215,5.78,0.294
2882,0.610449,-65.124445,6.43,1.26
2883,0.610516,-49.132323,6.79,0.639
2894,0.612903,44.488587,5.14,1.587
2895,0.612924,54.957369,6.77,1.419
2897,0.613142,15.231725,5.89,-0.146
2901,0.613795,-76.30958,6.72,0.394
2906,0.61468,33.719344,4.34,-0.123
2914,0.616188,53.896909,3.69,-0.196
2916,0.617102,55.217229,7.43,1.266
2920,0.618664,24.014136,6.18,1.17
2929,0.621206,58.016213,7.39,-0.004
2930,0.621617,11.436575,7.04,0.325
2931,0.621727,-54.393819,6.4,0.995
2935,0.622393,-24.767267,5.57,0.715
2936,0.622561,35.399501,5.45,0.886
2938,0.6229,-37.28808,6.99,0.723
2942,0.624001,40.332378,6.85,0.021
2947,0.625136,3.135351,6.43,1.339
2959,0.627982,21.09973,6.84,1.101
2962,0.629358,72.894853,6.96,-0.005
2988,0.634595,-0.503529,6.64,1.301
2991,0.635097,-41.592245,7.23,0.667
2995,0.635626,-66.042812,7.37,0.611
3001,0.637417,84.674977,7.11,0.554
3004,0.638326,-73.962762,7.43,0.482
3014,0.640937,-45.901309,7.41,0.496
3019,0.642179,-20.296578,6.73,-0.129
3024,0.642623,60.324782,6.77,1.725
3025,0.642602,29.311751,4.34,0.871
3029,0.643367,-23.599234,7.11,0.423
3036,0.644624,-73.137618,6.87,0.114
3039,0.644879,46.956799,6.72,0.96
3050,0.646883,-25.107819,6.43,1.482
3052,0.647017,59.826151,6.72,-0.019
3064,0.649308,26.323756,6.92,1.383
3077,0.652748,49.354589,5.45,1.644
3078,0.653133,-57.967861,6.81,0.471
3080,0.653684,3.133923,7.34,0.633
3086,0.655462,30.861024,3.27,1.268
3087,0.656063,21.250472,5.88,0.85
3108,0.660625,-85.700874,6.81,1.26
3113,0.661306,11.532281,7.43,0.538
3116,0.662114,-11.150781,6.83,0.432
3126,0.663247,82.493762,6.38,0.551
3130,0.664428,-44.796293,6.0,1.142
3132,0.665436,21.438495,5.36,1.16
3136,0.666051,-33.961449,6.68,0.519
3139,0.666521,76.871135,6.73,1.199
3158,0.672167,24.053897,7.21,0.19
3159,0.672229,59.464224,7.04,1.122
3162,0.673448,-7.656663,7.43,0.571
3163,0.673659,-59.454604,5.89,0.564
3164,0.673557,59.513807,7.26,1.92
3165,0.673787,70.708233,7.3,0.026
3168,0.674606,-16.516676,6.49,0.91
3171,0.675075,-55.511476,7.49,1.38
3172,0.675116,56.537331,2.24,1.17
3178,0.675771,-23.804876,6.14,0.718
3181,0.675927,-29.420859,6.75,0.996
3186,0.678437,-4.351841,5.9,1.091
3196,0.679856,-7.232606,7.02,0.62
3198,0.680335,40.187173,7.36,0.937
3203,0.680981,-53.209917,7.37,0.539
3218,0.683116,21.020451,7.05,1.05
3221,0.684837,57.171574,7.44,0.122
3224,0.68533,39.458664,5.3,0.891
3229,0.686632,9.355058,6.52,0.528
3233,0.686867,52.197666,6.74,0.072
3238,0.688766,-46.085007,4.59,0.953
3259,0.692908,-25.196563,6.55,1.244
3260,0.692933,65.868215,6.95,0.579
3262,0.693343,24.629008,6.06,0.298
3271,0.69621,-56.501315,5.72,0.131
3281,0.699309,-43.12482,7.06,0.365
3282,0.699387,59.914714,7.42,0.279
3286,0.700397,40.688258,7.03,0.452
3292,0.700953,66.147592,5.83,1.042
3293,0.701081,50.512526,4.8,-0.105
3309,0.704045,-11.804869,6.78,1.348
3316,0.706071,43.937378,7.33,1.043
3323,0.707869,-65.46803,5.38,0.515
3324,0.708046,27.642911,7.2,0.343
3327,0.708618,58.753411,6.18,-0.004
3337,0.710427,-36.022156,7.07,1.605
3339,0.710553,52.337154,6.94,0.059
3341,0.711117,71.365895,7.22,0.019
3344,0.711485,-65.608495,7.01,0.192
3345,0.711609,-60.262807,5.99,1.318
3347,0.711914,-38.463483,6.05,-0.024
3353,0.713225,30.102583,7.37,1.077
3358,0.713603,45.929529,7.06,1.52
3360,0.713907,64.29128,7.28,0.637
3362,0.714095,-9.921691,6.63,0.529
3364,0.714653,16.662464,6.56,1.181
3378,0.717176,-3.856265,7.22,0.435
3392,0.721525,-45.181336,6.98,1.046
3395,0.721903,-6.336802,7.42,1.333
3398,0.722567,-57.46306,4.36,0.024
3407,0.724466,47.024546,4.95,0.17
3413,0.72649,-17.986605,2.04,1.019
3429,0.73058,-12.011813,6.01,1.107
3431,0.731185,33.310715,6.92,0.311
3437,0.733159,49.070439,7.1,1.05
3438,0.734166,70.823426,6.75,0.921
3447,0.736457,46.235555,7.49,0.475
3448,0.7365,-10.60955,4.77,0.998
3449,0.736683,-38.421686,5.9,1.144
3452,0.737329,-49.385893,6.86,0.139
3471,0.740612,47.863984,5.66,-0.113
3481,0.742107,-62.497591,6.06,0.446
3482,0.743154,-78.082189,6.61,1.079
3486,0.743663,40.679363,7.18,1.613
3490,0.744205,-65.649522,6.55,0.655
3496,0.74542,48.284364,4.48,-0.069
3497,0.745666,-22.006135,5.22,0.35
3501,0.746639,67.158181,6.9,0.492
3509,0.748511,-63.19662,6.94,1.504
3513,0.749187,-42.676558,5.94,0.297
3518,0.749876,-12.144344,7.24,1.059
3519,0.749959,-53.714895,6.15,0.524
3524,0.750668,62.528604,6.62,1.33
3525,0.751102,75.937798,7.19,0.76
3532,0.753044,0.25328,7.01,0.537
3533,0.753563,23.590788,7.4,0.001
3536,0.754774,55.221396,5.41,0.022
3544,0.756702,-4.62916,6.15,1.652
3551,0.757969,-12.88081,6.15,0.603
3564,0.760862,74.988073,5.64,0.078
3568,0.761585,-16.42422,6.47,0.314
3575,0.76265,-47.551985,5.8,0.635
3576,0.762764,56.774887,6.95,0.414
3577,0.76292,26.17304,7.41,1.52
3585,0.766453,-16.652551,7.27,0.448
3596,0.769669,44.861497,6.03,-0.063
3599,0.769929,-22.522097,5.49,0.978
3603,0.770847,55.305381,6.51,0.181
3610,0.77343,30.942642,7.15,0.964
3611,0.773706,-57.927642,7.23,1.17
3612,0.774177,30.951566,7.34,1.122
3624,0.775822,15.475504,5.36,1.559
3626,0.776467,-58.04853,7.39,1.564
3628,0.777021,-30.190936,6.81,1.225
3630,0.777166,46.893784,6.86,1.2
3632,0.777313,69.325408,6.39,0.424
3641,0.778462,59.574539,6.41,1.081
3642,0.779121,21.624329,6.95,0.561
3654,0.781041,46.363614,7.48,0.717
3664,0.783291,-24.216704,7.5,0.231
3667,0.783738,11.973849,5.51,0.987
3677,0.787118,19.578702,6.11,0.27
3685,0.788981,24.267178,4.08,1.1
3689,0.789898,6.740956,5.98,0.941
3700,0.793583,-2.321864,7.17,1.537
3707,0.7948,-31.352965,7.09,1.394
3709,0.795339,-18.061339,5.7,1.3
3711,0.795837,26.291654,6.93,1.085
3713,0.796119,74.847573,5.42,-0.066
3722,0.798562,20.925346,6.51,0.521
3728,0.79973,51.444753,6.86,0.1
3733,0.800296,-21.722492,5.57,-0.058
3742,0.802487,72.674482,5.86,1.01
3747,0.803241,65.11961,6.91,0.95
3752,0.804836,7.299928,5.92,1.104
3759,0.806382,5.280615,5.74,0.89
3773,0.809777,-74.923438,5.09,1.345
3778,0.811373,7.585079,4.44,1.5
3779,0.811417,52.100811,6.82,0.844
3780,0.811462,-28.495431,6.78,0.348
3788,0.812947,78.467251,7.11,0.972
3793,0.813892,50.968168,4.9,-0.091
3799,0.815758,-46.697648,6.28,0.897
3802,0.816308,16.940644,5.07,0.502
3813,0.817961,14.809203,6.95,1.519
3814,0.81826,57.815187,3.46,0.587
3816,0.818392,-21.151134,7.04,0.907
3821,0.819358,28.719274,7.18,0.932
3824,0.82052,57.07502,7.12,1.722
3825,0.82054,-24.136672,5.9,0.944
3831,0.821154,41.081762,7.06,1.018
3841,0.823782,-13.561274,5.59,1.325
3842,0.824094,-23.212483,7.15,0.769
3846,0.825315,46.510961,7.18,1.019
3848,0.825953,-23.362144,6.27,0.132
3855,0.827007,47.763927,6.66,0.277
3871,0.830234,41.078911,4.53,-0.136
3875,0.831433,27.710286,5.55,0.398
3879,0.831932,-0.224138,6.64,1.37
3884,0.832296,-57.386246,7.19,1.558
3887,0.832928,34.974176,7.26,0.609
3891,0.83396,70.774166,6.9,-0.055
3893,0.834379,-43.394921,6.49,0.286
3895,0.834625,81.967228,7.38,1.084
3899,0.835443,-10.644326,5.17,0.514
3904,0.837425,28.368984,7.23,1.096
3909,0.838403,45.002258,6.13,0.043
3936,0.844049,25.584931,7.21,0.903
3939,0.844768,-50.986816,5.24,0.356
3941,0.845442,64.247549,5.35,0.528
3952,0.847896,-71.151433,6.86,0.447
3954,0.848913,77.953527,6.76,0.274
3955,0.849263,51.508032,6.38,0.307
3969,0.853013,-5.039278,6.98,0.663
3971,0.853406,38.042206,7.15,1.345
3978,0.854551,61.805494,6.04,1.88
3982,0.85509,3.38502,6.39,1.069
3985,0.85552,-9.405543,6.89,0.49
3989,0.856135,-38.52883,7.14,0.593
3995,0.856919,32.657075,7.28,0.559
3996,0.857203,63.781169,6.87,0.494
4007,0.858372,41.231859,7.26,-0.022
4011,0.85908,-3.143125,7.25,0.122
4013,0.859386,51.571427,6.22,0.032
4015,0.859691,12.78477,6.7,0.339
4020,0.860276,22.623442,7.14,1.028
4021,0.860366,-8.81834,7.23,1.422
4028,0.863071,48.05657,7.49,1.103
4039,0.86449,-43.70903,6.89,0.362
4041,0.865135,50.774636,7.4,1.087
4048,0.865859,33.889981,6.87,1.375
4062,0.870226,-22.617256,7.13,0.53
4075,0.873477,-69.503764,6.67,0.518
4077,0.874493,21.409939,7.28,0.493
4079,0.874686,13.64878,7.38,0.077
4090,0.877223,45.133404,7.44,1.534
4095,0.877951,-24.005844,5.47,1.275
4096,0.87795,-21.438666,7.44,1.633
4105,0.879229,68.865801,7.2,0.1
4117,0.881047,40.24557,6.76,0.595
4119,0.881493,38.548831,6.7,0.028
4137,0.883471,-1.14426,4.78,1.55
4139,0.883633,-30.356915,7.15,0.936
4142,0.884511,61.12397,4.8,0.54
4145,0.884893,57.219151,7.26,-0.026
4148,0.885491,30.349217,7.27,1.498
4154,0.886793,-24.776876,6.44,0.439
4161,0.888359,19.76649,7.42,0.362
4165,0.888716,49.655639,7.11,-0.015
4166,0.888747,4.086225,7.2,0.362
4169,0.889525,69.956108,7.08,1.481
4175,0.891173,37.418209,6.07,1.139
4186,0.89329,29.080226,7.33,0.121
4188,0.893604,29.489305,6.7,0.872
4190,0.893839,-62.871352,5.73,1.574
4195,0.89459,43.363391,7.19,0.622
4197,0.894815,-4.525588,6.53,0.991
4199,0.89505,-13.92027,7.48,0.944
4202,0.896547,52.689293,6.27,0.191
4210,0.897126,28.558215,7.33,1.033
4222,0.899747,-48.791356,6.82,0.962
4225,0.900108,25.488271,7.26,1.061
4227,0.901396,57.014109,7.41,0.38
4229,0.901683,66.435547,7.05,0.402
4236,0.902768,32.88841,7.22,1.542
4244,0.904152,-57.403107,7.33,1.036
4247,0.904887,-8.740662,6.15,0.911
4254,0.90833,56.319584,7.16,0.29
4257,0.909785,19.188417,5.8,-0.016
4273,0.914667,83.707435,5.59,0.105
4278,0.916139,23.628335,5.46,1.012
4279,0.916228,-45.219942,7.43,1.061
4280,0.916467,24.10027,7.41,0.652
4281,0.916551,-74.302356,6.68,0.987
4282,0.916715,58.972698,4.83,1.216
4283,0.916751,-69.527084,5.45,1.095
4288,0.918114,48.67852,6.28,1.681
4296,0.919382,57.27614,7.43,1.779
4301,0.919976,-47.405965,6.73,0.5
4307,0.920742,24.557062,6.19,1.546
4313,0.922098,6.854241,7.37,1.143
4316,0.923001,-24.660231,7.07,1.013
4319,0.923672,28.559438,7.2,0.201
4336,0.928444,-7.347149,5.88,1.52
4350,0.931378,-53.192541,6.61,1.093
4353,0.932093,-27.775839,6.11,1.674
4356,0.93292,27.209381,6.08,0.133
4361,0.933747,-11.266526,5.35,1.505
4364,0.933934,-3.737974,7.41,0.444
4370,0.935641,-8.023566,7.44,0.554
4372,0.935867,13.95196,6.46,0.962
4373,0.936931,57.996557,6.2,1.376
4379,0.937449,35.228621,6.93,0.114
4385,0.93917,-63.958384,7.17,0.808
4401,0.941856,42.978787,6.53,1.028
4412,0.944432,59.181056,4.62,0.957
4417,0.945143,60.71674,2.15,-0.046
4426,0.945885,38.499345,3.86,0.13
4429,0.946349,-2.729909,6.99,0.292
4430,0.946377,60.362836,5.56,-0.054
4432,0.946974,-25.363367,7.19,0.124
4436,0.948624,68.775657,6.39,0.375
4439,0.948738,64.532283,6.98,0.918
4453,0.953445,23.417648,4.4,0.94
4456,0.954012,54.952441,7.14,0.12
4465,0.955435,61.421895,6.44,0.94
4467,0.955611,52.239935,7.1,1.65
4469,0.955952,-76.553946,7.39,1.086
4476,0.958294,21.486184,7.02,1.099
4486,0.960489,-18.998621,6.92,0.082
4490,0.961012,45.839379,6.1,1.028
4491,0.961016,1.785612,6.97,1.19
4500,0.963931,28.992217,5.44,1.076
4501,0.963949,-1.765981,6.56,1.004
4502,0.964469,-66.560868,7.17,0.823
4507,0.964934,29.521366,7.21,1.246
4509,0.965073,75.493842,7.49,0.14
4510,0.965142,13.695865,6.3,0.895
4513,0.965494,52.136773,7.3,0.11
4523,0.967397,37.499519,7.39,0.278
4531,0.969375,-15.682776,7.07,0.455
4532,0.969411,39.47537,6.55,1.152
4540,0.970198,70.49636,6.97,-0.054
4542,0.970615,33.950885,5.99,1.0
4544,0.971236,45.597145,7.23,0.209
4548,0.971915,21.404495,6.47,0.089
4549,0.972071,6.844312,6.74,1.063
4553,0.972834,-60.696239,6.23,0.096
4556,0.974011,24.522079,7.33,0.499
4561,0.974571,26.785835,7.36,1.534
4562,0.975285,66.351793,5.97,-0.008
4567,0.976766,-29.357449,4.3,-0.154
4574,0.978639,47.036586,6.84,-0.1
4575,0.978831,-19.632671,7.12,1.6
4577,0.978852,-11.379975,5.62,0.949
4582,0.979374,-5.882816,6.57,1.136
4598,0.984179,27.657139,6.99,1.382
4602,0.985157,32.455778,7.37,0.177
4627,0.992301,48.966339,6.9,0.41
4645,0.997135,6.483225,6.14,1.654
4647,0.997486,-8.323171,7.41,1.179
4648,0.997665,-49.750633,7.39,1.579
4662,0.999914,48.019958,7.13,-0.104
4664,1.000771,60.50996,7.09,0.969
4665,1.000988,44.713243,5.69,-0.01
4666,1.001025,-2.019027,7.35,0.46
4678,1.003686,47.318486,7.28,1.436
4679,1.004369,18.199025,7.34,1.073
4686,1.005883,17.226313,7.25,1.019
4693,1.007773,21.249143,6.83,1.372
4694,1.008232,80.545404,6.67,0.393
4695,1.00824,18.691578,7.16,1.099
4699,1.008587,70.982988,6.4,0.135
4700,1.008725,37.791505,7.21,0.13
4703,1.009098,58.364124,7.12,0.197
4706,1.00929,-25.74915,7.34,0.975
4709,1.009811,-36.238245,6.99,1.428
4713,1.011129,-52.582757,7.34,0.402
4714,1.011146,-20.090195,7.22,1.273
4716,1.011223,-1.658624,6.85,1.6
4726,1.013915,-9.373547,7.4,0.221
4737,1.017154,-4.6484,7.34,0.547
4760,1.02174,-38.916527,5.59,1.185
4761,1.021944,45.45205,6.86,0.897
4762,1.021941,-60.860148,6.91,0.65
4776,1.024179,49.54422,6.48,1.099
4779,1.025042,69.358521,6.67,0.019
4784,1.026162,-38.214773,6.61,0.905
4786,1.026201,-6.799532,7.22,1.618
4791,1.027401,-16.265573,6.47,1.184
4799,1.02877,25.292219,6.71,0.783
4801,1.029388,57.816696,6.77,0.28
4819,1.033838,-57.002389,6.12,0.935
4824,1.035457,56.328672,6.71,1.109
4833,1.038433,81.875575,6.9,0.01
4834,1.038463,51.034938,6.48,0.122
4842,1.040674,-31.552005,5.5,0.083
4848,1.041563,8.821559,7.08,0.287
4858,1.043227,27.747951,6.88,0.448
4859,1.04356,-77.551024,7.24,1.39
4865,1.044352,52.850912,7.39,0.033
4868,1.045178,9.132955,6.83,0.498
4869,1.04525,-65.456102,6.25,1.634
4879,1.046971,31.804263,5.5,-0.043
4880,1.046997,-46.397311,5.39,0.9
4883,1.047305,26.299391,7.21,0.406
4884,1.047328,62.60909,7.25,0.914
4892,1.048274,51.798093,6.84,-0.019
4893,1.048407,41.345157,5.95,0.161
4896,1.049058,7.890135,4.27,0.952
4901,1.050423,47.376158,6.46,0.248
4904,1.050705,-4.836601,5.4,1.106
4908,1.052743,53.140421,7.39,1.53
4922,1.054918,-29.525848,6.28,0.932
4923,1.054992,-60.097487,6.81,0.48
4925,1.055151,-41.02111,6.99,1.59
4951,1.06028,61.074823,5.92,0.512
4952,1.060286,58.909217,6.75,1.688
4955,1.060952,84.606879,6.74,0.246
4968,1.063097,6.764834,7.07,0.094
4970,1.063619,1.366846,6.06,0.271
4973,1.064822,47.642295,6.82,-0.055
4975,1.065442,-40.648292,7.03,0.147
4979,1.065947,48.861337,7.19,0.442
4980,1.066319,35.469457,7.2,0.232
4987,1.067265,-40.530594,7.28,0.446
4988,1.06733,52.502161,5.99,1.447
4992,1.067917,38.688535,7.14,1.655
5003,1.070996,57.116699,7.04,1.017
5006,1.071294,54.204246,6.84,0.528
5011,1.072084,61.580184,5.83,0.569
5016,1.073316,-47.940339,6.84,1.596
5024,1.074339,29.658806,6.2,0.443
5032,1.075717,-33.532845,6.44,1.071
5035,1.07679,39.99111,6.77,0.328
5045,1.077892,33.183021,7.07,1.607
5050,1.07878,2.313713,7.21,1.195
5052,1.079665,51.009781,6.53,-0.081
5058,1.080402,-20.732463,7.5,0.488
5060,1.080524,74.372125,6.82,0.044
5064,1.081288,5.656262,6.03,1.525
5065,1.081984,16.242238,7.2,1.673
5070,1.084412,-13.759601,7.3,1.078
5071,1.084821,14.946133,5.64,0.42
5072,1.085503,-71.733949,7.37,1.086
5075,1.085736,-83.590328,7.37,1.08
5081,1.086725,19.197783,7.44,1.567
5089,1.089413,-40.269995,7.18,0.421
5111,1.093579,-9.979323,6.09,1.012
5121,1.094709,21.473181,5.33,0.003
5122,1.094919,21.465442,5.55,-0.048
5123,1.094974,4.198544,7.3,1.131
5130,1.097008,4.908372,6.35,0.383
5135,1.097622,4.90941,7.26,0.484
5137,1.098049,65.971053,7.26,0.104
5151,1.101098,57.756476,7.12,0.019
5154,1.101407,-46.718414,3.32,0.885
5155,1.10143,-9.839354,5.58,0.009
5156,1.101604,3.274671,7.31,1.345
5159,1.101764,-10.985445,6.84,1.0
5160,1.102141,-23.992451,6.12,1.076
5162,1.102329,35.516091,7.41,0.398
5165,1.103111,32.181485,6.28,1.308
5176,1.106318,62.761389,6.52,0.214
5183,1.10738,-35.660665,6.61,0.137
5188,1.107692,-39.856278,6.64,1.548
5192,1.109341,12.956039,6.14,0.962
5196,1.110145,13.884609,7.22,0.448
5198,1.110452,8.360039,6.93,0.301
5208,1.112322,-15.510287,7.17,1.002
5221,1.115002,59.858609,6.87,0.002
5222,1.115287,70.9314,6.63,0.164
5229,1.116702,56.934972,6.41,1.188
5233,1.117773,11.552099,7.22,0.334
5237,1.118664,20.151077,6.99,0.96
5240,1.119292,53.498185,6.31,1.499
5244,1.11972,-1.732081,7.02,0.56
5245,1.119782,-24.855115,7.48,1.185
5247,1.120255,-23.996334,6.36,0.238
5251,1.120523,49.555446,6.81,-0.031
5254,1.120826,44.616657,7.48,1.437
5257,1.121838,-61.775289,5.36,0.884
5258,1.122551,43.523545,7.26,0.403
5259,1.122944,38.028895,7.14,-0.037
5265,1.124644,41.258877,7.24,0.541
5269,1.125559,-41.746699,7.01,0.567
5285,1.129502,-9.78555,5.71,0.446
5287,1.129656,41.513263,7.26,0.032
5289,1.129957,-41.486916,5.21,0.159
5292,1.130434,46.842118,7.41,1.19
5299,1.132544,20.739113,5.56,0.121
5304,1.13324,1.993042,6.44,0.847
5306,1.133559,43.942092,5.04,0.109
5308,1.133701,32.01213,6.23,0.398
5310,1.134414,-61.871615,7.48,0.246
5316,1.136266,44.796111,7.46,-0.076
5325,1.137477,54.92034,5.17,0.704
5328,1.137595,28.867939,6.86,0.371
5333,1.139399,9.908197,6.71,1.661
5335,1.1395,5.649819,5.51,0.334
5336,1.13961,54.231363,7.11,0.078
5337,1.139742,-55.24576,3.94,-0.12
5350,1.142627,58.263449,5.77,-0.019
5352,1.14273,-46.667982,6.89,0.292
5353,1.143164,-10.182264,3.46,1.161
5359,1.144685,70.681539,7.48,0.034
5361,1.145613,86.25709,4.24,1.213
5376,1.14885,9.730505,7.31,-0.058
5399,1.15341,80.011579,6.24,0.922
5403,1.153631,69.686524,6.93,0.24
5405,1.153735,33.941518,7.36,0.141
5417,1.156159,-56.595167,7.14,0.464
5423,1.158368,47.241792,4.26,0.012
5429,1.159718,57.349997,6.65,0.439
5433,1.160875,23.794236,6.65,0.342
5436,1.162194,35.620558,2.07,1.576
5443,1.163667,19.658408,5.57,0.697
5446,1.164394,49.05386,7.19,0.069
5447,1.164515,54.738965,6.75,1.14
5454,1.165814,33.881446,6.97,0.546
5461,1.167581,-26.193742,7.34,1.131
5466,1.168715,-57.694419,6.41,0.888
5472,1.169845,15.673912,6.07,1.535
5474,1.169985,-8.906135,6.4,1.029
5477,1.170998,-56.862962,6.98,0.309
5482,1.17188,42.081475,5.67,0.603
5483,1.17207,25.457763,5.81,1.466
5494,1.175629,64.174558,7.3,0.223
5496,1.175683,52.129197,7.49,0.167
5498,1.175987,2.44567,5.97,1.491
5499,1.176198,51.013332,6.9,0.43
5506,1.177579,68.778621,5.32,-0.014
5512,1.178616,-4.842179,7.32,0.391
5519,1.180696,67.780095,6.55,0.553
5521,1.181179,49.164388,7.3,1.63
5522,1.181745,9.563901,7.23,0.568
5524,1.182975,56.774405,7.24,-0.023
5527,1.183809,-18.804909,7.15,1.496
5530,1.185017,55.149901,4.34,0.17
5532,1.185213,31.424736,5.15,0.261
5537,1.186189,37.724121,5.8,-0.095
5539,1.186272,46.183852,6.6,1.6
5542,1.187479,46.629826,7.31,-0.026
5547,1.188138,-13.503279,7.1,1.494
5554,1.190428,64.202677,5.56,-0.052
5559,1.190894,21.03465,4.66,1.024
5563,1.191381,10.291908,6.49,0.891
5566,1.192245,-12.843083,7.48,0.589
5574,1.194342,30.089638,4.51,1.092
5577,1.194829,65.018854,5.57,-0.072
5582,1.195419,-2.251079,5.93,1.403
5611,1.202898,-73.907068,7.17,0.587
5613,1.204394,-10.940195,7.38,1.09
5614,1.204601,79.673963,5.6,0.008
5619,1.20532,12.281821,6.89,0.494
5624,1.206476,-30.802128,6.54,0.468
5634,1.208512,2.471579,6.55,0.454
5638,1.209465,45.337531,6.13,1.652
5649,1.212616,-37.856479,5.95,0.281
5653,1.212977,-35.205562,6.97,1.05
5654,1.21325,-6.783375,6.59,0.934
5659,1.214719,32.075442,7.0,0.039
5662,1.214968,51.602349,7.3,0.38
5665,1.216002,47.195274,7.07,0.99
5667,1.21652,30.064229,6.24,0.98
5670,1.21731,33.154945,7.41,0.551
5672,1.218335,41.654303,7.24,0.77
5676,1.219398,61.706188,6.4,0.018
5682,1.221163,34.098403,6.73,-0.144
5684,1.221553,62.828869,7.3,1.208
5692,1.223098,-2.550835,7.25,1.132
5697,1.224025,-39.540086,7.26,0.424
5704,1.225721,44.172204,7.43,1.225
5705,1.225769,29.736229,6.74,0.993
5725,1.228857,7.575354,5.21,0.32
5730,1.229152,24.583713,4.67,1.047
5731,1.22924,7.578261,6.44,0.492
5742,1.231139,-4.847421,7.15,0.428
5752,1.233664,-13.475254,6.88,0.312
5753,1.233741,34.492687,7.05,0.584
5756,1.234347,60.883121,7.18,0.031
5760,1.234695,28.529575,6.33,1.684
5766,1.235453,16.133479,5.97,-0.082
5771,1.236248,58.812331,7.18,0.546
5781,1.239103,-50.41634,7.34,1.13
5782,1.239125,30.542061,7.36,0.002
5786,1.240011,-7.922826,5.14,0.448
5793,1.241478,-5.047387,7.5,0.575
5800,1.243275,49.429644,7.34,-0.014
5809,1.244843,-57.383978,7.41,1.348
5811,1.245109,6.995136,6.04,1.081
5816,1.246053,60.939008,7.25,0.469
5820,1.246992,-0.973795,5.7,0.428
5827,1.248423,-15.818801,7.34,0.473
5829,1.250156,-68.81891,7.22,1.0
5849,1.253043,-45.531664,4.97,0.571
5865,1.257855,20.414543,6.99,0.086
5873,1.259902,0.912455,6.71,0.129
5884,1.262704,-68.875927,4.25,0.48
5885,1.262982,9.784866,7.16,0.466
5893,1.264796,20.502211,7.24,1.013
5894,1.264915,-23.973145,7.15,0.312
5899,1.267729,49.896262,7.45,1.601
5900,1.267901,61.907445,7.32,0.417
5901,1.268064,25.769358,6.76,2.608
5913,1.269972,71.743842,5.87,2.042
5914,1.270015,-42.009716,6.58,1.189
5916,1.270176,87.145496,6.2,1.114
5923,1.271922,33.11472,6.04,1.163
5926,1.27347,48.082245,6.61,-0.04
5929,1.274381,23.589459,6.69,0.046
5930,1.274716,-67.431033,6.91,0.378
5931,1.274799,42.93942,6.59,0.594
5934,1.275281,79.910013,6.27,0.44
5937,1.276734,74.026816,7.07,0.056
5939,1.276747,-2.500368,5.42,0.888
5949,1.278358,-41.18044,7.41,1.101
5964,1.28066,21.051858,7.03,0.415
5972,1.283057,-2.27916,6.52,0.563
5979,1.284364,-66.397854,6.23,0.052
5981,1.284739,44.901992,6.11,1.59
5987,1.286052,2.015287,7.26,1.019
5997,1.287946,39.480541,6.69,0.023
6000,1.288749,1.841259,7.47,0.8
6012,1.290033,31.744617,6.36,1.132
6014,1.290636,57.63208,6.86,0.047
6023,1.292496,14.242684,7.18,1.31
6026,1.293057,-65.211773,6.92,1.571
6034,1.294937,44.631914,6.78,1.57
6035,1.295101,-7.659505,6.8,0.273
6043,1.295914,56.631594,6.68,1.021
6047,1.29666,49.008445,6.99,0.65
6048,1.296654,3.614466,5.13,0.071
6051,1.297326,55.445391,7.4,-0.134
6052,1.297455,-67.110484,7.28,1.165
6062,1.299772,-52.105791,7.4,0.293
6074,1.302818,47.419706,6.29,1.357
6080,1.303858,57.803166,6.39,1.589
6086,1.305185,67.816421,6.68,0.02
6095,1.307048,-23.013221,7.3,0.264
6105,1.309218,43.281134,7.13,1.574
6119,1.311725,72.877915,6.99,1.201
6123,1.312267,-43.332916,6.78,1.491
6125,1.312766,72.401433,6.87,1.207
6126,1.313058,37.386275,6.44,0.233
6130,1.314764,39.963267,7.46,1.061
6148,1.317539,45.705877,7.17,1.61
6153,1.31864,80.8618,7.22,0.385
6161,1.319702,76.796608,7.29,1.241
6169,1.322334,-53.636366,7.31,1.446
6174,1.323416,3.289691,7.48,1.154
6179,1.324443,27.264059,4.74,0.032
6184,1.324818,80.894213,6.7,0.022
6193,1.326094,-47.292326,7.48,1.64
6207,1.329251,-68.8982,7.07,0.508
6212,1.330082,-0.509029,5.87,0.635
6215,1.331038,58.208143,6.99,0.412
6220,1.332712,-15.814317,6.7,0.584
6221,1.332858,-57.349158,7.44,0.443
6223,1.334164,-9.883786,6.65,0.405
6227,1.334696,41.970526,6.95,0.352
6228,1.334699,58.231611,4.95,0.683
6229,1.334791,-20.470885,7.48,1.614
6236,1.3366,52.131422,7.48,0.169
6239,1.336833,-60.07425,7.29,1.461
6242,1.337311,-72.749287,7.45,0.332
6244,1.337715,-36.242905,7.45,0.045
6245,1.338336,43.510174,7.06,1.103
6247,1.338733,77.570682,6.31,0.912
6253,1.339605,-28.986893,7.39,1.077
6257,1.341071,-57.338517,7.0,0.545
6258,1.341058,-11.238999,6.16,1.102
6269,1.342937,-3.24699,6.26,1.013
6271,1.343607,54.96235,7.21,0.586
6273,1.344601,51.594779,7.1,0.041
6274,1.344625,-13.889976,6.84,0.989
6276,1.34475,15.696039,7.25,0.84
6288,1.34808,-1.310586,7.35,0.281
6297,1.35121,54.62871,7.34,-0.034
6298,1.35145,64.658131,6.33,0.113
6301,1.352047,28.738207,5.23,1.396
6313,1.35416,22.374685,7.01,1.558
6317,1.354866,-6.159522,6.78,0.966
6319,1.355115,-49.741541,6.75,0.444
6320,1.35535,11.536746,6.89,0.404
6322,1.356836,-50.936935,6.6,1.085
6332,1.358696,74.580266,7.19,0.307
6334,1.358934,-45.137389,7.46,0.368
6344,1.360849,-33.232424,7.01,1.226
6355,1.363571,-66.384128,6.94,0.224
6357,1.364429,50.121984,6.54,1.104
6362,1.366193,12.604167,6.97,0.953
6363,1.366291,-69.71877,7.26,0.424
6364,1.366383,76.238804,6.37,0.283
6365,1.366439,76.710284,7.17,0.826
6370,1.367356,15.789214,7.35,0.505
6371,1.367374,79.025234,7.22,1.26
6379,1.369235,-37.051577,6.71,0.264
6386,1.369858,31.706032,7.3,1.005
6387,1.370163,43.584116,6.69,-0.131
6391,1.371627,18.682704,6.96,0.627
6397,1.372337,45.528778,4.87,1.077
6398,1.372544,-61.329419,7.22,1.651
6399,1.372851,16.825657,7.01,1.078
6402,1.373174,5.251383,7.48,0.344
6404,1.373408,-43.602558,7.03,0.34
6413,1.375134,-19.081208,6.35,0.493
6415,1.376342,-0.449673,6.5,1.079
6418,1.376931,1.726332,6.21,1.482
6425,1.378625,-36.596526,6.71,0.99
6426,1.378641,17.197046,7.16,0.473
6427,1.37874,4.738241,6.87,1.043
6428,1.378738,10.369538,7.47,0.681
6437,1.381556,11.366504,6.77,1.123
6439,1.382344,31.841192,7.45,1.715
6440,1.382432,7.41926,7.3,0.829
6443,1.384019,-37.702379,7.33,1.64
6448,1.385224,9.187626,7.43,0.328
6463,1.388103,-33.548023,6.8,1.524
6466,1.388358,36.514632,6.8,0.031
6467,1.38836,45.332891,7.27,0.019
6472,1.389264,58.142994,6.36,0.457
6473,1.389302,-17.933928,7.05,1.626
6478,1.390264,20.468967,5.97,1.677
6488,1.391933,-30.945617,5.84,1.612
6493,1.393037,-24.352764,6.66,0.24
6498,1.393735,34.245887,6.28,0.829
6500,1.394612,37.714943,5.6,0.276
6501,1.394642,-40.956056,7.21,1.122
6507,1.396337,78.726056,6.07,0.389
6513,1.397463,17.818344,6.59,0.403
6523,1.40039,-8.183257,3.6,1.065
6526,1.400705,-8.007416,6.21,0.235
6533,1.40226,72.847106,7.07,0.57
6537,1.403413,-31.811963,6.85,0.569
6546,1.405188,43.142097,6.69,0.035
6550,1.405695,-6.914656,5.92,0.407
6554,1.406556,36.88348,7.28,0.059
6557,1.407014,57.198238,7.38,1.696
6575,1.411092,-15.660468,6.17,0.924
6577,1.411197,-34.139963,6.69,0.999
6578,1.411329,-41.492549,5.42,1.03
6581,1.411644,-44.528575,6.26,1.122
6591,1.413522,-2.84859,6.17,0.959
6592,1.413577,-6.985988,7.39,0.265
6600,1.41516,3.349414,7.36,0.101
6610,1.416829,-5.946428,6.76,0.233
6617,1.418136,-64.369478,5.92,1.561
6629,1.420138,28.566693,7.12,0.577
6635,1.421976,16.257056,6.99,1.625
6637,1.422189,-59.498658,7.07,0.385
6639,1.422252,1.460854,7.38,0.675
6655,1.426577,23.511519,6.18,0.447
6656,1.427009,-14.598796,4.9,1.231
6665,1.427962,2.972054,6.99,0.441
6668,1.428203,44.78654,7.25,1.009
6671,1.42953,70.979887,6.34,-0.011
6672,1.430216,60.235283,2.66,0.16
6673,1.431212,-3.927391,6.5,1.348
6676,1.431993,-8.504394,6.57,1.108
6678,1.432208,68.130012,4.72,1.047
6681,1.432844,10.406975,7.21,0.051
6685,1.434724,-22.79838,7.11,1.26
6688,1.435765,34.5797,6.34,0.5
6692,1.437573,19.172346,5.35,0.395
6695,1.438018,42.311239,7.23,0.261
6697,1.438517,43.457739,5.98,0.52
6700,1.439887,20.070804,6.44,0.947
6703,1.44093,-0.399034,6.42,1.241
6707,1.441369,-30.275606,7.46,1.214
6718,1.44491,19.240422,5.5,1.106
6719,1.445303,43.691874,6.9,0.387
6722,1.445494,27.246568,6.75,1.015
6734,1.447657,-13.056512,5.51,0.321
6737,1.448209,3.535644,6.59,-0.06
6745,1.449461,-41.747414,6.67,1.349
6746,1.449471,-32.543182,6.57,2.45
6755,1.450911,-20.491518,7.03,1.557
6757,1.451346,-30.235909,6.71,0.976
6759,1.451547,25.439748,7.22,1.51
6762,1.451752,34.377552,6.27,0.453
6772,1.455695,29.770965,7.27,0.418
6775,1.456475,-22.338232,6.43,1.122
6777,1.456988,-20.351805,6.89,0.456
6780,1.457409,41.101158,6.42,0.311
6783,1.45786,-9.297151,6.86,1.429
6785,1.458151,-45.84619,6.96,1.485
6797,1.460477,66.076966,6.98,1.843
6798,1.460825,-71.704106,7.26,0.962
6799,1.460915,45.406687,4.83,0.421
6801,1.461057,5.352787,7.01,0.625
6805,1.461867,31.966549,6.78,1.021
6808,1.462928,-10.901582,6.13,1.32
6809,1.463024,40.335803,6.59,-0.03
6821,1.466512,-22.036935,6.57,0.921
6826,1.466978,-2.035341,7.04,0.34
6828,1.467231,-27.109336,7.41,1.028
6829,1.467407,-20.433694,7.29,1.064
6835,1.468291,-17.261525,7.37,0.379
6844,1.470104,44.049245,6.65,-0.06
6845,1.471137,-12.24604,6.91,0.331
6847,1.471911,-49.005833,6.96,0.788
6848,1.471983,30.557694,6.9,0.505
6853,1.472759,-43.318234,3.41,1.542
6854,1.473032,7.961353,6.22,1.114
6855,1.473433,17.079259,6.6,0.526
6864,1.476208,42.267688,6.66,0.505
6872,1.478255,-68.175116,7.49,1.185
6874,1.478749,-33.763972,6.59,0.303
6883,1.479972,-24.797923,7.03,0.248
6885,1.480483,-36.83309,7.46,1.62
6895,1.482632,-17.937354,6.66,0.457
6897,1.483546,51.686132,7.02,1.011
6900,1.483829,74.205035,7.24,0.673
6901,1.484194,7.29409,6.54,0.352
6911,1.486902,36.627783,7.14,1.209
6913,1.487586,60.035665,7.11,0.738
6925,1.489869,25.275352,6.66,1.199
6929,1.490673,42.2819,7.18,0.453
6938,1.491816,-46.756422,6.25,1.658
6943,1.492288,-9.489087,6.88,0.95
6944,1.492429,-52.366133,7.36,1.47
6946,1.49337,-21.629339,5.11,0.028
6951,1.494736,-13.223832,7.17,0.375
6953,1.494771,22.826193,6.77,0.097
6957,1.495226,-25.617749,6.37,1.141
6960,1.496308,65.171065,6.71,1.334
6965,1.4976,60.251264,7.29,-0.012
6967,1.498017,18.355669,6.01,0.162
6970,1.498248,-5.595894,6.69,0.411
6985,1.501695,47.007274,5.27,0.999
6993,1.503087,6.14382,4.84,1.372
6999,1.505083,59.782049,6.91,1.452
7001,1.505396,-52.493562,7.02,1.499
7002,1.506362,-26.207851,5.92,1.327
7020,1.510876,25.914959,7.25,0.413
7036,1.51446,66.098087,6.15,0.07
7044,1.516371,49.343223,6.84,1.363
7045,1.516601,-4.959681,7.05,0.973
7064,1.520444,70.264604,5.82,0.489
7068,1.520851,-49.072702,3.93,0.972
7069,1.520877,-65.118431,7.24,0.893
7072,1.521257,-49.904002,7.36,0.36
7076,1.522086,29.413089,7.32,0.622
7081,1.523975,38.767123,7.25,-0.062
7083,1.524725,15.345823,3.62,0.974
7086,1.524967,-29.984984,6.62,0.9
7094,1.526101,-19.022985,6.85,0.26
7099,1.5269,-12.258175,7.14,0.312
7100,1.527057,-61.249324,7.39,0.397
7101,1.527502,-45.575712,6.17,0.066
7102,1.527539,-19.032159,7.38,0.996
7103,1.528523,10.889417,7.03,0.988
7104,1.52868,-30.283081,5.79,1.073
7111,1.529931,-10.257328,7.49,0.256
7118,1.531536,-27.703135,7.3,1.117
7126,1.533583,-6.718708,7.46,1.211
7129,1.534201,16.94723,6.78,0.929
7133,1.535438,34.799962,6.39,-0.103
7134,1.535449,-23.64847,7.24,0.286
7142,1.537483,3.685154,7.41,1.5
7143,1.537653,38.271935,7.33,0.933
7152,1.540093,68.408918,6.82,1.238
7168,1.54237,70.019421,6.96,-0.004
7175,1.543438,-49.727713,6.27,0.462
7178,1.545341,63.593803,7.18,1.303
7187,1.546586,35.842678,6.6,1.08
7199,1.548903,-36.865231,5.49,1.021
7208,1.550979,-9.014662,6.6,-0.04
7217,1.553594,-79.926584,7.21,0.122
7218,1.553891,60.686437,7.23,0.287
7221,1.554387,-24.177962,6.97,0.766
7229,1.555077,8.208738,6.31,0.8
7233,1.55591,55.817699,7.13,1.238
7237,1.557142,58.327334,5.69,1.435
7239,1.557319,54.944867,6.92,1.852
7241,1.557975,23.590443,7.37,0.955
7247,1.55922,62.526603,7.07,1.166
7248,1.559411,40.901486,7.43,0.34
7257,1.560901,-78.50482,6.11,0.97
7262,1.561899,-7.025341,5.75,0.639
7269,1.563487,89.015639,6.46,0.107
7275,1.565098,35.608199,6.93,1.596
7280,1.565528,59.23204,4.68,0.991
7284,1.566621,-62.476217,6.91,0.314
7295,1.568175,-28.783548,7.04,1.447
7307,1.571279,37.237146,5.9,-0.067
7313,1.572395,-45.691166,6.92,0.891
7316,1.57317,-28.236674,6.87,1.66
7325,1.576016,68.948137,6.52,0.686
7330,1.577015,35.111729,7.22,1.096
7331,1.57716,-15.676359,5.62,0.066
7340,1.579612,-2.033716,7.47,1.053
7343,1.58024,0.944767,6.9,0.531
7344,1.580288,20.17273,6.65,1.086
7345,1.580296,18.460512,5.9,1.536
7347,1.580775,-31.892317,6.11,1.109
7348,1.580922,-3.523889,6.44,1.341
7349,1.580992,-23.699681,6.41,1.306
7350,1.581005,12.558633,7.28,0.192
7352,1.58127,8.274852,6.96,1.157
7356,1.582805,33.117864,6.74,0.634
7358,1.583613,-29.910333,7.11,0.909
7368,1.5851,-2.335337,7.44,0.181
7373,1.587465,-58.139475,6.03,0.382
7385,1.590041,53.345572,6.86,-0.012
7386,1.59008,63.081968,6.73,0.985
7387,1.59053,56.04373,7.02,0.064
7390,1.59064,-13.381028,7.17,0.593
7397,1.592596,72.442027,6.83,0.768
7405,1.593588,52.163799,7.4,1.533
7407,1.593967,28.269611,6.89,1.03
7422,1.596234,14.661422,6.23,-0.036
7426,1.597347,33.835327,6.53,0.99
7429,1.597382,-39.947126,6.43,0.415
7430,1.59793,41.07642,6.39,1.122
7432,1.598073,-17.532466,7.15,0.712
7433,1.598542,17.433841,5.95,0.259
7436,1.599713,-15.400183,5.41,1.226
7442,1.600791,7.645301,6.78,0.465
7443,1.600856,47.114467,7.07,-0.051
7449,1.602361,-29.907317,5.69,0.335
7469,1.606319,47.325856,7.38,0.939
7472,1.606533,67.615035,7.14,0.066
7479,1.607557,48.722776,6.2,1.237
7480,1.60779,54.696137,7.36,0.009
7488,1.61146,6.718017,7.03,1.108
7491,1.612091,7.831529,6.39,1.605
7492,1.61244,-58.270966,6.18,1.607
7497,1.612984,48.315462,7.42,0.407
7499,1.613299,41.405459,4.1,0.536
7500,1.613424,-48.803905,6.85,0.937
7501,1.613477,59.625998,7.17,0.345
7503,1.613566,-32.297153,7.15,1.388
7521,1.61831,12.141535,5.54,0.347
7535,1.621156,-0.350317,7.08,0.671
7543,1.622832,74.300955,6.58,0.008
7545,1.62302,58.637403,7.25,0.035
7546,1.62318,-82.281828,7.15,0.866
7549,1.623628,55.07081,7.47,0.947
7550,1.623641,25.167769,6.99,0.9
7554,1.624389,-84.769593,5.66,0.939
7560,1.625721,-38.134828,7.27,1.435
7566,1.62714,-9.403782,6.24,0.528
7571,1.628022,12.078382,6.77,0.648
7574,1.628556,-57.236757,0.45,-0.158
7575,1.629014,48.412747,6.77,0.471
7579,1.629778,64.739357,6.49,0.776
7583,1.63113,-3.440678,6.43,1.568
7585,1.631551,-60.511527,7.33,0.629
7587,1.631959,-82.974995,5.88,0.62
7593,1.633205,48.628213,3.59,1.275
7596,1.634364,-46.083821,6.97,1.163
7603,1.635435,57.977631,5.55,1.388
7611,1.636845,62.351782,6.72,-0.015
7614,1.637819,-47.934828,7.28,0.342
7618,1.638866,2.586067,6.94,1.439
7622,1.640197,-83.247764,7.32,1.031
7624,1.640457,-15.871964,7.43,1.271
7628,1.640968,-36.528251,5.94,1.045
7634,1.641876,-42.927902,6.67,0.33
7635,1.641926,73.04004,5.28,0.972
7636,1.642174,45.399706,6.38,-0.021
7641,1.64328,-65.606484,7.11,1.187
7643,1.643686,21.398221,6.66,1.429
7646,1.643968,-32.169328,7.46,0.729
7653,1.645232,46.346458,7.47,1.415
7654,1.645768,-5.735386,7.35,0.465
7658,1.64682,-53.43891,7.11,0.433
7662,1.647221,-25.022198,6.69,-0.078
7664,1.647718,-21.275384,5.58,0.346
7665,1.647722,31.649512,7.49,1.115
7682,1.651991,61.079093,6.88,0.83
7684,1.652106,-56.429373,7.08,0.466
7685,1.652148,36.543349,7.23,-0.001
7687,1.65226,-48.775513,7.29,0.092
7693,1.653973,27.756415,7.15,1.2
7694,1.654226,16.625487,6.74,0.867
7695,1.654289,14.285557,6.74,1.12
7696,1.654601,-29.022434,7.43,0.325
7698,1.654828,54.600502,7.39,0.143
7703,1.655835,44.386165,5.01,0.883
7706,1.655983,-33.564777,6.55,1.152
7719,1.65999,45.877771,6.6,0.69
7725,1.661338,16.405858,5.98,1.119
7727,1.661526,-37.473428,7.24,1.167
7730,1.661752,55.784236,7.4,0.24
7734,1.662773,-17.550446,7.38,1.108
7736,1.663169,-56.1964,5.76,0.88
7738,1.6636,-55.149267,7.47,1.42
7742,1.664941,-22.913392,7.25,1.645
7752,1.666149,41.666735,6.84,0.92
7760,1.66787,40.683762,6.67,0.998
7763,1.668443,-48.7612,7.05,1.615
7764,1.668617,-0.242304,7.27,0.445
7770,1.670167,54.445674,7.44,-0.033
7771,1.670308,53.868278,6.35,1.608
7778,1.671433,39.587736,7.18,0.95
7797,1.675271,59.052824,6.97,-0.04
7798,1.675461,81.429819,7.14,-0.005
7803,1.676337,40.577049,4.96,-0.068
7804,1.676368,8.760769,6.34,0.401
7810,1.677674,43.297687,5.63,0.214
7817,1.679545,-2.621891,6.74,1.21
7831,1.681402,77.968989,6.73,-0.015
7840,1.683513,49.103954,7.4,0.634
7846,1.685338,23.025293,7.45,0.979
7851,1.686709,-33.398241,7.2,1.081
7859,1.688435,25.745712,6.2,0.459
7864,1.689256,-79.1482,6.33,0.947
7868,1.690348,9.072984,7.31,1.334
7869,1.690526,5.487613,4.45,1.347
7871,1.69092,-38.132827,6.2,0.404
7891,1.694233,30.04712,5.97,1.015
7896,1.69478,-50.038638,6.63,0.127
7901,1.695787,-11.324669,5.75,0.443
7903,1.696383,42.613369,4.96,0.618
7906,1.696655,-60.789339,5.7,1.264
7924,1.700807,61.038239,6.69,-0.026
7926,1.700833,-36.832305,5.7,-0.01
7928,1.700968,35.245707,5.63,-0.059
7929,1.701077,43.63999,7.21,0.002
7940,1.702389,-32.32697,5.25,1.044
7941,1.702605,66.792332,6.96,1.16
7946,1.704137,-17.888807,7.45,0.617
7948,1.704915,58.627739,6.35,-0.027
7950,1.705688,68.043021,5.57,-0.049
7954,1.706687,32.961856,6.99,1.556
7963,1.708125,-53.740834,5.52,0.551
7966,1.70827,20.268504,5.24,0.836
7968,1.70889,-8.659507,6.99,1.117
7971,1.709935,-20.172567,7.18,1.414
7972,1.709951,10.244551,7.29,0.284
7974,1.710234,60.548046,6.98,1.306
7976,1.710297,40.377361,6.71,1.356
7979,1.71137,38.515428,7.22,1.173
7984,1.712086,-3.6902,4.98,1.378
8001,1.715493,70.622526,5.18,-0.022
8003,1.715554,-83.367171,7.22,0.71
8004,1.71604,58.11577,7.01,0.429
8005,1.7162,61.421073,6.33,0.013
8019,1.719752,48.516765,6.82,1.874
8029,1.721242,45.322649,6.33,1.02
8031,1.722151,60.551332,5.78,-0.01
8037,1.722619,59.632758,6.57,1.075
8048,1.726728,51.515837,6.66,1.614
8051,1.727438,52.885781,6.76,0.433
8053,1.727675,50.688732,4.01,-0.098
8066,1.729734,55.877486,6.94,0.234
8067,1.730015,74.604504,6.59,1.035
8071,1.730596,32.192015,6.32,0.879
8078,1.731408,49.656446,7.43,0.012
8079,1.731888,-4.765514,6.2,1.537
8087,1.734479,-15.93748,3.49,0.727
8091,1.73656,61.849801,7.31,1.22
8093,1.737148,48.211313,7.01,0.027
8094,1.73725,54.886433,7.27,0.601
8096,1.737552,9.484081,7.15,0.65
8100,1.738317,57.536617,6.18,0.131
8107,1.739668,32.515877,6.73,0.247
8108,1.739767,37.668379,7.19,-0.009
8112,1.740702,46.139692,6.32,1.419
8117,1.742487,-61.018705,6.79,-0.067
8119,1.74332,3.223709,6.73,1.605
8120,1.743551,-34.406063,6.82,1.425
8123,1.744079,36.938343,7.3,0.188
8128,1.745466,-6.766164,6.45,0.864
8130,1.74575,75.872199,7.26,0.333
8133,1.746156,57.089226,6.25,0.062
8138,1.747534,28.458144,7.5,0.003
8144,1.748841,20.083149,6.27,0.72
8145,1.749324,-28.726546,6.95,1.574
8149,1.750139,69.502528,7.02,1.137
8158,1.751387,2.503152,7.19,1.06
8162,1.752253,-14.562321,7.2,0.986
8181,1.755955,-3.169003,7.38,1.649
8183,1.756564,9.157736,4.26,0.942
8184,1.75663,-77.35691,7.35,0.501
8194,1.760763,-25.05261,5.29,0.395
8195,1.761814,8.559238,6.55,-0.026
8196,1.762175,3.667222,6.99,0.138
8210,1.765277,3.417553,6.83,0.362
8215,1.766461,-5.733299,5.37,1.517
8218,1.766959,-27.348831,6.38,0.366
8225,1.76832,-50.816256,5.49,1.615
8226,1.768392,-53.522037,5.04,0.031
8242,1.771979,43.705689,7.48,-0.013
8256,1.776472,17.412696,6.55,0.256
8258,1.777103,-74.738741,7.35,0.803
8273,1.779786,59.156119,7.35,0.606
8281,1.782877,-13.888714,6.7,0.07
8287,1.78439,-3.11545,7.39,0.374
8291,1.785863,10.844238,7.05,-0.017
8303,1.787719,-17.483537,7.37,0.167
8305,1.787972,-41.759926,6.18,1.544
8306,1.78832,58.021221,6.76,1.074
8329,1.793839,-46.257235,7.02,1.666
8332,1.79412,-20.845172,6.55,1.389
8342,1.795086,54.004484,7.44,-0.059
8347,1.795668,63.852501,5.63,0.804
8351,1.796291,-80.176311,6.05,0.338
8354,1.796602,-37.159483,6.33,1.016
8355,1.79667,46.22975,6.33,0.461
8372,1.803038,16.955551,5.86,-0.039
8383,1.805695,-41.495064,7.13,0.637
8384,1.805779,17.022763,7.35,0.681
8388,1.807227,3.685447,5.91,0.97
8399,1.809731,58.457835,7.43,0.279
8401,1.809981,-26.253655,7.11,0.28
8405,1.810235,-14.76524,7.23,1.593
8408,1.810808,37.95287,5.94,0.975
8413,1.811282,7.683928,7.04,1.194
8417,1.81155,32.69021,5.78,0.572
8438,1.81676,1.331529,7.37,0.262
8459,1.820986,47.896924,6.01,0.17
8464,1.822059,-31.072463,6.35,1.222
8470,1.823155,-10.70356,6.72,0.654
8474,1.824214,26.472638,6.9,-0.066
8481,1.826418,-10.68641,4.66,0.333
8483,1.826635,-81.359082,7.48,1.216
8496,1.829992,-64.385964,7.43,1.26
8498,1.83024,-38.402797,6.37,0.523
8503,1.831421,80.886446,7.07,0.033
8508,1.832218,7.223541,7.43,0.621
8510,1.832652,-29.040888,7.2,1.599
8527,1.835714,22.275338,5.83,0.743
8530,1.837318,-58.939622,7.36,1.117
8531,1.837624,-6.704091,7.07,0.569
8532,1.837728,-12.886899,6.88,1.631
8535,1.83893,-47.816392,6.14,0.998
8544,1.840443,-62.957889,7.39,1.107
8571,1.84777,11.043378,5.92,0.302
8574,1.848079,35.845013,7.13,0.576
8576,1.848459,-50.206138,5.94,0.154
8581,1.849198,51.933417,5.96,0.419
8585,1.849798,-54.280671,7.42,1.395
8592,1.850715,47.419539,7.27,-0.015
8601,1.852581,38.023946,7.27,1.595
8602,1.852629,20.514372,6.7,0.33
8604,1.853704,24.652161,7.16,0.366
8607,1.853993,81.374626,7.42,0.134
8608,1.854062,-30.90278,7.2,0.47
8609,1.854701,64.854952,6.54,2.215
8624,1.857321,-39.835935,6.44,1.094
8625,1.857372,-45.471114,7.06,1.314
8626,1.857393,54.92468,7.14,-0.054
8628,1.857676,-10.335038,3.74,1.136
8633,1.858036,-4.220111,7.2,0.316
8643,1.860105,-2.637838,7.18,0.359
8646,1.860365,47.086671,7.45,0.5
8647,1.8605,-6.874143,6.42,1.233
8655,1.861133,-13.233823,6.95,1.518
8671,1.862805,-15.64748,6.44,1.608
8672,1.863105,18.29,6.59,1.102
8673,1.863307,75.589594,6.94,0.491
8677,1.864502,-37.041965,7.43,0.539
8687,1.866476,55.147385,5.53,-0.175
8691,1.867375,10.81056,7.39,0.1
8696,1.869268,50.792794,5.7,-0.067
8700,1.869543,24.117343,6.74,1.136
8716,1.872869,37.429786,6.89,0.44
8732,1.87632,-67.944504,6.77,-0.05
8741,1.878413,-12.727922,7.41,1.389
8753,1.880758,51.474836,6.28,0.05
8760,1.881142,-16.92925,5.78,0.26
8777,1.884696,29.578829,3.42,0.488
8779,1.885055,-1.326944,7.43,0.635
8785,1.886265,28.81892,6.86,1.475
8786,1.886312,37.321152,7.05,0.42
8795,1.888152,40.72979,5.42,1.311
8801,1.889764,-38.594632,6.09,1.125
8805,1.890827,-33.564656,7.35,1.169
8807,1.891417,49.444826,7.07,1.107
8808,1.891648,12.682394,7.07,0.483
8813,1.89217,19.293852,3.88,-0.047
8814,1.892597,3.187536,4.61,0.928
8817,1.89396,7.633937,7.44,1.378
8818,1.894102,-46.302669,4.39,1.597
8828,1.896803,55.597639,6.44,0.185
8837,1.898394,49.942962,6.87,1.348
8840,1.899357,10.614027,6.77,0.468
8847,1.901685,-77.491177,7.01,0.293
8851,1.902462,-57.918976,7.34,1.496
8860,1.905636,69.182258,7.03,1.635
8863,1.906122,-42.49695,5.12,-0.06
8864,1.906153,8.781048,6.6,1.681
8867,1.906584,63.670101,3.35,-0.15
8869,1.906825,11.402697,7.11,1.155
8877,1.909508,68.151222,7.31,0.012
8883,1.910525,40.655959,7.06,1.456
8884,1.910668,20.808035,2.64,0.165
8889,1.911438,78.196474,6.67,1.011
8892,1.91178,39.949261,7.39,0.946
8895,1.912485,50.295774,6.83,1.583
8897,1.913114,13.75701,7.45,0.969
8903,1.914938,40.702034,6.25,1.262
8909,1.915572,-67.647303,4.68,0.931
8910,1.915659,56.582475,6.82,1.151
8911,1.916015,37.12829,6.28,1.169
8915,1.916392,54.188846,7.41,1.017
8917,1.917874,-24.88971,6.92,1.289
8919,1.918724,28.797861,7.34,0.485
8938,1.92213,-60.312484,6.43,0.409
8944,1.924265,76.22456,6.97,0.375
8957,1.9283,-84.751156,6.97,1.628
8959,1.928447,81.958957,6.85,1.641
8961,1.928571,59.27345,7.06,0.004
8964,1.929576,-60.860975,6.07,0.356
8965,1.929688,51.688146,7.26,1.093
8966,1.930063,-55.072174,6.72,0.17
8967,1.93012,30.35465,6.85,0.24
8971,1.930507,-29.113896,7.36,1.029
8972,1.930642,-78.348548,6.15,0.448
8974,1.930844,23.577322,5.76,1.185
8976,1.931293,-68.391895,7.1,0.906
8980,1.93162,1.849982,6.01,0.549
8982,1.9318,37.277786,5.89,1.599
8989,1.932564,-51.608896,3.69,0.844
8990,1.933337,68.685242,4.97,-0.084
8992,1.933529,43.060935,7.31,1.4
8995,1.934053,80.908449,7.09,1.22
9002,1.935927,37.25183,5.69,1.06
9003,1.935945,-49.836446,6.37,-0.081
9018,1.939879,61.281078,7.43,0.09
9023,1.942137,70.203789,7.24,2.239
9026,1.942271,41.892076,6.98,-0.035
9030,1.942954,-32.13833,6.52,0.987
9034,1.943767,-81.499235,6.93,0.38
9035,1.943767,53.304545,7.09,-0.008
9042,1.944499,-22.526785,4.92,1.434
9058,1.947805,52.489417,7.1,1.477
9059,1.94828,-75.365699,7.47,1.375
9066,1.949961,-51.766244,6.1,0.487
9067,1.949976,-25.620204,7.38,1.197
9073,1.952288,-31.084421,7.28,1.168
9075,1.952669,-10.242427,6.42,0.817
9076,1.952792,-47.385277,4.82,0.864
9078,1.953074,71.724943,7.21,0.136
9080,1.953584,-7.813756,7.49,1.319
9091,1.955848,17.817532,5.09,0.921
9093,1.956737,-36.057421,6.98,0.271
9113,1.962151,27.804381,5.84,1.576
9128,1.964736,75.336073,6.62,0.962
9130,1.964821,-65.4247,6.36,0.906
9132,1.965404,40.760604,6.87,0.499
9135,1.965478,23.596061,4.79,0.29
9140,1.965657,41.69456,6.77,-0.073
9144,1.966454,47.09552,6.48,1.203
9146,1.966503,-2.05948,6.52,0.174
9147,1.966987,28.519939,7.11,-0.02
9150,1.967569,49.64274,6.97,1.204
9152,1.967716,31.13438,6.94,1.252
9168,1.97181,59.625952,6.65,0.08
9188,1.974078,-33.066787,6.37,1.006
9190,1.974442,-41.17008,7.23,0.33
9201,1.975896,61.697788,6.02,-0.042
9203,1.975973,49.204352,5.7,1.005
9217,1.979451,-61.569859,2.86,0.29
9218,1.979444,-11.300955,6.46,1.128
9220,1.979569,36.602777,7.31,0.164
9223,1.980603,73.152384,6.87,1.216
9229,1.981799,18.358092,6.79,1.202
9230,1.981824,-21.132686,7.31,0.493
9235,1.982393,-42.949137,7.38,1.604
9239,1.983532,-22.919804,6.62,0.478
9250,1.985168,33.20968,7.14,0.773
9258,1.987068,-15.122255,7.32,1.064
9259,1.987465,67.043518,7.36,0.202
9264,1.988603,24.829046,7.3,0.31
9266,1.988772,-26.432234,6.79,0.023
9276,1.990524,12.294876,6.09,0.186
9277,1.990566,-40.727207,6.93,0.928
9281,1.991955,-13.87246,6.8,1.578
9288,1.993244,21.05857,5.89,1.031
9289,1.993253,-65.448182,7.3,0.423
9293,1.993892,64.621602,5.29,0.002
9294,1.994118,-42.030532,5.57,1.052
9295,1.99425,60.007722,7.29,1.786
9299,1.99475,-66.066558,6.09,1.176
9301,1.995337,41.349873,7.48,0.89
9307,1.996166,-20.824539,5.43,1.64
9308,1.996208,49.478136,7.23,0.435
9324,1.999557,6.035487,6.75,0.999
9328,2.000084,-21.077831,3.99,1.554
9334,2.002544,3.097015,5.89,0.61
9336,2.003536,6.918023,7.41,1.744
9339,2.004113,-3.368309,6.89,0.337
9340,2.004171,44.420013,6.87,1.149
9343,2.004687,-55.012795,6.51,0.97
9344,2.004863,38.597555,7.49,0.06
9349,2.006053,4.389502,7.09,0.941
9353,2.007451,-8.523873,5.43,1.391
9355,2.007799,-41.775712,7.16,1.546
9362,2.008901,-40.731247,7.37,0.653
9369,2.010686,75.952828,7.01,1.858
9373,2.011767,-24.421823,7.04,1.428
9384,2.01346,59.959335,6.72,0.137
9387,2.013739,-8.471719,6.92,0.96
9395,2.015779,-78.870308,6.84,0.576
9415,2.019531,24.444369,7.47,0.925
9417,2.020038,-66.348763,7.49,1.645
9418,2.020456,41.212382,6.85,1.427
9420,2.020759,-30.00183,5.34,0.883
9429,2.025104,17.953855,7.24,1.518
9432,2.02594,23.395449,6.61,0.339
9439,2.02844,-44.713509,5.15,1.471
9448,2.030592,-63.622657,6.88,0.561
9450,2.030669,15.067086,6.54,1.15
9452,2.031201,-74.44573,6.8,1.63
9453,2.031241,7.864369,7.06,0.51
9460,2.032644,70.90702,4.49,0.164
9461,2.03307,61.905045,7.46,1.685
9467,2.034117,2.763759,3.82,0.024
9472,2.035327,22.104101,7.21,0.496
9473,2.035533,28.400214,6.57,1.007
9474,2.035911,75.502166,6.64,-0.03
9482,2.0376,-49.409214,7.28,1.56
9485,2.038359,54.487541,4.99,-0.071
9488,2.03889,46.842506,7.09,-0.053
9497,2.040274,12.685093,6.87,1.077
9501,2.041185,-29.665642,6.4,0.135
9513,2.043077,13.476716,5.97,1.584
9514,2.043127,-21.965777,6.97,-0.106
9516,2.043187,9.081677,7.38,0.774
9520,2.043826,-70.419478,6.89,1.36
9542,2.047705,-23.886628,6.3,1.34
9543,2.047857,-2.377799,6.91,0.197
9544,2.047913,64.901466,6.0,0.029
9548,2.049177,77.916263,6.04,1.107
9549,2.049325,11.018756,6.53,1.297
9550,2.049433,33.284135,5.5,0.029
9551,2.04957,-53.036047,7.28,0.187
9552,2.049602,-15.305932,5.87,0.966
9553,2.050052,64.390018,5.59,0.325
9556,2.050479,3.358616,6.88,0.664
9565,2.052914,73.85057,6.12,0.162
9568,2.053236,0.128507,5.42,0.146
9577,2.057268,72.421294,3.95,-0.002
9587,2.059127,27.481972,7.39,1.074
9595,2.059774,-9.460813,7.28,1.025
9600,2.060927,25.935471,5.64,0.537
9601,2.061247,-4.103516,5.61,1.589
9605,2.061836,18.253238,6.24,1.424
9609,2.063381,-0.340251,5.96,0.851
9617,2.064968,-17.513648,7.03,1.605
9618,2.064984,42.329725,2.1,1.37
9620,2.065325,-45.412904,7.3,0.694
9626,2.066706,8.094867,7.19,0.526
9633,2.07013,-11.85977,6.43,1.498
9634,2.070321,51.967787,6.66,-0.037
9637,2.071295,60.244324,7.36,0.555
9647,2.072544,25.920142,7.14,1.01
9655,2.074844,-29.296819,4.68,-0.156
9656,2.075088,-16.217033,7.5,0.461
9661,2.076193,25.414305,7.43,0.71
9663,2.076413,-54.881689,6.45,0.386
9664,2.076497,-65.136798,7.27,0.418
9669,2.077749,65.103503,6.52,0.003
9679,2.079632,-17.287514,7.37,1.612
9684,2.080836,7.735664,6.44,1.114
9696,2.083474,10.116041,7.04,0.988
9697,2.083738,64.385596,7.1,0.307
9701,2.084398,55.622257,6.53,0.303
9706,2.085315,77.281341,5.27,0.345
9714,2.087858,-28.558204,7.34,1.483
9716,2.087908,-28.378258,7.34,0.924
9726,2.089806,10.076856,7.01,1.5
9732,2.090794,50.643215,6.99,0.508
9741,2.092103,76.11506,5.22,0.954
9746,2.093173,-51.991162,7.47,0.436
9751,2.094794,-71.606702,7.31,1.068
9763,2.096797,7.028415,6.79,0.376
9778,2.10048,41.532866,6.86,0.314
9780,2.100734,74.583715,7.49,0.224
9783,2.102893,46.859894,7.42,0.578
9785,2.10298,-10.276218,6.74,0.311
9787,2.103406,8.248114,6.27,1.636
9790,2.10399,-39.538897,7.08,1.61
9791,2.104063,-4.365038,7.36,0.418
9797,2.105604,-15.446265,6.96,1.394
9803,2.107898,-55.082851,7.02,1.032
9805,2.108141,0.035384,6.29,0.897
9806,2.108225,13.4619,7.16,1.08
9807,2.108401,24.333993,6.89,0.662
9814,2.109423,22.648317,5.03,0.121
9829,2.111822,25.830847,7.25,0.18
9834,2.113417,1.442121,7.05,1.535
9836,2.113651,29.269405,6.75,0.186
9837,2.113676,25.704553,6.01,-0.03
9840,2.114458,-19.138869,6.39,1.143
9842,2.115545,26.32339,7.3,1.049
9843,2.115573,-1.823684,7.49,1.008
9847,2.116369,-65.945754,6.71,0.883
9852,2.117373,-8.60636,6.64,0.932
9861,2.119555,23.462423,2.01,1.151
9874,2.122394,27.237626,7.01,0.103
9879,2.123909,-59.67943,7.5,0.544
9888,2.126187,-0.617418,6.88,0.624
9901,2.129434,18.029443,6.63,0.22
9903,2.129785,5.984835,6.99,1.539
9925,2.134426,15.804543,7.05,1.64
9928,2.134913,-41.88042,6.5,0.205
9932,2.135739,-27.571302,7.23,0.27
9940,2.138064,24.819238,7.14,1.717
9942,2.138744,8.850095,7.27,0.033
9943,2.138824,-10.041335,6.98,0.189
9954,2.141454,37.859077,4.78,0.12
9958,2.142166,-6.677993,6.51,0.879
9960,2.142655,44.459429,6.38,0.965
9967,2.144606,58.423601,5.66,0.595
9976,2.146017,-17.779155,6.07,1.661
9992,2.149129,-31.745445,7.02,1.392
10005,2.15102,41.965489,7.16,-0.037
10006,2.151322,-22.990044,7.27,1.451
10008,2.152187,71.552006,6.57,0.551
10010,2.152537,-2.331962,7.13,0.496
10011,2.152584,-43.516596,5.84,1.197
10020,2.154732,-19.570242,7.08,1.172
10024,2.156184,5.986203,6.97,0.408
10027,2.156419,17.224196,6.4,0.471
10030,2.157036,25.939892,4.98,0.339
10031,2.157062,81.295945,6.05,0.118
10041,2.159058,34.987297,3.0,0.14
10044,2.159381,-45.466816,7.38,0.38
10046,2.159668,-24.345785,6.48,0.289
10057,2.160646,42.858062,7.32,0.495
10061,2.161112,4.232759,7.3,1.079
10066,2.161915,-29.006918,7.42,1.593
10068,2.162556,-51.730867,6.93,0.907
10073,2.163461,-40.866501,6.49,0.43
10076,2.164265,3.769347,6.79,0.24
10088,2.168,-43.815574,6.32,0.899
10092,2.168817,53.843091,6.31,0.948
10093,2.168879,-64.355084,7.5,0.62
10114,2.173334,-76.623705,6.66,0.335
10115,2.17334,56.297111,7.37,1.185
10116,2.173673,-50.823725,6.12,0.812
10118,2.173746,59.979818,6.66,0.334
10121,2.174959,81.481988,6.84,0.4
10122,2.175011,-45.446979,7.2,0.982
10133,2.177109,19.500338,5.68,1.641
10139,2.177859,51.054412,7.46,0.007
10141,2.178238,-28.21926,7.06,1.004
10144,2.179325,-12.926648,7.42,0.321
10153,2.181342,39.039526,6.09,-0.054
10156,2.181502,-75.958839,6.89,1.208
10157,2.181575,39.043286,6.82,0.081
10158,2.181786,23.799141,7.31,0.398
10171,2.184466,-15.070865,6.74,0.079
10175,2.18568,-19.307363,7.22,1.38
10177,2.185905,-59.15191,7.24,1.349
10180,2.186682,25.936938,6.01,1.365
10183,2.188222,-74.501368,7.14,0.986
10189,2.189189,8.569805,5.64,0.569
10192,2.189507,-10.052162,6.0,0.418
10195,2.18976,21.377346,7.33,0.677
10197,2.190283,31.526398,6.24,0.112
10204,2.191443,57.645543,6.38,0.298
10209,2.192307,-18.976759,6.65,0.957
10210,2.192639,-17.742992,6.51,1.622
10211,2.193287,-1.825429,5.94,0.967
10219,2.195394,3.452713,6.67,0.178
10231,2.19842,-47.170362,6.82,1.4
10233,2.198653,-70.950952,7.1,0.995
10240,2.201123,-17.728531,7.32,1.371
10249,2.20438,2.745551,6.49,1.039
10256,2.206191,30.303067,4.94,0.77
10261,2.20816,79.693298,7.17,0.311
10272,2.210427,24.167778,5.96,1.366
10274,2.211555,-2.228105,7.3,1.326
10275,2.211798,-66.154385,7.26,1.2
10276,2.21184,13.918474,7.12,1.15
10281,2.213206,-2.393637,5.65,0.546
10282,2.213355,21.210993,5.23,0.457
10285,2.21388,79.69154,6.46,0.24
10291,2.214434,-34.538669,7.01,1.374
10296,2.21513,-30.723825,5.27,-0.013
10297,2.215276,40.66834,7.19,0.672
10298,2.215536,57.204495,7.0,0.651
10300,2.216665,8.846717,4.36,0.878
10302,2.21694,-21.000137,5.86,1.006
10304,2.217584,15.27986,5.72,1.551
10315,2.220368,40.507588,7.35,0.7
10316,2.220369,44.231652,4.84,1.476
10317,2.220544,-22.871119,7.22,0.955
10323,2.221622,-36.061121,7.41,1.503
10326,2.22252,74.027721,6.25,0.915
10331,2.22481,40.790203,7.37,0.15
10332,2.224933,5.012717,6.51,0.356
10333,2.225131,-33.335286,7.07,1.335
10337,2.225975,53.058589,6.5,1.661
10342,2.226728,51.065818,5.31,0.926
10354,2.228168,25.596152,7.09,0.468
10355,2.228225,58.560586,6.43,0.554
10358,2.228396,-3.032028,7.33,0.338
10364,2.229989,64.855011,7.43,0.156
10366,2.231031,19.614444,6.88,1.115
10372,2.231543,-9.06463,6.43,1.415
10378,2.233987,26.626949,7.27,1.168
10379,2.234022,47.484241,6.05,0.406
10394,2.237366,-67.841441,5.57,1.556
10396,2.238089,66.728286,7.5,1.183
10398,2.238592,-76.357539,6.57,0.895
10401,2.238936,30.72497,7.39,0.384
10414,2.241417,66.524428,6.05,0.641
10416,2.242208,-41.166765,5.91,0.965
10418,2.242366,6.651048,7.11,1.218
10421,2.243607,1.677598,7.17,1.032
10422,2.24388,28.691185,6.35,0.957
10428,2.245043,30.394782,7.08,0.01
10432,2.246208,46.687491,6.9,-0.027
10435,2.246655,-37.532907,7.46,1.236
10438,2.247921,48.782389,6.74,1.089
10442,2.248635,66.321015,7.19,0.439
10450,2.25059,-23.540667,7.06,0.538
10455,2.252139,55.08822,6.81,1.391
10458,2.252669,0.720165,6.76,0.122
10471,2.255386,39.169324,7.29,0.97
10481,2.256774,24.271296,6.8,0.69
10483,2.256998,-41.068979,6.99,1.662
10488,2.257864,-9.466528,6.55,-0.005
10489,2.25794,-67.746366,5.67,1.306
10490,2.257967,52.511086,6.96,1.44
10508,2.261684,67.672283,7.13,0.92
10510,2.261884,25.043043,5.57,0.52
10512,2.262063,-52.206667,7.29,0.508
10517,2.262789,25.782937,5.79,0.439
10524,2.264324,-69.432049,7.3,0.976
10532,2.265387,63.236301,7.04,1.869
10535,2.265635,33.358895,5.25,-0.004
10536,2.265718,79.179167,7.09,0.065
10538,2.266033,47.811937,6.37,1.029
10543,2.267144,-36.471797,7.5,0.534
10546,2.267454,-52.888703,7.14,0.475
10560,2.271073,-9.821246,6.91,0.623
10576,2.274546,2.238131,7.26,1.119
10578,2.275154,-51.512165,3.56,-0.12
10588,2.277106,52.721759,7.47,0.455
10594,2.278268,67.283913,7.01,1.824
10599,2.279251,83.561414,6.45,0.951
10600,2.279553,57.029349,7.39,0.233
10604,2.28035,51.528959,7.44,0.924
10609,2.281032,57.055246,6.48,0.281
10616,2.2826,-6.578296,7.3,0.056
10618,2.283068,-6.422116,5.51,0.962
10620,2.284191,34.224231,4.84,0.607
10633,2.286234,23.767832,6.53,1.025
10639,2.287077,1.860431,7.29,0.374
10645,2.288573,33.847194,4.03,0.019
10648,2.288849,-35.982957,6.7,0.989
10655,2.290357,28.745044,6.99,0.518
10664,2.292749,58.019917,7.48,0.249
10675,2.295944,18.455003,7.43,0.303
10682,2.297871,40.550505,7.42,1.485
10688,2.299258,29.007252,6.68,1.715
10692,2.29996,57.89982,5.75,1.175
10695,2.300203,42.901232,6.89,0.998
10697,2.3004,1.757802,5.6,0.588
10702,2.301049,-23.628007,7.24,0.381
10703,2.301275,57.516321,5.99,1.039
10705,2.301878,29.847288,7.44,0.171
10706,2.302094,19.901164,5.58,0.011
10710,2.30315,48.148263,7.26,0.236
10735,2.307771,-8.359335,7.49,0.989
10746,2.310072,40.27879,7.32,0.424
10748,2.311038,34.487674,7.48,0.629
10750,2.311545,8.180695,6.84,1.095
10754,2.312413,64.42493,7.14,0.529
10758,2.314493,12.992276,6.88,1.211
10761,2.314959,-19.534632,6.87,1.561
10766,2.315831,28.642674,5.29,0.037
10769,2.316097,23.167815,6.45,0.376
10772,2.316255,-25.945687,6.33,0.724
10774,2.316597,85.736156,6.98,0.904
10779,2.317904,57.135497,6.57,0.464
10784,2.319089,19.687707,6.82,0.566
10787,2.31954,3.536836,7.44,0.957
10788,2.319675,46.472261,6.21,0.164
10790,2.320539,57.169232,6.65,0.5
10791,2.320576,50.143854,7.23,1.576
10793,2.321337,47.379973,5.31,0.006
10800,2.322442,-2.977643,6.47,0.966
10804,2.322974,48.955463,6.44,0.427
10805,2.323546,-41.848367,6.36,1.162
10812,2.324636,2.820352,7.28,0.938
10822,2.327021,39.834946,6.63,-0.082
10823,2.327163,52.561385,7.19,-0.063
10828,2.327994,-4.345573,6.5,0.082
10829,2.328204,60.013051,7.18,1.002
10830,2.329023,60.029543,6.94,0.224
10836,2.329733,-68.084377,7.38,0.233
10842,2.331364,31.337484,7.19,0.596
10845,2.331739,-55.944796,5.81,1.57
10855,2.334122,32.318552,7.39,1.669
10858,2.334571,30.188088,6.51,1.223
10864,2.335823,50.958099,6.64,0.521
10867,2.336906,64.336949,6.59,-0.023
10872,2.337721,-50.302221,7.24,1.267
10881,2.339688,-56.784105,6.69,0.948
10893,2.343488,63.873951,7.34,1.449
10898,2.344864,47.310804,6.17,-0.094
10900,2.345255,55.909079,6.76,0.316
10907,2.347121,28.736103,7.46,0.383
10918,2.349499,50.151466,5.57,-0.089
10920,2.349968,55.40797,7.29,1.133
10925,2.350742,42.943962,7.26,-0.029
10935,2.353596,54.510078,6.86,0.456
10937,2.353823,-19.915353,6.53,0.979
10938,2.354025,23.426604,7.46,1.518
10943,2.354299,59.24791,7.44,1.209
10957,2.359378,-48.312242,7.49,0.1
10959,2.359907,44.599972,7.0,0.244
10975,2.362498,-68.659418,4.08,0.034
10985,2.363597,0.970027,7.26,1.552
10987,2.363812,-14.284527,7.32,0.372
10994,2.365399,57.242916,6.4,0.569
10995,2.36573,0.395675,5.29,1.648
10996,2.365848,-49.520537,7.37,0.891
11003,2.367092,-10.777534,5.43,0.364
11004,2.367377,-27.861398,7.19,0.969
11007,2.368051,-17.662169,5.89,1.231
11009,2.368506,22.873594,6.57,0.796
11017,2.369927,-43.199811,6.3,0.991
11018,2.369959,-59.759327,7.47,0.309
11020,2.37011,-0.884852,5.42,0.335
11031,2.371777,-16.507156,7.32,1.154
11034,2.372621,55.845653,5.16,0.369
11041,2.374099,65.242012,7.19,0.571
11046,2.375704,-23.816326,5.19,0.608
11049,2.375888,16.870278,6.78,0.152
11064,2.380644,41.396297,5.81,0.289
11069,2.38123,-73.645792,5.99,1.088
11071,2.381337,68.761915,7.26,1.107
11072,2.381527,57.245153,7.48,0.634
11074,2.381748,41.479924,7.46,-0.204
11075,2.381852,-51.092129,5.9,0.213
11082,2.382673,-18.354982,6.22,0.942
11085,2.383225,17.597892,7.45,0.17
11089,2.383452,57.387006,6.99,0.54
11094,2.385166,-37.576144,6.47,1.592
11104,2.387374,-29.869323,6.96,0.566
11108,2.388145,38.252732,7.13,-0.011
11111,2.388933,52.0831,6.64,0.216
11112,2.389507,-6.19274,7.0,0.304
11116,2.389815,-26.995375,6.8,1.097
11126,2.391327,35.441059,6.75,1.157
11133,2.3932,-55.616802,7.02,0.506
11147,2.397707,55.364861,6.29,0.845
11149,2.398082,33.857825,7.26,1.325
11158,2.400765,42.102295,6.72,1.545
11165,2.402658,-16.254299,6.68,0.311
11167,2.402882,10.272474,7.09,1.228
11179,2.404605,39.828781,7.27,0.505
11185,2.405588,-25.847459,6.45,1.321
11191,2.406476,-3.104037,7.2,0.515
11193,2.406919,50.006546,5.19,0.979
11195,2.407253,-37.361402,6.93,0.497
11199,2.408327,47.372733,7.4,1.808
11201,2.408478,9.713214,6.93,1.093
11204,2.4094,-40.840458,6.17,0.653
11213,2.411517,29.2448,7.09,1.28
11222,2.413627,10.610565,5.48,-0.098
11229,2.414775,-42.159392,7.47,0.266
11231,2.414987,-60.311947,5.36,0.395
11233,2.415634,-3.89282,6.89,1.02
11234,2.416219,-2.780031,6.34,-0.011
11239,2.417708,45.647337,7.42,0.9
11245,2.419452,33.866753,7.16,1.513
11251,2.421036,37.118957,7.35,-0.014
11252,2.421119,56.609823,6.25,0.249
11266,2.42402,-66.494026,6.39,1.511
11269,2.424075,35.041929,6.85,1.065
11272,2.424432,32.407677,7.19,1.465
11277,2.42532,29.880347,7.07,1.42
11282,2.426094,11.971229,7.36,0.495
11286,2.42706,50.278631,4.73,1.532
11291,2.427806,61.549661,7.0,0.214
11306,2.430539,37.013676,7.28,1.689
11309,2.431136,25.159631,7.1,0.271
11318,2.432501,-12.29048,4.88,-0.027
11321,2.433431,-15.341247,5.88,0.116
11333,2.437846,6.292552,6.79,0.399
11353,2.442681,59.658912,6.97,0.989
11354,2.443115,-20.042617,5.89,1.247
11355,2.443878,-51.704176,7.49,0.463
11361,2.445912,-45.999881,7.14,1.106
11363,2.446013,10.565301,6.7,0.333
11364,2.446027,57.679179,7.2,0.632
11368,2.446782,35.614266,7.02,0.244
11378,2.449449,26.040868,6.99,0.588
11380,2.449755,-47.70384,4.24,-0.136
11388,2.452011,27.012395,6.14,1.461
11400,2.456498,10.198326,6.45,0.45
11402,2.456996,59.105595,7.46,0.409
11405,2.457715,31.80128,5.55,1.114
11407,2.457906,-75.740351,7.1,1.131
11411,2.458178,-0.751534,7.07,1.516
11414,2.458914,16.643512,7.24,0.377
11418,2.46068,-6.928723,7.05,0.987
11428,2.463014,-69.523997,7.17,1.269
11438,2.46438,50.569974,6.16,0.435
11440,2.465212,73.71264,7.28,0.352
11442,2.465931,-58.139507,7.45,0.506
11447,2.466647,1.960846,6.45,0.971
11449,2.467139,-33.811039,5.13,0.089
11452,2.467878,-64.299768,6.35,-0.025
11455,2.468792,-65.562996,7.06,1.118
11457,2.469317,8.460054,4.3,-0.053
11458,2.469439,38.841105,7.03,0.316
11459,2.469439,29.66933,5.29,0.311
11461,2.469651,-50.302719,6.96,1.125
11463,2.469925,29.873329,7.25,0.722
11469,2.471163,-36.340846,7.19,1.629
11486,2.474529,53.068442,7.27,1.649
11497,2.47651,-31.102445,6.11,1.106
11514,2.479385,29.687024,7.5,0.57
11516,2.479575,-11.346721,7.05,0.427
11521,2.480139,29.93176,5.89,0.591
11542,2.484437,67.402474,4.46,0.153
11546,2.485412,37.329736,6.78,0.169
11551,2.487133,23.469026,6.2,0.155
11556,2.488156,38.225228,7.27,0.206
11559,2.488617,-21.037993,7.13,0.447
11565,2.489887,-12.910776,7.13,1.058
11566,2.490263,55.536201,6.52,0.091
11573,2.492777,-24.103962,7.34,1.049
11575,2.493129,9.006339,6.95,0.335
11576,2.493155,9.565629,6.09,1.022
11584,2.496147,46.031815,6.71,1.115
11595,2.498709,-22.683197,6.76,0.193
11596,2.498836,39.137071,6.78,1.075
11598,2.499599,57.820716,7.23,0.685
11617,2.503811,-25.186442,6.5,0.294
11621,2.504318,-57.80943,6.76,1.591
11623,2.504611,33.833707,6.26,1.079
11634,2.50637,-51.377367,7.41,0.458
11635,2.506938,45.431639,7.33,1.002
11636,2.507009,47.853743,7.24,1.684
11643,2.508986,25.235036,5.88,0.412
11644,2.509109,-22.545318,6.17,1.581
11646,2.509861,47.810331,7.4,1.104
11651,2.510671,19.855301,6.14,0.247
11655,2.511324,40.167574,6.82,1.355
11660,2.512556,0.255749,6.0,0.168
11668,2.514061,55.548401,6.97,0.429
11669,2.514647,-64.045675,7.17,0.144
11670,2.51511,17.703856,6.21,0.908
11684,2.51979,-67.967872,7.29,0.883
11691,2.521019,46.394952,7.09,0.187
11705,2.524174,58.024789,6.61,1.401
11709,2.52496,1.094209,7.46,0.177
11710,2.525027,2.267182,5.27,1.271
11713,2.525558,27.569257,7.34,0.446
11729,2.527834,-79.109382,5.27,0.981
11734,2.52975,89.264109,1.97,0.636
11736,2.529952,21.375289,7.48,1.289
11738,2.530604,38.121849,7.0,1.169
11741,2.531494,57.697644,7.03,0.689
11742,2.531698,46.585464,7.01,0.366
11755,2.534786,-15.244677,4.74,0.454
11756,2.535045,36.147271,5.15,1.472
11757,2.535137,50.180812,7.11,1.734
11763,2.53595,-1.034896,5.36,1.004
11766,2.536491,-32.606332,6.59,1.214
11768,2.536653,55.458099,6.76,0.363
11769,2.536707,22.006988,7.34,0.366
11774,2.537432,-36.427307,6.28,1.027
11775,2.537434,21.118088,7.45,1.01
11776,2.537533,-45.871247,7.03,0.967
11784,2.53953,40.272459,6.84,0.043
11793,2.541681,-27.003071,7.41,0.217
11802,2.545036,1.033684,7.22,0.894
11807,2.547066,-11.413358,7.37,1.234
11811,2.547952,34.54241,5.84,1.083
11814,2.548372,15.034554,6.0,0.572
11818,2.548834,37.333624,7.47,0.36
11838,2.551952,-34.649967,5.91,1.064
11840,2.55222,29.964643,7.21,1.05
11844,2.552693,42.896181,7.15,0.719
11857,2.554548,-75.893499,6.86,0.45
11860,2.555248,52.308954,6.66,0.193
11871,2.559326,-62.586702,6.79,-0.048
11872,2.559346,31.408434,7.36,1.574
11875,2.560146,18.880018,6.82,0.29
11878,2.561173,-20.001921,6.19,1.1
11880,2.562126,-72.349124,6.84,0.568
11887,2.564041,-29.933237,7.3,0.43
11888,2.564085,-28.232343,4.96,-0.05
11889,2.564255,-60.982703,6.73,0.441
11895,2.56517,-51.093546,6.24,0.509
11897,2.565382,-12.337135,6.89,0.333
11900,2.566219,71.294255,6.55,1.245
11902,2.566291,59.21212,6.98,1.451
11911,2.567677,12.180863,7.49,0.666
11914,2.568564,-74.023358,7.5,0.142
11915,2.568749,-5.635404,7.14,1.08
11917,2.568974,38.73503,6.69,1.097
11926,2.57061,33.792809,6.7,1.26
11929,2.571576,35.150126,7.37,0.1
11940,2.573873,11.604815,6.98,0.005
11947,2.575155,76.718151,6.75,1.733
11955,2.576626,-21.930569,7.02,1.062
11966,2.577857,50.065764,6.98,0.05
11971,2.578507,-7.859445,5.74,1.393
11985,2.583256,-42.1129,7.03,1.54
11987,2.583808,-82.236037,7.44,0.684
11991,2.584482,7.470993,6.17,1.053
11999,2.585404,66.049364,6.93,0.99
12017,2.588869,-3.560602,6.83,0.67
12024,2.590131,-9.350753,7.12,0.015
12026,2.591083,39.66438,6.36,-0.095
12028,2.591865,63.243249,7.31,1.211
12029,2.59209,-50.853396,6.96,0.958
12039,2.594005,-14.945156,6.84,1.122
12041,2.594095,37.312263,5.72,1.389
12047,2.595106,-85.017012,7.22,1.088
12052,2.595502,68.367752,6.64,0.422
12055,2.596336,34.687558,5.38,1.652
12060,2.597257,34.725336,6.73,0.2
12062,2.597909,5.593246,4.87,0.88
12069,2.598594,37.058339,7.42,1.061
12071,2.59909,-17.632697,6.93,0.674
12073,2.59984,-21.403682,7.07,0.941
12075,2.600013,-7.831597,5.53,1.607
12079,2.60036,13.755072,7.26,0.537
12081,2.600716,6.432418,7.0,0.353
12082,2.601357,6.88687,5.79,0.918
12083,2.601197,29.403791,7.08,0.039
12088,2.602204,79.729023,7.44,1.005
12090,2.602574,-30.044978,5.74,1.017
12100,2.604691,67.512928,7.25,0.401
12109,2.608188,-23.919164,7.5,1.026
12113,2.60924,63.496701,7.47,1.205
12114,2.609431,-14.656729,6.91,1.034
12115,2.609742,7.730026,5.81,1.04
12119,2.610049,42.400526,6.8,-0.067
12121,2.610531,12.447639,5.64,0.516
12128,2.611954,31.607667,6.07,1.052
12137,2.613393,51.961233,7.24,0.922
12138,2.613936,-20.121936,6.83,1.117
12149,2.615879,38.733581,5.91,0.502
12152,2.616037,24.648063,7.1,0.41
12154,2.616281,-34.577977,5.78,0.653
12157,2.61681,24.647222,6.48,0.51
12159,2.6172,42.062633,7.28,0.656
12161,2.617316,34.264268,6.78,1.292
12164,2.618096,-28.993294,7.02,0.971
12168,2.618489,32.891092,6.23,0.515
12173,2.619323,2.415468,7.22,0.397
12185,2.622455,39.8961,6.54,-0.114
12193,2.623425,-52.543086,5.3,0.289
12196,2.623925,60.088439,7.41,0.885
12200,2.624416,83.834567,6.67,1.36
12205,2.626172,69.056839,7.33,1.075
12206,2.626211,20.574927,6.92,0.91
12207,2.626676,65.745336,5.8,1.561
12209,2.626694,50.237406,7.36,-0.026
12215,2.628278,-3.396175,5.65,1.021
12218,2.629006,-22.991901,6.77,1.036
12227,2.63072,35.160788,7.46,1.1
12231,2.631463,-33.677249,7.35,1.457
12237,2.632927,-67.300918,6.91,0.91
12240,2.633542,7.695276,6.4,0.431
12241,2.633909,72.818252,5.17,0.896
12249,2.636701,-41.904297,7.23,0.927
12253,2.637546,-41.553297,7.37,1.453
12255,2.638288,37.726715,6.19,0.49
12256,2.638515,-30.194062,5.84,0.476
12268,2.640227,-37.990545,6.48,0.521
12273,2.641098,38.089141,6.29,-0.029
12274,2.641086,30.816626,7.36,0.583
12276,2.641756,-44.73282,7.46,0.309
12281,2.642616,-20.456254,6.71,1.526
12286,2.643557,3.443205,6.21,0.999
12287,2.643704,19.727665,7.2,1.472
12294,2.645625,-52.950848,7.35,0.617
12296,2.646083,33.419088,6.9,1.081
12300,2.646943,21.961408,5.45,0.168
12306,2.648111,-70.679848,6.7,1.431
12308,2.648509,-25.745394,7.15,1.2
12314,2.649532,62.591508,6.66,-0.015
12317,2.64994,14.860444,7.11,1.12
12318,2.650224,-8.927889,6.98,0.702
12322,2.650959,10.637025,6.68,1.106
12326,2.651519,-27.821761,7.12,1.203
12329,2.652093,-52.934806,6.78,0.387
12331,2.652481,-9.83121,6.65,1.008
12355,2.658044,0.328511,4.08,-0.212
12356,2.658808,-64.281719,6.55,-0.073
12357,2.659398,-11.872156,4.83,0.447
12358,2.659574,-66.957314,7.11,1.289
12360,2.659799,-68.266946,4.12,-0.061
12366,2.660942,-20.42806,7.32,0.77
12376,2.663038,-35.024313,7.34,1.413
12381,2.663326,-42.89167,4.74,0.061
12385,2.664136,-66.118359,7.5,0.543
12396,2.666873,-16.308382,7.47,0.186
12399,2.666972,62.601992,7.42,0.081
12402,2.667354,-30.633682,6.52,1.039
12411,2.670117,-9.452875,5.79,0.524
12414,2.671026,6.111944,6.26,0.397
12419,2.671811,29.796405,7.45,0.025
12420,2.672483,49.560253,6.6,0.087
12424,2.673937,32.320438,7.42,0.155
12427,2.674049,-14.44915,6.71,0.261
12445,2.676924,44.091216,7.37,-0.109
12451,2.677666,-54.549911,5.21,0.411
12452,2.677781,-39.855375,4.11,1.006
12454,2.677785,-69.233004,6.58,0.66
12455,2.677974,57.308832,7.06,1.186
12456,2.678075,27.060943,5.3,0.081
12463,2.679817,2.898471,7.08,1.015
12485,2.685165,18.800175,7.04,0.066
12487,2.685468,56.270099,7.46,-0.009
12497,2.687222,-0.695653,5.72,0.511
12507,2.689336,4.427777,6.99,0.307
12509,2.689926,8.527152,7.25,1.349
12521,2.691714,-15.100702,7.27,0.529
12522,2.691738,0.546018,6.69,1.119
12529,2.692814,-14.549276,5.98,0.429
12533,2.693488,-56.297187,7.08,1.351
12537,2.694279,-30.060909,7.38,1.605
12539,2.694678,58.977431,7.09,0.508
12551,2.696757,-3.213807,6.07,1.175
12559,2.69899,71.626398,7.01,1.213
12566,2.700026,10.54481,6.52,1.264
12567,2.700205,30.935784,6.81,1.036
12575,2.701834,-38.383686,5.99,0.917
12578,2.702345,-46.524441,6.09,0.876
12590,2.704144,40.193944,4.91,0.582
12595,2.70513,34.29474,6.94,1.036
12597,2.705191,-16.021401,7.49,0.419
12607,2.706094,20.011465,5.74,-0.017
12608,2.706306,68.064364,7.05,1.234
12614,2.708038,10.741725,6.32,0.064
12620,2.709265,-50.800294,5.4,0.561
12623,2.709942,61.593534,7.03,0.39
12628,2.7115,32.901478,7.49,0.335
12642,2.714023,-28.151325,6.79,0.8
12653,2.716528,53.526105,5.85,1.125
12657,2.717182,48.265245,6.3,1.14
12659,2.717451,55.106019,5.76,-0.11
12666,2.718709,-6.642478,7.27,1.085
12673,2.721678,3.235818,3.47,0.093
12675,2.722287,-40.527905,6.35,-0.022
12679,2.722969,-44.653917,7.5,1.025
12681,2.723376,-34.091379,7.26,1.314
12682,2.723494,-69.159893,6.66,1.0
12684,2.724034,-66.714252,6.23,0.542
12686,2.724198,27.707146,4.65,-0.122
12687,2.724698,-2.531452,6.48,0.981
12692,2.726489,43.537968,6.77,0.263
12693,2.726525,-62.919202,7.44,0.588
12698,2.727494,17.548495,7.29,1.687
12699,2.727693,-33.045518,6.85,0.942
12711,2.730901,25.638343,6.35,0.089
12721,2.732101,-7.912486,6.54,1.16
12731,2.733596,-6.009342,7.07,0.534
12732,2.733714,32.370308,7.37,1.082
12735,2.734766,44.29704,5.43,0.904
12737,2.735375,-13.858696,4.24,-0.122
12742,2.736273,-52.570597,6.15,0.088
12743,2.736523,35.114972,7.23,-0.043
12744,2.736634,49.228448,4.1,0.514
12745,2.736938,-36.307427,7.13,0.761
12747,2.73739,-25.495393,6.96,0.634
12751,2.738642,17.763928,6.4,1.143
12753,2.739037,-32.524715,6.21,0.04
12770,2.742493,15.311862,5.78,-0.024
12771,2.742525,46.841458,6.9,0.445
12776,2.743566,29.460176,7.14,0.367
12788,2.747133,67.82463,5.95,0.136
12795,2.749039,10.114146,4.27,0.311
12796,2.749048,-48.669729,7.41,1.659
12799,2.749328,12.445761,5.17,0.234
12804,2.750305,-22.166532,7.14,0.517
12810,2.751715,-18.572563,4.47,0.481
12823,2.754631,-46.286979,6.84,1.358
12826,2.755106,-20.401645,7.13,0.055
12829,2.755807,4.711629,6.04,0.312
12838,2.757629,-63.704553,5.73,0.932
12843,2.759048,-67.616617,4.83,0.058
12846,2.759153,-42.8387,6.86,0.962
12851,2.760248,-71.23595,6.67,0.449
12860,2.761968,17.021188,7.24,1.38
12867,2.763713,-62.724217,7.19,1.44
12887,2.76891,-25.334645,7.38,1.147
12908,2.773929,-21.660947,7.19,0.387
12916,2.775593,-76.193498,7.38,1.062
12924,2.776616,54.077717,7.17,0.342
12925,2.777831,75.408038,7.19,0.21
12931,2.779195,-21.639521,6.48,0.387
12949,2.782865,35.983523,6.27,0.935
12957,2.784328,35.55468,6.28,0.385
12971,2.786021,60.570764,6.51,0.528
12975,2.786425,-22.48575,6.47,0.398
12979,2.787606,22.960316,7.19,0.947
12994,2.790949,19.371821,6.9,0.68
12995,2.791031,37.791041,6.9,1.346
13002,2.791761,23.636679,7.46,0.427
13003,2.791987,44.272198,6.45,0.637
13007,2.79271,-35.550621,6.51,0.962
13013,2.793902,15.231312,7.48,1.131
13014,2.794057,29.678525,7.1,0.015
13016,2.794096,53.943269,7.29,0.729
13022,2.796568,81.448475,5.8,1.3
13028,2.79848,29.247118,4.52,1.112
13030,2.798704,55.613548,6.92,0.132
13031,2.798867,-12.460649,6.63,1.434
13036,2.799837,15.508023,6.67,1.37
13049,2.802494,-31.423135,7.21,0.996
13052,2.803667,-3.619213,6.85,0.102
13053,2.80391,43.622542,7.43,0.126
13070,2.808125,-5.738431,7.21,1.057
13073,2.808597,-33.783057,6.8,0.974
13075,2.808913,18.28379,5.83,1.216
13079,2.810564,-37.401002,6.66,0.422
13080,2.810678,-20.821079,7.19,1.112
13085,2.812139,31.11519,6.94,0.956
13086,2.812342,-73.841502,6.94,1.61
13087,2.812653,25.076821,7.46,1.035
13088,2.81275,25.188064,5.89,-0.033
13100,2.815419,69.63429,6.26,0.151
13106,2.816416,-45.089991,6.78,0.991
13108,2.817062,-62.806521,5.25,0.101
13110,2.817391,-4.224833,6.91,1.624
13114,2.818169,-32.405898,4.45,0.981
13122,2.819635,47.217945,6.66,1.116
13127,2.820641,57.033245,6.86,1.227
13132,2.821544,17.464309,5.26,-0.066
13142,2.824079,33.936265,7.25,0.5
13143,2.824143,37.326411,6.45,0.422
13145,2.825205,57.084318,6.25,0.786
13150,2.827192,0.920972,6.82,1.02
13163,2.82984,-20.246013,7.37,1.582
13164,2.830824,-24.560311,6.14,0.998
13169,2.831716,-27.941981,5.39,0.013
13175,2.832814,64.630797,7.46,0.36
13176,2.833063,27.260507,3.61,-0.1
13177,2.833426,30.526208,6.72,0.398
13192,2.837438,-35.843636,5.92,0.899
13198,2.838946,-6.80671,7.26,1.442
13200,2.839294,-4.986425,7.15,-0.1
13207,2.840564,31.972887,6.58,0.032
13210,2.841255,-75.066947,4.76,1.337
13221,2.843063,38.318644,4.22,0.343
13223,2.843137,36.948328,6.44,0.617
13231,2.844557,-35.675849,5.48,1.259
13234,2.844945,55.895496,3.77,1.69
13235,2.845167,19.160475,6.63,0.602
13237,2.846611,-39.932224,6.36,0.04
13240,2.847836,-67.522384,6.57,1.007
13241,2.848003,35.393914,6.51,1.476
13254,2.850645,-21.004019,4.76,0.906
13259,2.851728,-40.963213,7.15,1.668
13261,2.852162,-57.192538,7.26,1.526
13262,2.852215,60.417743,7.14,0.322
13279,2.855659,2.172807,7.12,1.192
13280,2.855779,3.056809,7.4,0.316
13287,2.857466,-0.687873,7.42,0.48
13293,2.858218,15.082071,5.52,-0.099
13294,2.858566,35.059741,4.56,1.554
13299,2.859985,-63.540674,6.58,1.226
13305,2.861594,46.841939,5.86,0.903
13313,2.862749,58.314291,6.46,0.104
13317,2.863168,53.031812,6.91,1.337
13326,2.864689,44.894207,6.56,1.159
13329,2.865621,-30.81452,6.38,0.484
13331,2.866171,-49.870254,7.05,1.015
13333,2.866319,68.888497,5.94,0.7
13342,2.868509,65.635221,7.29,0.153
13344,2.869807,37.094094,6.93,1.469
13350,2.870607,-8.267068,7.03,1.433
13353,2.87194,-62.909583,6.03,1.249
13359,2.872911,42.020962,6.84,1.147
13360,2.872968,63.409793,6.78,0.574
13367,2.875497,-27.957664,7.05,1.236
13368,2.87559,-12.769714,6.05,0.862
13374,2.87768,6.474815,7.11,-0.005
13376,2.877757,48.816552,7.06,-0.01
13380,2.878768,-41.392035,6.67,0.17
13387,2.880761,-9.441236,6.31,0.196
13390,2.881118,52.997353,6.35,0.093
13394,2.881786,73.277236,7.21,1.085
13395,2.881846,-65.455291,6.47,1.008
13397,2.882668,60.471341,7.22,0.294
13414,2.886582,16.48346,6.3,0.457
13417,2.886862,-5.249197,7.24,1.129
13424,2.888396,-22.090783,6.59,0.957
13428,2.889186,48.569955,6.23,1.18
13430,2.890105,31.644686,6.61,0.529
13439,2.892885,-38.437004,5.93,0.437
13441,2.892981,-7.750291,7.21,0.415
13444,2.893099,-1.641033,7.46,0.996
13445,2.893144,-22.376308,5.93,1.041
13448,2.893951,1.969318,6.74,0.94
13456,2.895168,38.337488,5.34,0.423
13461,2.896173,9.335815,6.54,1.455
13468,2.897981,-49.889646,7.22,1.044
13477,2.900271,47.160894,6.78,0.046
13478,2.900288,-64.899865,7.23,0.455
13485,2.901797,-50.871402,6.22,1.571
13486,2.901961,-10.442295,6.95,0.435
13494,2.903908,42.588782,6.88,0.537
13497,2.904295,52.762479,3.93,0.758
13498,2.904877,20.565818,7.12,1.26
13502,2.905524,-55.879211,6.61,0.374
13503,2.905776,-64.435578,6.56,1.396
13505,2.905826,7.68022,7.44,0.043
13506,2.906343,51.166942,6.55,1.098
13520,2.910215,-30.890809,6.86,0.972
13524,2.910785,-5.330824,7.32,0.991
13533,2.913099,-0.04824,6.53,1.044
13534,2.913191,-64.00214,6.78,1.018
13535,2.913765,-33.524857,6.9,0.261
13537,2.913844,20.373066,6.96,1.211
13544,2.915049,-14.02486,7.07,0.336
13545,2.915333,17.734755,7.01,0.28
13559,2.918936,3.486877,6.91,0.309
13564,2.920563,0.436771,7.04,1.137
13567,2.9215,16.309189,7.41,0.749
13568,2.92168,80.106621,7.33,0.072
13575,2.922782,27.72238,6.84,-0.028
13579,2.923569,-25.93355,7.38,1.535
13587,2.924507,73.371127,6.58,1.199
13592,2.924893,-25.304656,6.59,1.182
13595,2.925434,2.018274,6.6,-0.038
13601,2.926084,47.30445,7.02,1.059
13606,2.927223,48.340097,7.15,0.125
13611,2.928132,31.043095,6.89,1.749
13620,2.930138,18.33164,5.76,1.452
13622,2.930751,-38.650711,7.03,1.021
13631,2.932452,61.521138,5.59,0.445
13637,2.934491,6.174965,7.28,1.091
13641,2.935386,-26.199702,7.4,0.199
13645,2.937158,8.381563,5.97,0.478
13650,2.937768,29.164069,6.55,0.937
13666,2.940181,64.332442,6.17,1.994
13667,2.940458,-8.898144,3.89,1.088
13668,2.940596,18.023119,5.58,0.471
13674,2.941594,62.609604,7.07,1.812
13679,2.942584,47.164006,6.05,1.305
13683,2.943729,-3.71232,5.16,0.084
13688,2.945602,-36.69957,7.39,1.473
13693,2.946792,-35.377791,6.58,0.976
13698,2.947405,51.261284,6.22,1.567
13709,2.948835,68.177901,7.44,1.0
13717,2.950345,-63.034937,7.28,0.885
13722,2.951271,4.50103,6.15,1.623
13730,2.952676,-21.247569,7.27,1.301
13731,2.952876,0.4478,6.63,0.32
13732,2.952948,-0.574544,7.16,0.908
13734,2.953584,-29.855289,6.29,0.472
13738,2.954086,-24.969507,7.33,0.863
13741,2.954801,31.934219,5.1,-0.007
13748,2.9566,-23.862164,5.44,0.238
13752,2.957958,16.29371,6.9,1.2
13755,2.959063,-38.190925,6.41,-0.018
13760,2.960208,-55.013237,6.74,0.368
13790,2.965228,17.813399,7.03,1.25
13794,2.966263,64.419117,6.63,1.137
13797,2.967314,38.614926,6.06,1.403
13800,2.968114,20.668733,5.8,0.415
13801,2.968258,-23.606012,5.82,1.334
13809,2.970152,-12.005823,6.51,1.031
13813,2.971023,-40.304672,2.88,0.128
13817,2.97188,32.460878,6.61,1.017
13833,2.976665,24.133787,7.41,1.168
13840,2.978355,-2.782877,5.22,0.014
13844,2.97934,13.604442,7.27,1.047
13845,2.979352,39.662728,4.68,0.065
13849,2.979806,-9.776506,6.14,0.221
13850,2.979939,-64.071284,4.98,0.126
13853,2.980379,43.364493,6.65,0.992
13858,2.981409,21.617728,6.69,0.235
13863,2.982447,77.080074,6.88,0.859
13868,2.983072,-43.748328,7.39,0.59
13870,2.983709,-34.189074,6.69,1.604
13871,2.984356,35.183128,4.94,1.235
13873,2.985137,-28.907213,6.14,1.044
13875,2.985631,-55.565354,6.85,1.302
13879,2.986221,19.989837,7.34,0.396
13880,2.986868,21.340429,4.63,0.048
13889,2.989573,6.652102,7.25,0.0
13905,2.992931,-53.908554,6.85,1.223
13908,2.993381,-25.274133,5.69,0.427
13910,2.993442,-7.179953,6.62,1.076
13913,2.993973,-32.507198,6.32,0.002
13914,2.99441,41.032941,5.89,1.445
13917,2.994767,-2.464952,5.56,-0.072
13919,2.995118,-63.628177,7.21,1.529
13920,2.99525,8.907365,4.71,-0.109
13925,2.996492,61.289944,6.84,0.157
13928,2.996867,57.663239,6.86,1.916
13931,2.997164,47.220693,5.47,0.869
13936,2.99872,-13.68344,7.06,1.098
13944,3.000869,-1.804548,7.03,0.31
13946,3.001137,55.188087,7.33,0.126
13953,3.00218,-47.416972,7.5,0.238
13954,3.002198,-41.873975,7.3,1.002
13963,3.003303,38.13174,6.11,-0.057
13968,3.004733,31.124957,7.41,0.439
13972,3.005254,-11.459043,7.36,1.008
13987,3.008751,18.004974,6.74,0.046
13990,3.010107,22.828998,7.13,1.098
14002,3.012261,10.870388,5.93,1.593
14004,3.01345,-20.693735,7.35,1.655
14006,3.014133,-2.878618,6.11,1.751
14009,3.014501,52.351744,5.24,-0.049
14013,3.014864,52.352035,6.64,0.019
14014,3.014851,15.03117,7.31,0.553
14015,3.01494,59.665956,7.35,-0.021
14019,3.015947,-30.362443,7.39,1.136
14022,3.017861,-33.109945,7.22,0.522
14026,3.019451,-7.663012,5.75,1.043
14029,3.019834,40.79659,6.92,1.393
14032,3.020944,36.117893,7.25,1.45
14043,3.023757,1.156178,7.38,0.221
14047,3.024741,32.412728,6.6,1.102
14052,3.027115,-28.091554,5.88,0.794
14070,3.031195,5.336151,6.24,1.041
14073,3.031444,38.878229,6.64,0.237
14075,3.031706,26.462354,5.91,0.141
14076,3.032255,-9.961407,5.84,1.092
14090,3.03591,-6.494543,6.2,0.598
14097,3.037615,-71.902457,5.51,-0.125
14100,3.037992,4.089734,2.54,1.63
14109,3.039588,4.352884,5.62,-0.107
14112,3.039863,-23.624472,4.08,0.163
14113,3.040114,54.363272,7.19,0.294
14116,3.040559,26.60924,6.62,0.696
14134,3.045076,-7.685472,5.32,0.941
14147,3.047848,47.110551,6.72,0.596
14153,3.048849,-46.975036,5.81,1.304
14154,3.048858,-60.797741,7.11,1.409
14191,3.057081,41.560164,7.43,1.639
14194,3.057824,6.226691,6.72,0.342
14195,3.057878,-58.933042,7.2,1.436
14196,3.057958,23.06148,7.09,0.624
14198,3.058376,28.269906,6.38,0.306
14200,3.058873,38.41002,7.14,-0.01
14201,3.058888,-10.975071,7.1,0.495
14206,3.060239,-59.737775,5.12,0.349
14215,3.063063,-21.361456,7.48,0.851
14220,3.063508,60.312419,7.23,0.508
14224,3.064115,6.133298,6.92,0.552
14228,3.065341,-43.898018,6.69,1.349
14230,3.065763,47.84848,6.48,0.301
14246,3.068386,-5.243324,7.18,1.604
14248,3.068958,-47.856751,7.29,0.958
14250,3.069214,61.70583,6.64,0.634
14251,3.069279,38.079494,6.86,-0.008
14256,3.070889,21.472892,7.29,1.079
14257,3.071254,-7.600857,5.26,0.193
14259,3.071387,75.149549,7.16,-0.007
14267,3.074401,40.292789,6.91,1.059
14279,3.077241,1.863604,6.05,1.045
14282,3.077957,15.856023,6.37,1.4
14285,3.07862,-60.196564,7.33,1.408
14292,3.079942,53.50644,2.91,0.716
14293,3.080455,13.797461,7.36,0.943
14309,3.083127,-74.319812,6.81,1.28
14314,3.084347,52.628278,7.13,1.863
14318,3.08627,38.840274,3.32,1.528
14319,3.086471,-8.274247,6.3,1.02
14321,3.086906,-19.081013,7.45,1.159
14327,3.088623,41.120849,7.27,0.065
14329,3.089171,40.582181,6.06,1.011
14331,3.089458,-73.471668,7.4,0.99
14340,3.090747,25.255174,5.45,-0.031
14344,3.092055,-16.608227,7.34,0.435
14346,3.092338,56.705719,4.77,1.018
14351,3.093188,36.798722,6.99,0.181
14356,3.094489,56.068965,6.1,1.049
14357,3.094711,65.156709,7.18,1.177
14366,3.09622,43.702472,6.9,0.747
14381,3.102203,79.418535,5.49,1.569
14397,3.104756,11.665286,7.12,1.82
14403,3.106579,13.18725,5.64,1.087
14419,3.10927,-10.251975,6.69,1.021
14420,3.109303,-6.088555,5.23,1.575
14421,3.109356,-39.780103,7.49,1.635
14426,3.110975,-29.987471,7.14,1.353
14432,3.11202,-72.024873,6.99,1.199
14443,3.114419,30.527057,7.07,0.299
14458,3.120227,-1.80275,6.95,0.968
14465,3.121826,-13.761783,6.97,0.645
14466,3.121947,64.057594,5.89,-0.02
14478,3.123798,17.879995,6.13,-0.123
14485,3.125541,-78.989244,5.67,0.298
14491,3.126401,75.80371,7.14,1.916
14496,3.127602,36.617622,7.36,0.672
14497,3.127725,-61.715827,7.04,0.933
14498,3.127724,1.405957,7.11,1.336
14508,3.129817,47.308709,6.38,0.122
14511,3.130271,-69.26492,6.12,1.011
14513,3.130708,-61.855028,7.09,0.732
14515,3.13079,-27.831151,6.18,0.166
14517,3.130942,62.639513,7.45,1.128
14521,3.132541,-30.313778,7.27,0.259
14530,3.134401,52.213511,6.33,-0.019
14535,3.135628,-61.149868,7.18,1.337
14540,3.136148,40.955648,2.09,-0.003
14550,3.139197,18.795053,6.24,1.56
14555,3.140322,10.795874,7.3,0.437
14556,3.140474,57.01292,6.64,0.637
14561,3.140823,51.166457,7.01,0.187
14564,3.141081,7.643021,7.01,0.279
14571,3.144109,8.471069,6.28,1.026
14577,3.145136,-35.4329,7.11,0.684
14583,3.147282,-64.565263,6.8,0.343
14584,3.147404,58.347785,7.46,0.32
14587,3.147898,-24.887648,7.29,0.678
14590,3.148385,-18.969225,7.19,0.05
14591,3.148384,62.384596,6.47,0.231
14595,3.150261,12.85967,7.23,0.92
14596,3.151005,49.613278,4.05,0.595
14614,3.155592,20.761123,6.41,1.241
14621,3.156155,64.299651,6.84,0.955
14630,3.157832,37.301459,6.95,1.084
14632,3.158258,44.857544,3.79,0.98
14636,3.159618,19.380733,6.86,0.113
14641,3.160206,29.07708,5.74,0.115
14653,3.162682,20.000992,7.49,1.222
14668,3.165796,3.060957,7.46,0.481
14673,3.16758,-63.913605,6.65,0.143
14684,3.169122,27.819766,6.42,0.014
14700,3.171693,-1.694713,7.33,-0.01
14703,3.172015,-74.297091,6.9,0.521
14706,3.172386,45.940414,7.28,1.17
14712,3.174179,26.896233,6.02,1.278
14713,3.174235,-48.734156,6.11,1.118
14721,3.176496,-23.738548,6.37,0.912
14722,3.176651,0.212505,7.29,0.25
14728,3.177443,11.872627,5.97,-0.061
14729,3.177569,-57.809791,6.63,0.879
14731,3.177748,21.892646,7.22,1.065
14737,3.17856,-39.051549,7.0,0.166
14742,3.180321,10.005896,6.95,1.726
14744,3.180628,63.787656,7.43,0.498
14745,3.180983,-11.12509,7.22,1.004
14748,3.181186,32.22649,7.26,1.06
14750,3.182064,2.315846,6.78,1.071
14754,3.183386,53.143299,7.37,0.318
14755,3.183549,64.896266,6.5,0.163
14761,3.184801,-13.264284,6.36,0.614
14778,3.18798,-16.024967,6.25,1.167
14781,3.188163,39.611582,4.61,1.115
14783,3.188549,-3.811595,6.08,1.67
14785,3.189422,13.047845,6.11,1.038
14788,3.18992,38.069424,7.3,1.744
14791,3.190368,57.903118,7.48,2.182
14792,3.191264,-74.665565,7.49,1.035
14797,3.192141,60.63512,7.31,0.156
14802,3.193822,19.726677,4.35,1.033
14805,3.194541,-0.494135,7.09,1.167
14808,3.195229,81.47071,5.92,0.149
14809,3.195248,52.163463,6.9,0.006
14815,3.196972,-29.162823,7.0,1.032
14821,3.197935,-39.023216,7.05,0.561
14823,3.19808,82.903816,7.06,0.983
14826,3.198957,74.393659,4.85,0.035
14827,3.198985,16.165988,7.46,1.61
14832,3.199355,-39.365891,6.98,1.043
14835,3.199682,46.128603,6.96,0.301
14838,3.200456,-56.401543,7.21,1.468
14839,3.200589,0.107675,7.03,1.096
14843,3.201249,-28.987618,3.8,0.543
14846,3.201491,65.084356,7.38,0.323
14850,3.202654,42.375905,6.15,-0.099
14851,3.202646,37.217784,7.29,0.606
14856,3.203151,46.386038,7.18,0.49
14857,3.203957,27.256968,5.78,-0.106
14858,3.204054,-40.409314,7.19,0.218
14862,3.204272,-20.619591,7.04,-0.119
14874,3.206914,16.516735,7.33,0.181
14877,3.207146,-44.41966,5.92,0.44
14878,3.207333,47.725875,6.32,1.425
14879,3.207324,6.660883,5.55,1.011
14889,3.208605,-32.396619,6.97,1.262
14891,3.208877,56.1491,7.45,1.804
14894,3.209209,-57.321549,5.71,2.419
14904,3.210423,-31.129102,7.03,1.362
14917,3.212899,-1.196101,5.07,0.575
14927,3.215112,-47.155232,7.27,0.584
14933,3.216689,-20.026944,6.74,1.193
14935,3.21708,-35.943688,6.29,-0.076
14951,3.219602,31.069051,6.94,1.496
14958,3.221047,-41.379822,7.12,1.412
14963,3.222779,-27.573946,7.03,0.097
14967,3.223297,48.176953,5.93,0.972
14972,3.224301,74.296352,7.3,0.578
14974,3.225286,78.190898,7.28,1.249
14987,3.227207,-29.804129,6.17,1.041
15001,3.230601,-38.809388,6.88,0.172
15003,3.230646,49.568878,7.16,0.032
15004,3.230894,43.863,7.15,1.024
15012,3.231912,18.973337,6.51,1.487
15021,3.234136,0.739355,7.36,0.531
15026,3.234815,59.563463,7.13,0.435
15027,3.235666,15.590418,7.17,0.072
15028,3.235687,40.119036,7.05,-0.046
15030,3.236426,-40.25562,7.37,1.129
15035,3.238098,22.953768,6.76,1.111
15036,3.23811,74.243082,6.84,1.845
15051,3.243373,-2.332796,7.13,1.593
15054,3.244469,-35.557665,6.88,0.74
15055,3.245075,-6.702446,7.17,1.112
15070,3.248068,-59.513507,6.75,1.36
15072,3.24836,21.044441,4.87,-0.007
15080,3.249049,42.503637,6.07,1.093
15082,3.249301,-69.782746,7.24,0.97
15087,3.250075,-26.100459,6.25,0.038
15089,3.251343,-13.827977,7.36,0.987
15093,3.251784,-45.664823,6.75,0.586
15096,3.252099,73.868145,6.57,1.465
15102,3.253071,-64.443882,6.62,0.485
15109,3.254212,-20.019039,7.02,0.016
15116,3.255677,30.556689,5.61,0.012
15124,3.257428,-39.762056,7.08,1.236
15127,3.258164,-18.17488,7.28,0.446
15135,3.258822,-8.770095,6.61,1.154
15149,3.262613,80.130346,6.7,1.069
15153,3.263095,32.856712,6.3,0.366
15154,3.263325,57.14062,5.79,0.644
15156,3.263519,50.95589,6.46,0.1
15159,3.263896,-8.81973,4.8,0.232
15163,3.265951,-77.388454,5.51,0.438
15165,3.266904,-5.918705,6.17,-0.018
15166,3.267182,34.688513,6.25,0.29
15171,3.267903,45.346133,6.15,1.674
15175,3.268402,-7.927056,7.37,1.238
15180,3.269807,-30.827468,6.64,-0.035
15181,3.270057,50.937664,5.04,1.107
15186,3.270915,-11.985927,7.14,1.595
15192,3.272701,-5.730464,6.3,1.648
15194,3.273586,66.380267,6.7,0.049
15198,3.274275,-4.287298,7.09,0.101
15201,3.275755,-35.691183,7.04,0.135
15203,3.276442,32.184018,5.98,0.988
15206,3.276602,-9.154676,6.14,0.407
15209,3.277964,-3.530261,7.48,0.534
15221,3.280302,51.218185,7.2,0.036
15227,3.281964,-31.352188,7.15,0.227
15229,3.282498,23.126759,7.32,1.296
15232,3.283265,60.067489,7.48,0.078
15236,3.28435,28.758958,7.4,0.003
15241,3.285834,6.799888,6.96,0.263
15242,3.286136,-4.139759,7.39,0.311
15244,3.286515,40.482979,6.44,-0.027
15247,3.286777,17.572937,7.41,1.72
15253,3.288168,-23.520269,6.61,1.503
15259,3.289336,78.874997,6.76,0.257
15266,3.290663,7.655807,7.38,0.567
15267,3.290722,-47.751664,5.84,1.228
15271,3.292093,65.658367,6.41,0.079
15285,3.29446,31.127048,6.4,0.574
15291,3.295555,38.639222,7.26,0.609
15293,3.295903,-62.575322,5.53,0.641
15296,3.296042,39.283373,5.97,0.056
15300,3.296485,44.025024,5.49,-0.06
15315,3.299728,-66.926853,6.03,0.133
15316,3.29973,-10.442873,7.02,0.93
15319,3.300717,-28.797075,5.93,0.337
15333,3.303309,-62.506363,5.24,0.6
15342,3.305538,24.081817,7.25,1.178
15344,3.30614,-22.511118,4.86,0.904
15345,3.306229,-0.930288,5.62,1.05
15356,3.307538,15.177348,7.42,0.79
15361,3.309039,44.719553,6.95,0.109
15366,3.310482,50.222174,5.16,-0.073
15373,3.311429,-18.559794,5.72,0.381
15378,3.312174,34.222653,4.85,1.491
15395,3.315163,-57.978925,7.45,1.056
15399,3.316037,-73.986235,7.23,0.413
15402,3.316798,-65.888111,7.41,0.519
15403,3.317193,-2.843195,7.05,0.655
15405,3.318787,50.094966,5.05,-0.067
15406,3.319403,-65.728031,7.31,0.175
15414,3.321594,-35.004232,7.06,0.373
15418,3.321979,39.055476,7.27,0.362
15419,3.322693,3.370198,4.84,0.681
15436,3.325278,-21.757864,3.7,1.614
15438,3.325893,44.004478,7.45,1.022
15441,3.326363,-24.122902,5.63,1.663
15463,3.32914,1.198982,7.27,1.0
15465,3.329586,-18.844272,7.06,0.068
15467,3.329934,19.076249,7.43,-0.047
15469,3.331112,13.377072,7.12,0.783
15471,3.331944,-43.069784,4.26,0.711
15475,3.332166,27.071134,5.91,0.86
15476,3.332227,8.699773,7.44,0.04
15477,3.332464,75.2375,7.35,0.07
15478,3.332629,-34.011897,7.45,0.92
15481,3.333129,65.652292,4.74,-0.108
15484,3.333843,1.483623,6.73,0.949
15488,3.334319,-28.854071,7.36,0.63
15492,3.335071,50.968761,7.07,0.046
15495,3.335261,69.731312,6.6,-0.01
15502,3.337215,46.781004,7.5,1.273
15508,3.338783,77.73474,5.44,0.211
15510,3.338989,29.048458,4.47,1.555
15512,3.339157,45.873643,7.5,1.665
15513,3.339236,23.689288,7.46,0.279
15515,3.339559,55.537077,7.15,1.168
15516,3.339813,19.872715,6.9,1.223
15517,3.339905,51.618359,7.29,0.01
15518,3.340437,25.662739,6.14,1.241
15521,3.340782,24.5432,7.31,1.209
15526,3.342696,12.346597,7.34,0.468
15529,3.342987,-65.785889,7.25,0.316
15543,3.345717,-26.287801,6.92,0.407
15546,3.345889,-26.606506,6.4,0.542
15558,3.347629,20.509429,6.78,1.168
15563,3.348293,68.457006,7.3,0.958
15575,3.350676,-68.53336,7.03,0.294
15576,3.350915,73.699129,6.87,1.297
15580,3.35189,3.67562,5.7,0.964
15588,3.353784,21.147086,5.27,-0.067
15595,3.355292,61.999185,6.76,0.027
15604,3.35667,-23.635135,5.5,0.885
15609,3.357381,43.329651,4.96,0.051
15613,3.358278,45.38705,7.41,0.02
15616,3.359286,-47.776661,6.4,0.989
15622,3.361647,-20.324651,6.69,0.027
15630,3.364577,49.070905,5.94,0.468
15638,3.366338,-15.458721,7.26,1.152
15648,3.368077,4.210598,7.47,1.154
15653,3.369265,-46.763361,6.9,1.28
15657,3.36997,27.607553,5.55,1.1
15658,3.370013,42.822138,7.36,0.224
15661,3.37119,-25.587802,6.36,0.01
15663,3.371227,-21.100138,6.73,1.213
15665,3.371764,31.414261,7.5,1.158
15682,3.375308,32.239862,7.4,1.902
15698,3.379234,20.742069,5.1,1.231
15721,3.384702,26.900933,7.23,0.18
15731,3.386997,49.213269,5.32,-0.076
15736,3.388148,-17.439481,6.7,1.007
15737,3.38825,-7.794098,6.2,0.702
15742,3.389978,30.983978,7.38,1.185
15753,3.391895,82.149869,7.01,1.551
15756,3.392445,58.722021,6.58,1.271
15760,3.393126,-40.076389,6.9,0.84
15761,3.393418,0.910087,6.47,1.154
15768,3.394164,4.882105,6.37,0.851
15770,3.39436,-27.930002,7.4,1.215
15777,3.395727,-32.707089,6.51,1.372
15780,3.396478,48.604417,7.0,0.002
15799,3.400252,19.907062,6.83,1.63
15801,3.400636,-69.624606,6.14,0.482
15804,3.401167,74.17099,6.93,0.451
15806,3.401769,-41.231884,7.2,1.011
15808,3.402173,-20.931353,7.14,1.111
15811,3.402814,12.62959,6.03,1.227
15820,3.404506,-24.300724,7.09,1.297
15822,3.405132,24.724063,5.5,1.19
15824,3.405378,49.86118,1.79,0.481
15827,3.406531,-31.126747,7.35,0.892
15828,3.406531,-57.551109,7.44,0.975
15830,3.406837,-13.992951,6.87,0.142
15831,3.407255,20.803489,6.07,-0.028
15832,3.407357,40.043845,7.36,1.404
15837,3.408249,33.535962,5.78,-0.001
15843,3.409578,22.040317,6.91,0.11
15844,3.409596,-45.663875,7.05,0.314
15845,3.410057,-51.062657,6.5,0.003
15847,3.410268,-76.746289,6.8,0.2
15851,3.411267,64.585996,5.13,2.038
15861,3.413554,9.02887,3.61,0.887
15862,3.413604,28.652546,7.12,0.132
15883,3.417943,10.976461,7.29,0.152
15887,3.419274,41.257301,6.52,0.047
15888,3.419347,-4.478203,7.22,1.03
15889,3.41961,12.485374,7.42,0.277
15891,3.419888,-29.843088,7.26,0.992
15894,3.420224,-37.152688,7.16,0.143
15904,3.421731,58.694537,6.85,1.068
15905,3.422089,40.95333,7.24,-0.049
15907,3.422309,-4.655254,6.99,0.94
15914,3.423311,31.731096,7.31,1.51
15929,3.426737,-69.336436,5.96,0.415
15930,3.426801,-27.272489,7.4,0.952
15933,3.42714,45.515561,7.5,-0.3
15940,3.429966,53.921522,6.51,0.298
15944,3.430488,73.207437,7.06,1.325
15947,3.432124,53.32272,7.46,0.144
15948,3.432177,-35.920885,6.39,0.082
15949,3.432604,49.120757,6.09,-0.073
15962,3.434575,49.745585,7.12,0.367
15972,3.436346,48.384042,7.5,0.04
15976,3.436606,-41.63694,6.33,0.054
15990,3.43959,-27.317479,5.93,0.934
16001,3.442851,60.281504,7.45,0.988
16002,3.443,63.195146,7.27,0.924
16003,3.443163,28.715087,6.47,0.882
16009,3.444577,72.206026,7.13,0.232
16014,3.445616,-28.560915,7.48,1.194
16019,3.447011,0.026175,7.05,1.48
16021,3.44805,66.210978,7.18,1.238
16022,3.448253,43.655717,7.3,1.242
16036,3.450641,34.429504,6.76,1.051
16038,3.450894,18.756554,6.54,0.188
16039,3.451434,48.205509,6.85,-0.027
16044,3.45282,9.73268,3.73,-0.082
16047,3.453846,2.280174,7.4,0.12
16055,3.455188,12.735289,6.29,-0.025
16069,3.458876,5.870437,7.19,1.266
16073,3.459281,-35.681323,5.71,1.284
16074,3.459698,-39.880567,7.1,1.507
16079,3.460823,49.599917,6.93,-0.007
16085,3.46149,-14.36658,7.22,0.05
16089,3.462159,-43.855886,6.73,0.501
16090,3.462539,83.528316,7.31,1.51
16098,3.465493,47.735932,7.27,0.038
16101,3.466233,-77.613255,7.41,1.046
16103,3.46693,-11.2866,5.74,1.102
16104,3.467055,20.464261,6.72,0.471
16108,3.467517,49.062866,4.99,-0.091
16114,3.469311,-12.753998,7.39,1.254
16117,3.469867,-35.853426,6.49,0.126
16124,3.471464,-57.882229,6.69,1.58
16126,3.471729,44.377236,6.52,1.645
16129,3.472416,33.807557,5.72,0.048
16138,3.473216,60.255672,6.49,0.014
16142,3.474046,22.804006,6.03,0.951
16143,3.474299,-13.209295,7.15,1.545
16147,3.475053,40.171026,7.04,1.076
16149,3.475867,43.75359,7.21,0.226
16154,3.476761,11.390529,6.74,0.965
16164,3.479625,30.375343,7.06,0.305
16166,3.480046,20.624079,7.33,-0.067
16167,3.480281,35.80747,7.14,1.16
16170,3.4812,49.848384,5.58,-0.054
16172,3.481568,49.070324,7.47,0.117
16173,3.4817,69.282825,7.35,0.505
16176,3.481856,-33.655298,7.16,1.274
16179,3.482562,40.186469,7.32,0.722
16180,3.48292,14.996787,7.38,0.036
16185,3.48439,3.248704,6.41,0.79
16187,3.484482,59.94033,4.21,0.419
16194,3.487152,45.04932,7.13,0.28
16203,3.489456,49.508948,4.67,-0.096
16204,3.489558,-62.937527,4.71,0.41
16210,3.490461,-19.55437,7.28,1.19
16211,3.490633,46.937868,6.21,0.131
16220,3.493068,-23.475722,6.88,0.442
16222,3.493341,-12.674737,5.57,0.171
16226,3.494205,-6.804458,6.01,1.02
16227,3.495157,16.762335,7.05,-0.052
16233,3.496961,-22.505475,6.79,1.065
16236,3.49774,49.213437,7.28,0.099
16241,3.49854,58.87875,4.55,0.489
16244,3.498656,-42.634256,5.76,0.205
16248,3.499429,-35.748628,7.22,0.185
16249,3.4997,-78.35185,5.68,0.932
16251,3.500057,55.451808,5.09,0.022
16262,3.503039,59.365947,6.14,0.095
16266,3.50363,55.375045,7.05,1.982
16267,3.503686,-11.646314,6.77,0.732
16269,3.503773,-41.369937,6.12,0.489
16275,3.504917,52.894812,7.28,1.355
16278,3.505387,71.863897,6.37,1.772
16281,3.506797,11.336442,5.14,-0.041
16284,3.507325,10.458766,7.0,1.458
16285,3.507495,47.063279,7.03,0.081
16294,3.509579,47.995216,4.36,1.367
16298,3.51026,-47.375125,5.98,0.116
16299,3.510262,48.103596,5.82,-0.033
16300,3.510294,-5.075145,4.74,-0.092
16307,3.511126,-19.435585,7.45,0.666
16309,3.511275,-9.730245,6.86,1.315
16316,3.512521,42.202438,6.92,0.387
16317,3.512617,6.188703,5.93,0.953
16321,3.51306,5.367028,7.03,0.95
16322,3.513239,5.152625,7.34,0.436
16323,3.513639,-18.46614,7.39,1.156
16327,3.514359,-66.489714,5.81,-0.055
16328,3.514549,12.936678,4.14,1.112
16329,3.514582,-62.007945,6.79,0.534
16345,3.517628,27.731548,7.44,0.04
16347,3.517774,-0.481203,6.64,0.119
16353,3.518495,50.481492,7.37,0.247
16357,3.519203,39.147736,7.31,0.377
16365,3.521022,41.726457,7.32,0.028
16368,3.521392,-55.249205,7.12,1.53
16369,3.522193,27.571805,6.99,0.052
16370,3.522431,27.571823,6.61,0.031
16373,3.522534,17.938176,6.79,1.545
16376,3.523464,-59.856978,7.41,0.188
16377,3.523482,-33.54558,7.23,0.99
16383,3.524818,49.20977,6.29,0.067
16385,3.525081,40.759934,6.5,0.243
16389,3.525869,47.862416,6.77,-0.027
16395,3.527794,-3.497679,7.17,1.007
16396,3.528165,78.014469,7.32,1.219
16406,3.530288,49.401093,6.41,0.075
16408,3.531568,-25.614149,6.38,0.12
16409,3.53165,48.735145,6.62,-0.025
16429,3.535721,48.023476,5.47,-0.101
16430,3.535727,62.26799,7.16,1.191
16432,3.535952,42.749323,7.27,0.123
16437,3.536651,11.542426,6.79,0.035
16444,3.537605,-7.090118,7.31,0.488
16445,3.537896,44.840686,7.24,1.426
16447,3.538222,40.920731,6.73,-0.009
16449,3.53882,84.91104,5.62,0.894
16458,3.540631,46.056862,5.3,0.398
16459,3.540662,-24.616419,7.03,0.116
16468,3.542992,-50.378646,5.67,1.101
16470,3.543319,9.373438,5.76,-0.072
16475,3.54416,44.855759,6.42,-0.007
16476,3.544417,35.659294,7.29,0.503
16477,3.544449,35.461729,5.91,-0.084
16481,3.545334,-61.394056,7.3,1.051
16489,3.547521,5.254597,7.33,0.965
16490,3.547642,-61.016872,6.42,1.037
16496,3.548848,-9.458262,3.72,0.881
16497,3.549315,16.598428,7.03,0.503
16499,3.549909,-67.41949,7.48,0.521
16511,3.552155,35.398918,7.29,0.891
16513,3.553174,-10.045405,7.34,0.407
16515,3.553377,-1.860637,7.42,1.073
16529,3.555816,47.950084,6.6,0.327
16531,3.555887,13.782416,6.9,1.06
16539,3.557366,65.551949,7.18,0.118
16546,3.558944,58.76524,6.45,0.168
16548,3.559572,-62.640474,7.41,0.358
16550,3.559731,39.899478,5.79,0.139
16558,3.560855,54.974857,5.98,0.114
16561,3.561455,57.868725,6.37,0.523
16565,3.562446,6.926006,7.16,0.906
16566,3.562562,-15.127901,7.05,0.455
16570,3.563132,-21.632883,4.26,-0.106
16583,3.565081,-30.628022,7.16,1.075
16587,3.565776,-31.080114,6.2,0.482
16600,3.568993,17.832828,6.14,0.891
16608,3.570266,48.617462,7.35,0.038
16620,3.573549,-65.764222,6.74,0.163
16623,3.574062,24.464393,5.95,0.123
16625,3.574958,-34.832417,7.04,0.384
16631,3.575996,-31.874801,6.39,1.404
16636,3.577075,-9.868261,6.25,0.019
16641,3.577323,-62.557291,6.97,0.166
16648,3.578576,-54.322273,6.84,0.436
16655,3.5803,6.417691,6.49,0.642
16656,3.581223,-25.582825,6.48,0.985
16671,3.583617,60.041429,6.43,0.433
16672,3.583665,32.016771,6.66,0.429
16676,3.584377,-24.307323,7.42,0.983
16678,3.585062,38.58567,7.01,0.337
16681,3.585543,-57.810248,7.42,1.0
16682,3.586155,5.714011,7.48,0.515
16684,3.58675,73.346928,6.56,0.024
16716,3.593853,31.680443,6.86,0.407
16731,3.59717,-43.716386,7.02,0.158
16738,3.599235,-5.124954,6.49,1.091
16739,3.599352,-11.193782,5.56,0.915
16741,3.599579,47.091029,6.89,-0.022
16748,3.601059,63.288122,7.33,1.726
16749,3.601266,46.584483,7.32,1.096
16750,3.601364,27.593192,7.39,1.092
16762,3.604837,-17.467064,5.24,-0.117
16769,3.606087,55.886836,6.81,0.115
16772,3.606761,20.067612,7.47,0.502
16774,3.606946,-19.376707,7.34,0.084
16775,3.60695,-79.098702,6.84,1.015
16779,3.607272,52.931405,7.21,1.818
16785,3.608159,48.192634,4.32,-0.058
16786,3.608382,-78.323073,6.29,1.15
16794,3.611061,29.22403,6.53,0.271
16802,3.613034,34.347589,6.88,1.336
16805,3.613136,0.587758,5.82,0.885
16810,3.614282,-33.780671,6.93,0.477
16811,3.614551,0.401662,4.29,0.575
16815,3.615259,35.052074,7.46,0.14
16818,3.616118,23.211069,6.72,0.123
16827,3.61795,-36.292225,7.24,0.087
16829,3.618244,-40.274545,4.57,1.023
16835,3.619195,-29.830114,7.3,0.076
16838,3.619728,25.991096,7.28,0.704
16856,3.623134,40.089749,7.01,0.052
16859,3.624428,31.120224,6.96,0.46
16872,3.62733,1.122535,7.37,1.414
16873,3.628074,-74.82257,6.89,0.328
16876,3.62893,56.739386,6.53,0.245
16880,3.629289,-15.48493,7.05,0.955
16883,3.629953,15.430552,6.4,0.167
16884,3.630527,4.145467,7.22,0.368
16885,3.630662,0.141078,7.18,0.986
16894,3.632295,37.430888,7.34,0.972
16897,3.633383,42.582843,6.41,-0.064
16911,3.634791,-57.285319,7.43,1.532
16917,3.636089,-31.299566,7.25,1.584
16918,3.636173,-59.776381,6.96,0.404
16921,3.636962,49.083025,7.18,-0.03
16925,3.63766,47.576981,7.45,0.01
16931,3.638568,44.801748,7.22,0.202
16933,3.638811,56.932713,6.29,-0.099
16944,3.640659,15.149635,7.35,1.164
16945,3.640815,49.205676,6.87,0.033
16948,3.641459,-7.391863,5.86,0.98
16956,3.643436,74.737992,7.49,1.03
16959,3.644644,22.659612,6.71,-0.001
16961,3.645055,-35.204249,7.04,1.28
16966,3.646575,-27.943054,6.01,-0.027
16971,3.647268,-8.506992,7.28,0.9
16976,3.648487,-1.525485,7.34,0.337
16977,3.648637,2.763497,7.22,0.04
16981,3.649229,42.538275,6.73,0.614
16985,3.650017,20.915765,6.5,0.151
16986,3.65031,-5.62621,5.97,0.921
16993,3.651867,24.702871,7.11,0.039
17002,3.653667,21.843252,7.27,0.068
17007,3.654737,13.891495,6.67,0.92
17015,3.65697,75.739622,6.25,0.973
17016,3.657057,-10.437278,6.19,1.031
17017,3.657153,16.536685,6.18,1.0
17034,3.659066,59.445434,6.9,1.4
17041,3.660199,-17.36509,6.86,0.924
17046,3.660652,-3.39301,6.22,1.041
17048,3.660899,-56.234588,6.85,1.639
17055,3.661992,-52.915838,7.12,0.583
17056,3.662343,-1.5925,7.47,1.15
17057,3.662547,56.383035,6.53,0.078
17058,3.662632,-40.352214,6.55,0.141
17060,3.663106,-6.777167,6.96,0.13
17062,3.664201,3.056863,5.55,0.931
17066,3.664799,-10.946825,7.01,1.074
17067,3.664845,-28.51149,6.94,0.552
17077,3.666311,63.870413,6.81,0.478
17078,3.666345,64.28541,7.38,0.505
17079,3.666547,-1.121226,6.12,0.994
17088,3.668666,34.116475,6.82,0.543
17091,3.669267,-1.896759,7.28,1.105
17094,3.669666,-9.03913,6.92,0.455
17095,3.669844,-15.226534,6.35,0.881
17097,3.670132,-19.592826,6.91,1.125
17101,3.671022,7.585276,7.45,0.309
17104,3.672101,-43.240818,7.35,1.681
17106,3.672657,21.40574,7.16,0.311
17107,3.672796,-3.216981,6.68,0.554
17114,3.674456,5.125872,6.61,1.306
17126,3.677315,-5.210706,5.53,-0.145
17127,3.677435,28.773331,6.86,0.154
17129,3.677836,-19.472943,6.82,1.125
17132,3.677949,46.023375,7.4,0.912
17140,3.67953,25.329492,6.11,0.097
17142,3.679842,-2.332684,6.96,0.954
17145,3.680354,-27.969759,7.14,1.098
17155,3.682252,41.188792,7.17,0.405
17161,3.685515,37.580198,5.55,-0.062
17162,3.685948,-40.768408,7.43,0.19
17169,3.686644,58.844931,6.84,0.325
17172,3.687166,-11.802418,6.49,0.377
17178,3.688442,28.702755,6.88,-0.004
17181,3.689553,-19.58439,6.58,0.092
17198,3.692256,10.081773,7.25,1.228
17201,3.692873,-14.299288,7.29,1.063
17214,3.695988,-47.775733,6.96,0.184
17215,3.696714,62.648439,6.99,0.65
17226,3.698421,-14.363192,7.05,0.11
17234,3.699775,-24.65223,6.77,0.506
17254,3.702594,63.216806,5.06,1.651
17256,3.702743,-45.957888,6.5,0.522
17262,3.704139,-31.938361,4.99,-0.159
17263,3.704422,22.786456,7.4,0.428
17267,3.705263,19.700254,5.68,-0.016
17271,3.706291,33.965026,4.97,-0.048
17272,3.706336,-50.795785,7.35,0.929
17278,3.707677,32.939234,6.77,0.486
17286,3.709084,-85.261964,6.4,-0.005
17287,3.709561,-64.195308,7.36,1.397
17294,3.710247,17.293495,7.07,0.659
17295,3.710348,8.634604,7.05,0.273
17300,3.711871,59.969391,5.74,1.736
17305,3.71255,69.845651,6.98,0.2
17309,3.713908,-37.313518,4.59,1.191
17316,3.715416,47.787551,3.01,-0.125
17322,3.717976,-50.643077,6.97,0.511
17328,3.719206,-61.508663,7.45,0.247
17331,3.719452,-31.019275,7.07,1.431
17336,3.720806,-9.763395,3.52,0.915
17341,3.722885,-2.069629,7.14,1.086
17352,3.725154,-61.626185,7.48,1.052
17353,3.726065,-10.485661,5.59,0.216
17354,3.726765,-2.077839,7.29,1.553
17364,3.729344,-9.603008,7.2,1.097
17365,3.72945,26.381124,7.35,1.16
17366,3.72978,19.665032,6.13,0.994
17367,3.729894,42.603359,7.48,0.583
17378,3.732037,-19.110899,7.1,0.927
17380,3.732749,-28.628642,7.25,0.347
17394,3.735104,-40.660289,6.45,1.059
17395,3.735119,48.523656,6.06,1.552
17397,3.735872,-38.281772,6.99,0.87
17398,3.736593,-64.806903,3.84,1.133
17403,3.737896,-54.477824,7.32,0.872
17405,3.73851,-41.897688,7.48,1.733
17406,3.738648,32.288248,3.84,0.022
17411,3.741167,20.928737,6.09,0.028
17415,3.741808,-1.163091,5.24,-0.088
17418,3.742062,36.460103,5.6,0.062
17422,3.742744,-54.274027,6.29,1.035
17428,3.743663,27.897448,6.75,0.37
17433,3.744697,46.099813,6.1,0.291
17440,3.745831,27.921071,6.86,0.642
17444,3.746349,-70.02665,7.42,0.633
17447,3.746726,24.28947,5.45,-0.034
17451,3.747355,-48.061299,6.49,1.011
17457,3.747927,24.113339,3.72,-0.105
17464,3.749027,-0.29672,5.56,1.411
17477,3.750754,2.621267,6.65,0.487
17481,3.751973,74.542579,6.71,1.004
17482,3.75226,-63.729187,7.36,1.052
17485,3.752705,24.83926,5.66,-0.064
17487,3.753232,42.578549,3.77,0.425
17489,3.75347,24.467278,4.3,-0.11
17492,3.75441,-47.359476,5.72,0.961
17497,3.755603,-20.524006,7.44,0.205
17501,3.756586,-71.658132,6.26,-0.123
17505,3.757649,28.668709,7.41,0.128
17506,3.757653,47.660353,7.18,-0.011
17507,3.758627,42.006921,6.89,-0.022
17511,3.759201,-25.915476,6.97,0.283
17516,3.760304,38.676262,6.45,1.195
17521,3.761234,6.049991,5.34,-0.099
17530,3.76356,23.147149,6.85,0.06
17532,3.763779,24.367748,3.87,-0.063
17533,3.764046,55.063808,6.83,0.21
17536,3.764853,0.222687,7.4,1.606
17537,3.765132,24.554511,5.76,-0.036
17542,3.76646,45.681899,5.66,-0.08
17543,3.766907,67.201605,5.79,0.347
17545,3.767314,63.345047,4.78,0.747
17546,3.767472,24.527898,6.43,-0.02
17551,3.769037,-12.101589,4.43,1.604
17553,3.769267,6.80352,5.91,0.992
17559,3.770355,-9.882781,6.87,1.142
17560,3.770523,71.618127,6.97,0.965
17566,3.772104,23.948358,4.14,-0.051
17575,3.773959,13.5091,6.88,0.069
17576,3.774286,-29.338157,5.91,0.11
17589,3.778019,32.290188,6.68,0.036
17593,3.778278,-25.357249,7.18,1.056
17609,3.780804,-23.249723,4.22,0.434
17617,3.782262,-14.478302,7.49,1.453
17622,3.783166,24.520124,6.83,0.021
17624,3.783569,-30.055265,7.06,1.598
17628,3.784327,8.954889,7.12,1.204
17633,3.786282,51.706387,6.9,0.373
17637,3.787295,-74.238962,3.26,1.59
17639,3.78781,44.073737,7.06,0.007
17642,3.788096,23.726751,6.98,0.542
17646,3.788812,-50.754019,6.58,1.325
17647,3.788878,-29.901726,6.54,0.509
17650,3.789158,23.803347,6.99,0.03
17651,3.789525,-29.468647,6.93,1.103
17661,3.79141,24.105137,2.85,-0.086
17662,3.791515,24.288344,6.83,0.066
17665,3.79226,55.92196,6.09,-0.02
17675,3.794347,-23.874677,5.24,0.075
17676,3.794466,51.528827,7.34,0.167
17678,3.794712,-69.888798,7.44,0.237
17689,3.796533,-4.836762,7.42,1.218
17690,3.796951,32.195415,6.26,0.474
17692,3.797114,-36.105785,6.21,-0.102
17693,3.797963,33.599872,6.57,0.035
17696,3.7989,-30.167882,5.52,0.973
17702,3.799682,-2.861417,6.98,0.256
17703,3.799736,-26.328606,6.97,0.121
17705,3.800101,40.530635,7.25,0.634
17717,3.801817,24.988416,6.44,1.701
17722,3.803158,-74.694114,7.13,0.4
17729,3.804519,11.143294,5.08,-0.125
17730,3.805021,50.736767,6.18,0.028
17734,3.805782,23.42125,5.44,-0.067
17737,3.80622,8.580379,7.4,1.107
17738,3.806267,42.881048,7.39,0.002
17743,3.80689,-54.293764,6.89,0.592
17749,3.808359,24.345524,6.96,0.128
17750,3.808546,9.645948,6.68,1.2
17755,3.809918,-20.902977,5.81,1.602
17757,3.809963,-37.620155,4.3,-0.038
17759,3.810533,-70.359719,7.33,1.08
17763,3.810821,0.227857,5.91,1.224
17765,3.810982,51.375976,7.28,1.22
17767,3.811201,78.11926,7.13,-0.049
17773,3.812117,34.310334,7.12,0.71
17777,3.813005,-40.399226,7.24,0.56
17779,3.813202,-7.014979,7.02,1.453
17782,3.814175,-54.999977,7.18,1.101
17785,3.815053,50.840245,7.36,0.419
17788,3.81561,16.459486,7.22,0.432
17790,3.815816,23.857135,6.47,0.377
17796,3.816735,-26.032593,6.95,0.403
17803,3.818694,32.264269,7.45,0.213
17804,3.818922,43.963095,5.95,0.279
17805,3.819373,24.053415,3.62,-0.07
17809,3.819782,24.136712,5.05,-0.082
17812,3.820476,70.87105,5.4,0.096
17814,3.821974,-1.453256,6.55,1.004
17816,3.822151,57.118268,6.46,0.061
17819,3.822625,-36.092487,6.75,1.615
17820,3.822708,24.380956,6.62,-0.027
17830,3.824083,57.12218,7.18,0.098
17833,3.824237,-36.20025,4.17,0.927
17835,3.824325,52.655397,6.73,0.394
17839,3.825008,80.322469,7.16,1.228
17842,3.825357,65.525972,4.39,1.87
17844,3.825748,33.091382,5.14,0.057
17847,3.826615,-52.079953,7.45,1.45
17849,3.826836,63.296967,5.82,0.189
17850,3.827272,22.533483,7.01,0.033
17851,3.82728,67.1655,7.05,1.066
17853,3.827402,-2.328568,7.22,0.587
17858,3.828758,23.711855,6.17,-0.046
17865,3.829582,9.407495,6.77,-0.026
17870,3.830372,-42.72756,7.35,0.177
17880,3.831964,22.244151,6.05,-0.006
17881,3.832793,23.848696,6.73,0.063
17883,3.834057,-45.385381,6.93,0.913
17886,3.834293,22.591635,7.29,0.538
17887,3.834294,61.797987,7.35,0.984
17888,3.834295,37.873878,6.61,0.275
17890,3.834564,44.967856,5.65,0.779
17903,3.837017,34.820105,6.77,0.321
17904,3.837196,-18.746013,7.38,0.019
17908,3.837823,-1.522574,6.47,0.435
17909,3.837934,-32.285387,6.93,1.54
17912,3.838593,25.579362,5.24,0.231
17913,3.838611,-75.895615,7.35,1.526
17917,3.839302,71.332266,4.59,0.064
17918,3.839712,17.476366,7.5,0.653
17921,3.840298,52.481901,6.97,0.248
17927,3.84169,34.052279,7.17,1.503
17934,3.842973,-30.689954,7.02,1.506
17940,3.843763,-36.425592,6.86,-0.044
17946,3.844983,1.563946,6.6,0.398
17951,3.845651,-38.981892,7.05,1.363
17957,3.847896,23.96147,6.95,0.078
17970,3.850133,69.102767,7.11,0.919
17991,3.854408,13.046078,6.3,-0.058
18003,3.857026,25.162929,6.79,0.16
18009,3.858655,-21.281112,6.59,1.058
18012,3.859025,-56.293979,7.48,0.92
18016,3.860173,22.031355,6.71,1.12
18023,3.8616,68.507486,6.31,-0.057
18024,3.861612,-47.316859,6.7,0.283
18027,3.862163,70.508093,7.49,0.238
18038,3.864922,34.359119,5.78,-0.036
18041,3.865399,-11.968093,7.32,1.626
18045,3.866687,60.336571,6.91,1.384
18046,3.86673,6.534907,5.66,0.046
18051,3.867902,31.168578,6.22,0.206
18061,3.869078,-1.148802,6.77,0.005
18062,3.869835,25.163079,6.77,0.583
18066,3.87142,-0.655607,6.82,0.22
18068,3.871933,34.222112,7.43,0.044
18070,3.872408,62.344803,6.73,0.161
18079,3.875238,-5.054135,6.74,0.399
18080,3.875856,40.365617,7.18,1.064
18086,3.876503,67.556643,7.39,0.351
18095,3.877698,32.408549,6.73,0.896
18098,3.878238,-5.361259,5.48,-0.09
18099,3.878292,65.531557,7.32,0.948
18110,3.880485,-22.276278,7.09,0.304
18126,3.885658,-6.633744,6.56,-0.088
18127,3.886123,17.327083,5.97,0.354
18130,3.886925,-18.434447,6.21,0.866
18131,3.886999,7.770497,7.47,0.515
18144,3.890892,-41.222708,7.22,0.53
18145,3.891228,46.903959,7.46,1.309
18147,3.89173,2.119134,6.72,-0.05
18149,3.89182,-14.970553,6.93,1.568
18155,3.892587,-46.893674,5.93,1.22
18156,3.89291,25.682883,6.35,0.11
18167,3.894081,48.650495,5.76,1.04
18168,3.894151,-34.732297,5.11,-0.133
18171,3.895195,-24.61223,4.64,-0.136
18172,3.895345,57.975141,5.8,0.182
18185,3.897308,26.895861,7.48,1.049
18190,3.899846,-23.137073,6.68,0.82
18191,3.899945,-12.44931,7.33,1.04
18201,3.9022,31.883635,2.84,0.271
18209,3.904815,-27.668845,6.99,0.197
18210,3.904862,-2.95473,4.46,0.672
18217,3.906435,-40.357009,5.7,0.599
18220,3.907564,5.174611,7.44,0.409
18222,3.907785,16.616053,6.81,0.719
18230,3.909431,-52.690426,6.46,0.158
18232,3.909712,-9.520367,7.06,0.365
18241,3.910415,-46.416885,6.9,0.156
18247,3.911802,2.089961,6.8,0.975
18252,3.912644,9.17758,7.42,0.069
18273,3.916283,-14.905922,7.11,1.71
18292,3.920984,-38.759242,6.81,-0.029
18294,3.921147,-12.099105,5.99,0.323
18305,3.923077,31.045837,6.79,0.081
18308,3.923571,49.040594,6.85,0.486
18318,3.926607,-25.927174,7.34,1.143
18321,3.926979,52.226821,6.82,0.518
18325,3.927339,52.641323,6.74,0.349
18336,3.929531,-19.433333,7.43,1.286
18337,3.929544,56.919021,6.92,0.286
18342,3.930373,-4.526826,7.06,0.5
18350,3.932824,47.87142,5.39,-0.073
18355,3.934428,-63.463718,6.14,1.094
18357,3.934954,-7.641749,7.5,1.168
18366,3.936579,59.641888,6.53,0.698
18382,3.941017,-13.597531,6.37,1.585
18385,3.941295,-25.18134,6.88,0.748
18387,3.941303,35.080899,5.49,-0.058
18389,3.941492,-38.962168,6.89,0.023
18391,3.941751,71.821606,6.31,0.333
18393,3.942111,-10.853138,6.56,0.498
18403,3.943422,74.080034,6.75,1.513
18405,3.94347,50.695381,5.28,0.425
18407,3.943822,3.057886,7.02,1.183
18408,3.94387,-9.750844,6.18,0.269
18422,3.947599,-48.47843,7.24,0.953
18424,3.947798,22.477971,5.62,0.345
18434,3.950477,6.039967,6.09,0.058
18435,3.950493,-40.03694,6.97,1.31
18438,3.951058,23.17555,6.05,0.031
18441,3.952303,61.108883,4.99,1.435
18443,3.953135,21.32355,6.84,1.03
18444,3.953284,25.282832,7.5,1.022
18445,3.953328,-24.631593,7.24,0.217
18452,3.954525,41.880625,6.84,0.115
18458,3.957067,63.072264,4.95,-0.074
18460,3.957162,43.316325,7.36,0.028
18461,3.957328,24.461937,6.19,1.372
18471,3.959758,36.49129,6.98,0.428
18485,3.96423,40.010215,2.9,-0.199
18497,3.967157,-13.508515,2.97,1.588
18498,3.967415,72.724574,6.63,1.266
18500,3.967539,34.813968,6.54,0.228
18507,3.970897,-49.609994,6.94,1.07
18512,3.972471,24.081125,7.21,0.035
18518,3.974766,38.840254,6.32,1.081
18534,3.977041,11.027543,7.24,1.696
18538,3.977279,53.988694,7.03,0.25
18541,3.977809,-3.665153,7.07,1.061
18545,3.97858,-57.10236,6.05,0.439
18549,3.978896,68.023866,7.27,1.057
18550,3.979095,-61.400185,4.56,1.59
18555,3.980512,57.45089,6.96,0.103
18559,3.981221,-5.469947,5.85,1.001
18567,3.98275,35.791033,3.98,0.016
18573,3.984288,23.628097,7.36,1.067
18574,3.984848,27.197452,7.44,0.14
18587,3.988808,13.975045,6.77,1.178
18588,3.988967,-43.917473,6.83,1.073
18590,3.98922,48.762087,7.48,1.207
18594,3.990365,-20.33289,7.26,1.2
18600,3.991703,-12.574425,5.61,1.479
18609,3.993735,-56.472821,6.82,0.246
18610,3.994438,38.82038,6.51,0.113
18611,3.994581,10.330402,6.35,0.417
18613,3.994882,1.794814,7.27,0.109
18618,3.996256,-17.912235,7.49,1.462
18626,3.998745,-24.016215,4.62,-0.121
18630,3.999816,-61.894797,6.7,1.516
18631,4.000075,-19.246742,7.12,0.508
18632,4.000511,-42.390138,7.2,1.177
18641,4.002901,40.013729,6.89,0.135
18644,4.004314,-51.564958,6.51,1.651
18670,4.010247,17.29666,6.31,0.056
18671,4.010288,13.892212,7.31,1.42
18676,4.011292,-30.490697,5.93,0.036
18677,4.011338,12.490347,3.41,-0.099
18682,4.012125,-71.166799,6.6,0.08
18684,4.012457,-58.661721,7.03,0.109
18688,4.013545,18.194,5.89,0.319
18697,4.014946,-62.159284,4.48,1.5
18701,4.015783,23.201491,6.52,0.103
18715,4.018605,20.199158,6.76,1.055
18719,4.020046,-22.275918,7.41,0.29
18722,4.020787,36.989477,6.39,-0.005
18723,4.021296,40.094624,7.2,0.396
18724,4.021563,-46.137347,7.24,1.02
18725,4.021697,-61.078822,4.97,1.386
18730,4.022522,56.039799,7.29,0.126
18734,4.023864,28.501892,7.08,0.173
18735,4.023903,47.450405,7.14,1.041
18741,4.025569,-1.54966,5.28,-0.133
18748,4.027034,53.865935,7.04,1.138
18758,4.029482,9.998017,5.67,0.005
18769,4.032068,-21.020713,7.26,1.256
18777,4.034278,-34.482159,6.73,0.628
18797,4.040765,-61.35694,6.74,0.667
18800,4.041119,-78.633109,6.63,1.075
18803,4.041449,3.847229,6.91,0.029
18813,4.04354,-0.268923,5.38,0.516
18814,4.043573,-68.947172,7.4,1.457
18816,4.044019,-0.801044,6.93,0.031
18823,4.045206,-27.483546,7.4,0.543
18828,4.046404,-22.594459,6.9,1.157
18837,4.048652,62.421313,7.34,0.283
18840,4.04942,8.140066,7.36,0.353
18846,4.049863,9.208489,6.91,0.466
18847,4.049948,-48.368784,6.95,1.23
18860,4.052606,5.989305,3.91,0.032
18861,4.052657,37.121166,7.29,1.065
18864,4.05294,8.882644,6.65,1.064
18866,4.053099,78.202767,6.98,1.051
18874,4.055284,3.077697,7.15,0.261
18875,4.055895,3.18782,7.08,1.667
18876,4.056144,48.840856,6.97,0.543
18879,4.056874,-20.143796,6.47,-0.178
18884,4.058036,-24.460085,7.24,1.449
18892,4.05941,-25.847895,6.57,1.631
18895,4.060217,-20.158751,7.01,1.227
18902,4.060943,-47.861887,6.62,0.214
18907,4.062267,81.874977,7.22,1.056
18909,4.062326,-37.070301,7.16,0.311
18910,4.06239,5.435624,5.32,-0.08
18928,4.065723,8.197269,5.45,0.371
18938,4.067287,-4.600519,7.28,1.626
18939,4.06863,39.509719,7.13,0.68
18943,4.069085,-16.588728,6.36,1.266
18946,4.06941,2.826947,5.36,0.505
18956,4.071878,12.507445,7.45,1.913
18961,4.072687,24.105993,5.46,0.813
18963,4.072977,-12.792295,5.62,1.062
18970,4.074212,59.155507,5.0,0.495
18982,4.076941,55.066468,6.55,0.466
18988,4.077664,17.517598,6.64,1.118
18989,4.078028,-20.381864,6.12,1.157
18990,4.078253,22.081926,4.36,1.064
18991,4.07863,32.571204,6.87,0.0
19002,4.081498,-2.427117,7.07,-0.001
19022,4.087322,-1.011817,6.97,0.752
19026,4.087791,-0.569068,7.13,0.476
19028,4.088958,22.008905,5.9,0.62
19037,4.091978,14.286293,7.3,1.22
19039,4.092624,31.497197,7.21,1.675
19041,4.093347,34.239164,6.64,0.453
19043,4.093515,-31.050964,6.94,0.548
19047,4.093728,-27.651807,5.59,0.324
19055,4.094884,10.037128,6.72,1.034
19063,4.096309,-20.512563,6.34,0.918
19068,4.09836,-10.295817,7.03,1.555
19073,4.09903,-8.856105,6.27,0.063
19079,4.100593,46.925569,6.77,0.153
19080,4.100835,-69.871305,7.45,0.36
19081,4.100882,68.679972,5.88,1.543
19091,4.10224,62.101835,6.76,0.235
19109,4.106361,14.402211,7.3,0.496
19111,4.107082,43.418162,7.38,0.838
19113,4.108654,63.745679,7.39,0.92
19119,4.109735,50.351262,4.25,-0.011
19123,4.110114,27.599903,5.18,-0.124
19124,4.110171,54.008663,6.31,0.983
19126,4.110252,-18.050807,6.6,1.429
19127,4.110386,19.152915,7.48,0.379
19129,4.110785,65.520798,6.14,0.145
19130,4.110846,32.385061,7.05,0.035
19148,4.114225,-49.628502,6.86,0.405
19153,4.115508,33.446369,6.7,-0.009
19154,4.116147,-21.994062,6.65,0.24
19157,4.116795,29.001299,5.21,0.359
19158,4.116822,-10.000454,6.88,0.576
19174,4.119649,74.000359,6.49,0.977
19176,4.12003,56.737687,7.15,0.944
19178,4.121037,-9.757827,6.77,1.177
19185,4.122611,-64.222291,6.37,0.636
19189,4.123261,75.175042,7.22,0.531
19194,4.123678,-42.916777,6.59,0.899
19195,4.123815,74.636541,6.8,0.966
19201,4.124798,-6.007378,6.91,0.152
19207,4.126202,38.074537,7.13,0.865
19208,4.127065,-37.061951,6.71,1.305
19213,4.128328,15.162788,6.02,0.397
19222,4.130357,62.332939,7.08,0.375
19224,4.130943,62.330102,6.95,0.386
19236,4.133171,17.339897,5.89,1.497
19240,4.133839,43.179242,7.05,1.224
19250,4.136975,43.191138,6.57,-0.011
19254,4.137612,37.727493,6.07,0.943
19257,4.138101,-32.856797,7.43,0.24
19266,4.140061,60.876674,7.46,0.082
19283,4.142739,-45.864799,6.58,0.386
19287,4.143497,38.039733,5.52,0.52
19292,4.144097,53.360929,7.3,0.826
19293,4.144172,25.877771,7.2,1.393
19296,4.144357,47.712513,3.96,-0.025
19300,4.145024,10.099355,6.79,1.697
19306,4.14627,-8.670261,7.15,0.027
19308,4.146475,50.200466,6.95,0.095
19313,4.147708,23.871138,6.97,1.143
19315,4.148196,23.098583,6.87,0.306
19318,4.148489,46.227744,7.33,0.194
19322,4.149115,41.504015,6.98,0.134
19328,4.150436,13.398281,5.94,0.052
19330,4.150949,-15.890852,7.46,1.088
19340,4.152768,19.609217,5.51,1.077
19350,4.154954,-16.385875,5.45,-0.147
19351,4.155686,-7.929093,7.2,0.22
19352,4.156168,54.828862,6.25,0.448
19353,4.156222,73.570411,6.76,0.548
19360,4.156789,58.560118,7.08,0.345
19363,4.157562,6.72505,6.74,0.098
19364,4.157659,59.908071,6.29,1.112
19375,4.159746,-32.975273,7.44,1.151
19379,4.160791,31.652127,6.88,0.55
19382,4.161359,-7.892858,7.03,0.712
19384,4.161946,3.322697,6.49,0.443
19387,4.162134,24.072946,7.36,0.202
19391,4.16365,-3.573508,6.84,0.045
19397,4.164582,-19.286988,7.02,0.949
19403,4.166327,-19.002853,7.16,1.147
19404,4.166383,-25.041871,6.95,1.124
19405,4.166752,86.626139,5.84,0.393
19409,4.167189,68.373649,7.24,0.33
19412,4.167439,80.698681,5.1,0.589
19414,4.167609,-34.497664,7.22,1.628
19418,4.168721,-61.598947,7.16,0.551
19431,4.172575,39.225722,7.02,0.413
19434,4.172923,-6.923852,5.44,0.941
19455,4.178433,18.423253,6.61,0.427
19458,4.179002,-25.096071,7.35,0.583
19459,4.179033,-4.874849,7.36,0.651
19460,4.179409,-35.273787,6.43,1.07
19462,4.179935,-8.819814,5.7,1.057
19464,4.180517,26.480952,5.39,0.352
19465,4.180708,-41.993573,4.93,0.334
19470,4.181991,15.946665,7.18,0.148
19476,4.183061,33.586792,5.75,1.412
19479,4.184193,-46.941396,7.37,0.515
19480,4.184277,16.646985,6.97,0.344
19496,4.185931,2.318395,7.01,1.799
19501,4.187017,41.747385,6.98,1.075
19505,4.188967,5.523047,5.71,0.36
19513,4.190445,-15.968441,7.01,1.488
19514,4.190813,40.913281,7.26,0.176
19520,4.192124,-0.422501,6.59,1.107
19522,4.193389,-20.356157,5.8,0.165
19528,4.195257,-47.085478,7.07,0.947
19538,4.197761,-6.837581,4.04,0.327
19539,4.198345,63.040879,7.28,1.027
19541,4.198927,-8.837485,6.45,0.95
19548,4.19969,-53.41211,7.07,1.16
19552,4.200076,-17.274732,6.41,0.968
19562,4.202576,0.735593,6.62,0.916
19570,4.203784,79.030017,6.92,1.146
19577,4.205652,-4.41027,6.7,1.584
19584,4.20658,-31.581104,7.44,0.735
19585,4.206945,23.574572,7.16,1.014
19590,4.208582,-36.152551,7.12,0.409
19592,4.208709,17.27746,6.09,1.081
19593,4.208779,-44.368238,6.7,1.455
19595,4.209167,-2.512493,7.43,0.938
19608,4.21207,5.030873,7.29,1.192
19617,4.213344,-23.821175,6.61,1.644
19623,4.214235,22.413458,6.14,0.171
19624,4.214404,68.501154,6.33,1.169
19628,4.215622,-6.388324,6.76,1.074
19630,4.216234,32.532729,6.69,1.704
19635,4.216812,-28.540648,7.45,0.516
19639,4.217354,-32.794888,7.03,0.235
19641,4.217581,-23.12834,6.78,0.351
19644,4.218549,-72.820641,7.43,0.515
19655,4.220827,-70.420448,6.99,0.324
19667,4.224895,-10.387159,7.23,1.523
19668,4.225347,8.890289,6.52,0.155
19669,4.225862,7.716045,5.29,0.366
19670,4.226269,10.212458,6.24,0.021
19671,4.226589,-40.357763,6.36,1.468
19675,4.227264,-1.149737,6.45,-0.125
19676,4.227714,-58.021922,7.3,0.21
19677,4.228083,49.093923,6.92,0.91
19679,4.228862,39.680293,7.28,1.66
19680,4.229114,72.126147,6.05,1.019
19682,4.229649,-84.485793,7.2,-0.094
19683,4.229997,-51.593457,7.41,1.336
19686,4.23051,12.753701,6.25,1.143
19690,4.232329,9.263824,4.84,0.799
19691,4.23257,-37.030398,6.99,1.48
19693,4.233,-32.042067,6.98,1.013
19696,4.23325,37.967147,6.47,1.029
19697,4.233363,-42.294368,3.85,1.085
19700,4.233608,11.027234,7.46,0.382
19701,4.23427,-30.112724,7.19,1.08
19702,4.23432,-15.993111,7.19,1.694
19705,4.235254,38.469442,7.43,0.33
19708,4.236012,-46.132437,6.77,0.577
19717,4.238413,12.348101,6.74,0.677
19719,4.238848,-38.260033,6.92,0.987
19720,4.238973,69.506705,7.3,1.385
19724,4.239558,54.524222,7.34,0.095
19727,4.239914,-10.256283,4.87,1.156
19729,4.240306,1.65929,7.36,0.984
19730,4.240404,-62.473858,3.33,0.915
19735,4.240673,23.696422,6.77,1.133
19739,4.241782,22.451865,7.05,0.424
19740,4.241903,-75.808085,7.24,1.58
19746,4.242872,10.701388,7.11,0.514
19749,4.243398,10.011406,5.22,-0.085
19755,4.246819,-62.191811,5.45,1.106
19760,4.247797,37.54267,6.31,0.958
19761,4.248143,40.483671,4.67,1.007
19762,4.248295,48.409331,4.12,0.935
19770,4.250081,-16.180732,6.94,0.78
19773,4.250499,57.460361,6.06,0.6
19780,4.251892,3.246507,7.49,0.116
19784,4.252884,29.902056,7.11,1.07
19786,4.253073,-37.196894,6.76,0.13
19788,4.253218,-38.294928,7.06,0.91
19793,4.253912,44.767837,7.23,0.242
19799,4.254537,-7.652871,4.43,0.82
19805,4.257163,6.199651,6.94,0.68
19806,4.257431,-16.445174,6.87,-0.127
19807,4.25752,4.00938,7.35,0.167
19809,4.258,6.186858,6.32,0.57
19810,4.258905,8.892357,4.27,-0.054
19827,4.262856,15.400695,6.31,0.4
19828,4.262865,-23.237729,6.73,0.078
19829,4.263017,-18.640431,7.05,0.963
19831,4.264356,-22.151418,6.93,0.072
19833,4.26548,31.693072,7.32,0.586
19840,4.266389,-84.181229,6.99,1.131
19842,4.267066,0.453897,7.16,0.086
19843,4.267097,-51.486648,4.26,0.312
19861,4.271248,7.159467,7.5,0.661
19863,4.271875,-17.874906,7.47,0.935
19867,4.272486,-60.948482,6.34,0.097
19871,4.274738,-59.302156,4.44,1.078
19873,4.274763,-38.88423,7.13,0.165
19888,4.27666,-10.08576,7.46,0.143
19899,4.278638,53.611799,5.2,0.052
19907,4.279517,-69.726776,7.13,0.96
19910,4.280192,16.214385,6.57,1.101
19918,4.281542,61.849989,5.69,-0.116
19925,4.283673,19.675685,7.12,0.444
19933,4.28558,57.860355,5.72,1.108
19935,4.286503,5.024567,6.91,0.647
19936,4.286753,50.865815,6.59,1.72
19940,4.287684,20.578591,4.93,0.259
19942,4.288025,46.696699,7.38,1.61
19944,4.288164,2.52969,7.23,1.025
19946,4.288673,-6.472177,5.95,1.078
19950,4.288826,46.217673,7.09,0.364
19954,4.28919,57.178253,6.71,0.036
19970,4.294519,-63.255405,5.88,-0.061
19975,4.295284,13.836592,6.9,0.993
19977,4.29554,62.346623,7.15,2.038
19986,4.297423,-34.186543,7.45,0.38
19987,4.297431,67.08861,6.89,-0.021
19989,4.297733,80.535783,6.39,0.947
19992,4.298237,-33.798348,3.55,-0.108
19996,4.298807,58.790759,7.09,0.124
20001,4.299776,-80.214033,5.67,0.836
20013,4.302252,42.141159,6.22,-0.072
20019,4.30395,-14.638792,6.86,0.952
20021,4.304056,50.295502,4.6,0.043
20025,4.304466,-20.71526,6.0,1.597
20037,4.306444,21.579297,5.64,0.277
20039,4.306844,9.487162,6.54,0.165
20046,4.308582,43.72704,7.43,0.249
20055,4.30995,60.493844,7.33,0.29
20056,4.310414,-22.969722,6.09,0.302
20059,4.311113,-52.860097,6.08,0.489
20067,4.313371,-54.135492,7.16,0.107
20084,4.316937,-17.850902,7.37,0.187
20088,4.317469,-33.904617,6.36,0.132
20094,4.318431,-79.52094,6.96,0.201
20095,4.318687,-47.567723,7.08,1.219
20105,4.320304,42.381194,6.98,0.456
20106,4.320339,50.048695,5.46,0.235
20112,4.321301,-44.267919,5.33,1.066
20121,4.323916,21.142307,5.5,-0.069
20124,4.32461,74.635999,7.45,0.126
20126,4.325063,37.998384,7.17,0.363
20129,4.325273,-8.119568,6.95,-0.009
20136,4.326862,21.773491,5.34,-0.107
20138,4.32706,10.121437,6.31,1.428
20144,4.328446,-25.024825,6.86,1.443
20154,4.329806,13.085841,7.46,1.52
20155,4.329889,15.627642,3.65,0.981
20162,4.331564,-12.399128,6.72,0.927
20165,4.331904,16.522588,6.85,0.509
20169,4.332695,14.035201,5.58,0.283
20175,4.334095,78.079587,6.95,1.003
20176,4.334455,23.598785,7.19,1.113
20179,4.335855,-16.437273,6.8,-0.03
20181,4.336097,31.953174,6.16,1.679
20184,4.336531,50.920933,5.55,-0.031
20187,4.336934,19.23348,7.46,0.56
20191,4.337341,41.80807,5.95,0.962
20193,4.337584,-2.628548,6.89,1.468
20200,4.339227,27.350754,4.97,1.15
20203,4.340178,34.566725,4.93,0.95
20205,4.340307,18.742608,6.11,0.404
20207,4.341362,-1.316386,6.78,0.284
20209,4.342165,43.238148,7.23,1.8
20211,4.343419,15.095453,5.26,0.225
20213,4.344067,-6.245995,6.15,0.901
20214,4.34417,-20.639622,5.38,-0.027
20216,4.344541,65.140441,5.26,0.82
20218,4.34479,6.130798,5.76,0.914
20219,4.344818,-16.829976,6.97,1.682
20221,4.345232,-7.592493,5.85,-0.124
20231,4.346966,9.224818,6.52,0.148
20233,4.347379,-19.335645,7.12,0.858
20234,4.347977,13.864427,6.15,0.456
20239,4.34839,81.977568,7.46,0.055
20241,4.34865,38.577153,7.47,0.919
20246,4.349307,50.25483,7.13,1.69
20248,4.349455,-81.57992,5.78,0.359
20253,4.350442,-3.718902,7.41,0.994
20257,4.351,56.712232,7.08,1.427
20259,4.351052,-48.811248,7.38,0.186
20263,4.351508,-21.248237,7.46,1.213
20274,4.354238,27.350245,7.21,2.02
20275,4.354359,-87.812944,7.5,0.473
20280,4.355443,76.106104,6.74,-0.043
20290,4.357439,34.571116,7.42,1.558
20291,4.357511,-0.09817,5.86,1.32
20294,4.358458,-6.07319,7.23,1.025
20297,4.358698,-25.72858,6.08,0.371
20299,4.35879,21.039877,6.79,0.434
20300,4.358963,18.417582,6.8,0.441
20304,4.359211,46.498878,4.8,-0.022
20307,4.359665,14.409789,6.6,0.412
20308,4.359777,-8.108604,7.5,0.025
20310,4.360421,-6.284172,6.45,0.056
20320,4.362595,13.584932,7.37,0.172
20321,4.362632,50.035171,7.11,1.322
20322,4.362685,-37.781842,6.53,1.388
20323,4.362864,2.390104,6.92,0.571
20326,4.363227,60.735625,5.4,1.497
20330,4.364392,56.506317,5.91,0.112
20334,4.364796,-63.386391,5.24,0.955
20345,4.366735,39.933959,7.02,0.616
20350,4.367643,14.077198,5.72,0.315
20357,4.369505,-4.676945,7.47,0.32
20367,4.372981,20.821416,5.91,1.66
20372,4.374461,-0.551867,7.27,1.089
20376,4.376093,32.467923,7.27,1.508
20380,4.376373,25.629314,5.38,-0.041
20390,4.378936,15.056091,6.97,0.518
20397,4.380854,-82.899078,6.77,0.209
20405,4.382247,17.542514,3.77,0.983
20406,4.382758,59.616182,6.18,0.108
20414,4.384909,-24.892157,5.81,1.507
20416,4.385488,-35.544815,6.38,1.242
20421,4.388013,11.377922,6.64,0.65
20423,4.388277,-32.151967,7.13,0.161
20426,4.388816,-7.70454,7.18,1.033
20433,4.390294,16.77726,5.64,0.31
20439,4.391776,24.405402,7.18,0.462
20441,4.392324,20.982044,6.0,0.029
20445,4.39311,35.903063,7.16,1.263
20446,4.393281,42.427909,6.25,0.023
20455,4.394681,-3.74547,5.17,0.072
20461,4.395605,22.964799,7.03,1.826
20470,4.397729,9.460968,5.1,0.074
20477,4.398844,-66.737118,6.98,0.32
20481,4.399934,24.300992,6.34,0.173
20483,4.400613,-34.016846,3.97,1.468
20489,4.401508,53.495271,7.05,0.375
20490,4.401599,17.44413,4.8,0.154
20496,4.402778,62.032547,7.03,0.387
20500,4.403405,-57.071337,6.28,0.659
20502,4.403584,-40.052717,7.36,-0.099
20504,4.403874,51.937094,6.84,0.191
20505,4.404023,12.157987,6.42,1.408
20506,4.404047,21.736244,7.13,0.518
20509,4.404433,-46.644847,7.06,0.472
20515,4.406186,17.078951,6.96,0.45
20518,4.406904,34.314752,7.3,0.021
20524,4.407666,41.73001,7.11,0.16
20527,4.408098,34.130758,5.73,-0.054
20534,4.409109,50.845174,6.87,0.456
20539,4.410404,33.959686,5.77,0.4
20545,4.411671,10.046659,7.22,0.21
20548,4.411934,18.913073,7.35,0.364
20561,4.415681,-34.757477,6.55,0.445
20562,4.415868,19.042013,5.97,0.378
20567,4.418153,-61.238193,5.94,1.533
20576,4.421517,-5.652086,7.46,0.98
20578,4.421976,-44.160897,6.38,0.457
20583,4.422822,22.293874,4.21,0.136
20590,4.423614,22.199998,5.27,0.25
20595,4.42476,46.143706,7.43,0.234
20597,4.424828,17.92791,4.3,0.049
20598,4.424911,-53.111817,6.91,0.371
20608,4.426895,5.645343,7.03,1.252
20609,4.427032,15.94101,6.44,0.509
20615,4.427666,-1.410915,6.76,0.913
20621,4.428291,-2.232439,7.25,0.2
20623,4.42842,-9.926634,6.66,1.561
20624,4.42882,-5.153075,7.34,1.165
20640,4.43228,1.031776,7.36,-0.057
20641,4.432594,5.150145,7.36,0.509
20646,4.433708,4.373451,6.37,1.078
20652,4.435084,31.438911,5.29,0.986
20659,4.438461,22.813583,4.28,0.263
20660,4.438471,21.470434,7.36,0.557
20661,4.439094,15.618265,4.48,0.262
20663,4.439195,8.590269,6.06,-0.01
20673,4.44087,-0.511197,7.17,1.567
20675,4.44181,-32.816298,6.81,0.386
20680,4.443437,14.713782,4.69,0.979
20683,4.443804,-40.529378,6.7,0.078
20690,4.444742,-6.404091,7.49,0.913
20695,4.446129,-6.88242,7.3,-0.009
20696,4.44618,55.643733,7.33,0.42
20704,4.447537,17.028632,6.86,1.494
20709,4.448115,-18.656151,7.0,0.551
20713,4.449147,-24.081323,6.11,0.143
20718,4.45018,52.002289,7.49,1.677
20719,4.450194,2.079409,6.23,1.087
20720,4.450241,57.58529,6.28,0.063
20722,4.450437,19.843306,7.46,0.317
20725,4.450806,80.824159,5.42,1.179
20728,4.45135,18.207537,6.94,0.021
20729,4.451654,-46.947505,6.1,0.47
20732,4.451792,-62.799623,6.87,-0.001
20737,4.454847,22.996337,5.53,-0.098
20739,4.455079,36.520286,6.76,1.075
20748,4.456856,46.853154,6.72,0.711
20752,4.457991,11.2123,5.87,0.049
20759,4.45905,-40.472374,7.14,0.591
20763,4.459969,15.589188,7.41,0.537
20767,4.461293,-32.408641,7.08,0.466
20772,4.462015,43.190793,7.45,0.785
20773,4.462798,11.73642,7.49,0.56
20774,4.462788,-62.521206,5.74,1.005
20777,4.463194,-11.124328,6.97,1.008
20784,4.46538,-21.504064,6.75,0.505
20787,4.46614,-17.841014,7.32,1.53
20790,4.466883,21.619907,5.72,0.27
20793,4.467488,10.072161,7.46,0.22
20796,4.467677,1.858605,6.14,1.018
20800,4.468149,8.154802,7.0,0.038
20802,4.468659,-15.180331,6.69,0.827
20804,4.469296,-41.959833,6.41,1.614
20808,4.470359,83.80779,5.51,-0.106
20810,4.470713,-22.767949,7.01,1.103
20821,4.473167,14.740974,5.9,0.325
20824,4.473237,11.665909,7.39,1.38
20825,4.473992,16.359672,4.96,1.137
20832,4.475589,1.380821,5.53,-0.099
20833,4.476248,15.962181,3.84,0.952
20837,4.476943,19.180431,3.53,1.014
20840,4.47751,-19.458874,5.95,1.215
20842,4.477705,15.870883,3.4,0.179
20849,4.480601,13.047602,5.02,0.215
20852,4.481108,30.361492,6.38,0.547
20859,4.481773,-49.601844,7.48,0.762
20864,4.483269,16.159092,6.59,0.536
20867,4.483892,42.715674,7.36,0.466
20870,4.485257,-13.04837,5.61,-0.202
20874,4.486757,35.265783,7.39,0.475
20881,4.488843,27.404223,6.53,-0.016
20882,4.488909,-46.51527,6.13,1.062
20883,4.489042,17.544935,7.02,0.526
20896,4.491763,17.863163,6.9,0.451
20901,4.492398,-26.275863,6.78,1.236
20905,4.49356,80.931738,7.16,0.125
20906,4.49415,5.164268,6.93,1.74
20911,4.495238,10.52186,6.77,0.086
20922,4.497757,69.378312,6.63,1.666
20930,4.500159,83.340379,5.47,0.855
20933,4.500636,10.262214,6.47,1.038
20943,4.502388,15.63784,5.58,0.324
20945,4.502779,-13.592372,6.22,1.001
20950,4.503841,-38.988883,7.32,1.036
20956,4.504991,19.840576,7.09,0.47
20957,4.50506,-38.274634,7.13,1.496
20958,4.505568,28.131889,6.51,0.722
20960,4.506224,-30.444076,7.33,0.089
20961,4.506234,23.588858,7.18,0.39
20968,4.507414,-43.212723,7.35,0.015
20972,4.508205,-43.410612,7.27,0.016
20977,4.509342,16.194014,4.78,0.17
20980,4.509375,-23.024388,6.83,0.166
20984,4.510378,13.724402,5.4,0.263
20986,4.510669,32.457768,6.18,-0.026
20987,4.510802,15.691879,5.47,0.258
20990,4.511203,-35.653504,5.95,1.005
21001,4.512998,16.148696,6.5,0.428
21008,4.513916,-44.953749,5.07,-0.194
21010,4.514689,44.602943,6.99,1.054
21011,4.514814,-41.174265,7.02,0.393
21012,4.51492,-36.876176,7.32,1.265
21014,4.515881,10.751768,7.03,0.472
21026,4.5178,6.791328,6.78,0.65
21030,4.518664,15.105037,6.28,1.725
21042,4.520326,23.346064,7.07,1.703
21046,4.520856,-35.773632,7.49,1.279
21052,4.522322,-28.881907,7.47,0.275
21054,4.523245,-59.766868,7.01,0.213
21056,4.523361,40.010193,6.25,0.009
21058,4.523848,-13.644222,6.25,0.086
21083,4.53068,5.764446,6.68,0.006
21085,4.531043,15.85156,6.01,0.338
21087,4.531296,-0.044011,4.91,1.32
21090,4.532496,-12.632639,7.16,0.484
21091,4.532485,36.742688,6.35,1.089
21095,4.533283,-20.699473,6.76,1.519
21096,4.533845,53.91083,5.78,0.119
21100,4.534669,5.410035,6.37,0.42
21102,4.535239,-28.80639,7.42,1.09
21106,4.53553,21.632358,7.08,0.641
21115,4.538124,37.043243,6.8,0.47
21122,4.539389,25.18549,7.44,0.16
21125,4.540132,0.980129,7.26,-0.058
21139,4.543765,-3.209541,5.76,-0.117
21166,4.551756,-12.543389,6.67,1.085
21167,4.551976,67.631432,6.94,0.173
21172,4.552734,-25.559905,7.26,0.446
21176,4.554287,64.988243,7.49,0.464
21180,4.55469,52.804975,7.22,1.93
21183,4.555287,64.169789,6.86,1.075
21185,4.556001,43.031921,6.8,0.213
21186,4.556135,-10.785333,6.06,1.379
21189,4.556917,43.063893,6.09,0.37
21194,4.558511,72.528605,5.94,0.306
21195,4.55849,-29.766492,4.49,0.972
21196,4.558788,-6.988083,6.6,1.204
21199,4.55918,18.016722,6.24,0.077
21200,4.559453,-62.823677,5.79,1.028
21204,4.56058,16.323339,6.58,0.188
21205,4.56069,-8.255663,6.63,-0.062
21206,4.560903,-1.831206,7.46,1.271
21211,4.562335,-5.309668,6.66,1.061
21214,4.562955,13.251883,6.62,0.429
21216,4.563382,9.413567,6.01,1.061
21220,4.564143,14.844424,4.65,0.255
21225,4.565202,-6.738908,5.71,-0.128
21228,4.566598,-55.044975,3.3,-0.079
21235,4.5674,-28.449646,6.85,0.407
21237,4.567918,43.087398,7.37,0.232
21242,4.568963,5.568616,5.67,0.055
21243,4.569897,-8.231352,5.2,1.708
21244,4.569936,-8.970258,5.24,1.465
21245,4.570609,-6.837809,6.09,1.384
21247,4.570955,-73.208778,6.8,0.919
21248,4.571272,45.91348,7.46,0.473
21254,4.574125,0.40699,7.24,0.714
21262,4.576371,-72.733708,7.0,0.214
21266,4.576719,84.472378,7.34,1.371
21269,4.576907,-33.64612,7.41,1.11
21270,4.57722,28.96115,5.88,-0.048
21271,4.577261,-24.0405,6.37,1.137
21283,4.578828,-34.818728,7.15,1.4
21288,4.579289,22.692312,6.78,0.482
21289,4.579427,50.124506,7.08,0.084
21301,4.581837,-25.039012,7.38,0.478
21302,4.581969,-35.576218,7.04,1.014
21306,4.582948,16.994686,7.19,1.18
21310,4.58353,-19.921384,6.12,1.174
21312,4.583991,17.201232,6.73,1.833
21316,4.584824,57.420382,6.65,0.314
21324,4.587255,-9.736373,6.74,0.039
21328,4.588265,-24.532962,6.69,0.497
21333,4.590027,85.527028,6.55,0.529
21340,4.592512,-30.562341,3.81,0.957
21349,4.594239,10.16079,4.25,0.184
21350,4.594446,19.968821,7.24,0.575
21355,4.595156,19.881791,6.33,0.754
21357,4.595427,59.400819,6.78,0.065
21360,4.595765,45.214555,7.36,1.72
21368,4.598677,16.509301,0.87,1.538
21373,4.600152,55.512085,6.91,0.516
21375,4.600465,-3.611641,6.34,-0.1
21378,4.601246,-45.136353,7.29,0.433
21391,4.605317,-3.352459,3.93,-0.21
21393,4.605448,11.4125,6.74,0.263
21394,4.605756,61.362339,6.91,1.259
21399,4.606727,64.261602,5.91,-0.009
21402,4.607126,-37.826056,7.2,0.401
21406,4.608092,23.340855,6.01,0.38
21412,4.609642,19.760034,7.32,0.357
21413,4.609903,-27.047852,7.35,0.496
21415,4.610537,36.952791,6.62,1.23
21421,4.611311,15.869329,6.64,0.442
21423,4.611508,41.264808,4.25,1.171
21426,4.612677,-62.077154,5.59,1.5
21427,4.612991,-83.496558,7.15,1.093
21431,4.613908,-8.460478,7.08,-0.033
21433,4.614148,-30.716779,6.28,-0.095
21434,4.614724,80.8819,7.38,0.26
21449,4.618232,-30.429251,6.9,1.3
21457,4.619185,27.925734,7.45,0.193
21462,4.620465,0.998314,5.32,-0.107
21464,4.620772,18.543031,6.49,0.81
21472,4.622017,-41.872944,6.4,0.167
21477,4.623214,68.282382,7.4,0.034
21481,4.623914,0.574635,7.5,0.563
21484,4.624089,0.553118,7.49,0.571
21491,4.625672,60.090329,7.35,0.029
21494,4.626703,-2.473548,5.22,0.283
21504,4.628562,-2.646506,7.15,0.958
21506,4.628764,78.98661,7.37,0.311
21521,4.63176,7.317625,7.0,-0.057
21523,4.633101,-20.688007,7.26,-0.115
21524,4.633268,-13.028922,7.33,0.045
21530,4.634964,46.233653,6.98,1.189
21532,4.635438,-58.203811,6.61,0.932
21535,4.635956,16.033291,5.78,0.312
21536,4.635961,12.510838,4.27,0.122
21541,4.63634,-14.30402,3.86,1.082
21542,4.636547,-13.2583,7.33,0.453
21548,4.637513,60.884199,6.64,1.527
21549,4.637565,31.99879,7.11,0.298
21551,4.637731,20.684722,5.85,-0.019
21558,4.639372,-77.656003,6.05,1.08
21565,4.641339,-19.640851,7.13,0.255
21566,4.641531,26.939263,6.56,0.344
21581,4.647022,-62.378534,6.78,0.194
21587,4.647922,-8.224848,7.27,-0.01
21588,4.648147,42.239966,6.89,1.233
21591,4.64821,-12.123121,4.99,0.074
21592,4.648353,-58.980567,7.2,0.188
21596,4.648894,-25.706015,7.3,1.039
21612,4.651194,-51.672752,6.45,1.321
21617,4.65171,7.870976,5.38,0.257
21619,4.652401,13.002983,7.2,0.429
21620,4.65256,15.799846,5.08,0.141
21630,4.654583,15.917977,4.67,0.147
21632,4.655475,-14.359192,5.46,1.054
21636,4.65643,25.218274,6.21,0.176
21643,4.657863,-0.084428,7.22,1.332
21651,4.660285,-21.247546,7.18,1.2
21665,4.663117,-1.052459,6.11,0.943
21674,4.66519,53.079535,5.07,1.079
21677,4.666126,53.473021,5.36,0.331
21682,4.667616,12.197609,5.45,-0.121
21685,4.668095,39.788451,7.2,1.591
21690,4.668557,-24.482368,5.56,0.926
21696,4.669729,40.78901,6.58,0.425
21700,4.67061,-38.807027,7.43,1.216
21703,4.671594,-58.943909,6.53,0.677
21706,4.672512,64.557156,7.04,0.945
21707,4.672966,29.972226,6.8,0.393
21710,4.674031,-19.671493,4.32,1.599
21717,4.676039,-41.863752,4.44,0.342
21718,4.676172,-48.538238,6.9,1.1
21721,4.67671,44.097064,7.47,0.172
21733,4.68017,-45.793041,7.5,0.123
21737,4.680427,57.879618,7.26,0.125
21755,4.684718,-6.747514,7.06,1.073
21766,4.688822,28.614994,5.73,0.018
21770,4.690032,48.300881,5.66,0.002
21772,4.69193,-23.976441,7.34,1.697
21774,4.692768,-14.687856,7.33,1.089
21779,4.693391,42.11847,7.29,0.633
21784,4.695009,-12.475786,6.64,0.127
21790,4.69616,-47.259785,6.77,0.745
21794,4.697283,38.280182,5.97,0.593
21796,4.697718,-47.826046,7.37,0.3
21808,4.700965,-37.144297,5.04,0.391
21809,4.701035,69.093713,7.44,1.116
21810,4.701139,24.010764,7.19,0.484
21816,4.702262,-37.61347,6.93,-0.034
21827,4.703811,2.990009,7.26,0.191
21828,4.704084,22.956926,4.27,-0.112
21829,4.70417,9.63382,6.76,0.354
21840,4.706169,-23.177968,6.8,1.579
21841,4.70627,-0.9299,6.73,0.407
21856,4.711211,-5.757267,7.14,0.038
21861,4.712899,-50.481334,5.3,0.977
21862,4.713225,38.426627,6.66,0.291
21865,4.713564,12.209765,7.4,0.76
21870,4.714362,18.720433,7.12,0.677
21875,4.715089,43.365138,5.3,0.028
21889,4.716474,14.814572,6.69,0.904
21896,4.717764,-70.931027,5.53,-0.114
21897,4.718048,33.929716,7.26,1.109
21904,4.718792,-6.47098,7.39,0.119
21905,4.719249,-30.765557,5.66,1.391
21908,4.720488,24.08892,6.18,0.544
21912,4.721445,-23.628348,7.12,0.411
21913,4.721602,59.521134,6.51,0.239
21916,4.722328,-47.221616,7.36,1.517
21919,4.722665,49.973789,5.86,0.013
21926,4.724906,-52.546018,7.19,1.346
21933,4.726318,-8.794317,5.98,0.645
21945,4.728964,-41.064788,6.24,1.468
21946,4.728995,-52.263293,6.62,0.374
21948,4.729731,-20.351812,7.46,0.997
21950,4.730068,32.865459,6.49,0.311
21953,4.73044,-48.32697,6.9,0.498
21960,4.731667,22.94441,6.91,0.014
21971,4.734811,-8.503571,5.78,-0.076
21975,4.73555,-18.666586,5.53,0.025
21981,4.736949,40.786454,6.09,0.04
21983,4.737581,-27.577879,6.76,1.497
21987,4.739205,-59.732733,5.28,0.206
21988,4.739284,48.175755,6.78,1.269
21991,4.740508,11.146137,5.39,0.251
21993,4.741415,-27.948852,7.16,0.931
22002,4.743169,38.254994,6.74,0.778
22008,4.745037,0.568101,7.22,-0.173
22022,4.74863,52.339675,6.88,0.116
22028,4.749419,-63.229715,6.46,1.077
22033,4.751156,-21.283383,5.72,1.476
22040,4.754045,79.656925,6.67,0.016
22053,4.757707,47.47641,7.26,1.111
22056,4.758375,-3.254657,4.01,-0.148
22075,4.761796,23.627996,6.34,0.058
22077,4.762498,63.259715,7.34,1.036
22083,4.763795,-34.005004,6.85,0.002
22084,4.763868,-2.908665,7.25,0.291
22085,4.76391,28.66068,7.01,0.994
22091,4.765406,-39.356619,6.04,1.065
22097,4.76643,-66.078703,7.39,0.432
22100,4.766786,76.611042,6.46,0.512
22104,4.76715,11.705591,5.35,0.197
22108,4.768083,18.80074,7.48,1.499
22113,4.768779,84.029755,7.31,0.974
22117,4.769315,-49.24585,7.48,1.472
22123,4.771341,18.734693,5.99,1.221
22128,4.772326,55.655098,7.18,1.552
22136,4.773379,-2.954532,6.33,0.041
22137,4.773478,64.810297,6.85,1.203
22139,4.773819,-28.087444,6.18,0.189
22143,4.774145,42.348561,6.53,0.704
22160,4.777088,-68.546031,7.2,0.568
22167,4.779021,40.31259,5.99,0.934
22168,4.779327,9.01742,7.24,0.56
22178,4.782564,-21.211439,7.1,1.02
22180,4.783039,-29.407599,7.5,1.029
22182,4.78367,-38.308929,7.34,0.934
22183,4.783926,41.305022,7.2,0.064
22186,4.785184,10.051656,7.19,0.16
22187,4.785238,-59.137086,6.8,1.044
22192,4.788312,5.788222,6.77,0.018
22196,4.78936,-61.476116,7.23,0.448
22210,4.793413,-16.934456,5.49,0.632
22226,4.797092,53.301088,6.77,0.452
22227,4.797104,-30.020372,6.35,1.071
22234,4.800069,56.757183,5.29,0.246
22243,4.801631,0.675781,7.49,0.453
22245,4.801783,-63.480329,7.16,0.979
22247,4.801942,55.602611,6.32,0.32
22249,4.803202,-56.817283,7.47,1.507
22250,4.80344,59.241006,7.47,0.332
22251,4.803843,-9.506702,7.17,-0.088
22256,4.805298,29.23573,6.89,0.461
22259,4.80541,67.7633,7.0,0.32
22261,4.806317,29.773003,7.41,0.03
22266,4.807682,2.715335,6.51,0.846
22270,4.808788,-49.79275,7.35,0.97
22272,4.809037,-16.329484,5.76,0.537
22276,4.809384,-43.979979,6.72,0.948
22283,4.810107,-5.674045,5.77,0.631
22290,4.810955,3.649283,7.32,-0.057
22292,4.811262,70.526875,7.44,1.056
22293,4.811401,7.839974,7.1,1.509
22296,4.811704,18.70943,6.95,0.618
22299,4.812183,21.315768,7.03,0.122
22301,4.812396,3.588526,6.04,1.2
22305,4.813063,-60.258939,6.96,1.348
22308,4.813968,75.941219,5.96,0.283
22314,4.815626,3.689704,7.02,0.034
22317,4.815961,-47.134514,7.45,0.142
22325,4.817341,-88.271155,7.17,1.728
22328,4.817988,-56.666578,6.59,1.68
22330,4.818269,61.507388,7.11,1.505
22336,4.819622,-42.384799,7.26,0.17
22338,4.819933,-34.311834,6.81,1.267
22340,4.820235,31.437375,5.57,1.132
22343,4.820424,-4.986496,7.16,-0.15
22347,4.821039,28.350831,7.17,1.779
22349,4.821112,29.571362,7.26,0.065
22353,4.821944,-9.009384,7.42,0.079
22354,4.821965,32.588191,5.84,0.25
22358,4.822329,-42.413672,7.31,0.199
22386,4.828402,-13.769669,6.27,0.456
22388,4.828912,15.904221,6.09,1.551
22396,4.830669,6.961276,3.19,0.484
22398,4.831204,-35.10763,7.49,0.901
22400,4.831846,37.488275,4.89,1.447
22402,4.831924,13.689088,7.06,1.744
22404,4.832265,-30.97055,7.35,1.157
22408,4.834337,8.407845,6.85,-0.045
22412,4.834847,66.535341,7.49,1.238
22415,4.835223,-15.804329,6.72,0.977
22416,4.835269,-58.801157,7.46,1.227
22423,4.83612,63.625414,6.88,0.025
22426,4.83656,-16.217159,5.03,0.992
22435,4.837828,-41.320848,6.06,0.408
22437,4.838139,6.949913,7.22,0.144
22444,4.83998,17.202665,7.1,0.563
22446,4.841075,-3.865205,7.36,1.192
22447,4.841209,-38.55995,7.18,0.526
22450,4.842182,-27.100829,7.26,1.189
22455,4.843441,70.941528,6.36,-0.069
22456,4.843534,8.900176,4.35,0.01
22466,4.845663,-18.900069,7.31,1.258
22467,4.845941,1.147764,6.66,0.073
22471,4.846817,16.210455,7.29,0.536
22473,4.847047,-0.094968,7.27,1.075
22476,4.848096,37.760497,7.28,0.471
22478,4.848706,-53.461508,5.58,0.341
22481,4.849036,-53.459698,6.42,0.483
22490,4.852102,-25.309979,7.16,0.106
22492,4.852594,48.740685,5.64,1.013
22496,4.853434,5.605104,3.68,-0.157
22497,4.853481,11.068026,6.79,0.543
22500,4.853709,68.168783,6.54,2.1
22510,4.855786,-68.069653,6.81,0.615
22512,4.856239,18.839861,5.08,0.214
22516,4.857507,-51.725561,6.55,0.73
22520,4.857837,-34.906286,5.82,0.105
22522,4.858178,35.815139,6.78,0.717
22524,4.858497,-3.659536,7.34,1.355
22535,4.860902,-10.290335,7.27,-0.081
22537,4.861269,-8.401299,7.17,-0.006
22539,4.861525,-11.947595,7.45,1.028
22543,4.862073,45.834157,6.94,0.586
22544,4.862051,9.975078,6.11,0.06
22554,4.863885,13.655155,6.3,0.502
22558,4.865065,-34.238659,6.68,0.533
22563,4.865884,9.872702,6.82,0.423
22567,4.867224,-46.852439,7.13,0.958
22573,4.868109,63.505421,5.47,1.559
22580,4.869597,31.164169,6.71,0.875
22583,4.870069,1.50935,7.42,1.466
22591,4.872128,-7.895704,7.43,-0.028
22594,4.872322,36.641981,6.8,1.1
22596,4.87247,-7.709329,7.32,0.88
22597,4.872639,45.939911,6.69,0.558
22614,4.875545,14.250642,4.71,1.773
22626,4.877218,36.703187,4.79,1.414
22629,4.878081,12.38471,7.26,0.146
22644,4.879754,27.897485,5.97,0.368
22646,4.879933,42.586626,5.68,0.115
22648,4.881575,-5.452695,4.36,0.257
22650,4.882178,75.710097,7.1,0.74
22654,4.882842,26.777442,7.49,1.419
22664,4.884919,-72.40768,6.28,0.521
22667,4.886052,52.841155,6.4,0.068
22668,4.886724,-20.772134,7.02,0.184
22671,4.888031,-38.144244,6.95,1.444
22677,4.889659,2.508225,5.33,1.632
22680,4.89047,66.006169,7.08,0.931
22683,4.891104,-72.764821,7.32,0.237
22684,4.891803,-66.675413,6.43,1.64
22690,4.892806,23.315663,6.55,1.036
22691,4.892989,36.805816,6.69,1.039
22694,4.893462,25.366317,7.14,0.249
22701,4.894368,61.481719,6.64,0.203
22712,4.89734,68.218866,7.12,1.149
22721,4.898835,1.569369,6.61,0.042
22729,4.900847,17.026825,7.22,0.536
22730,4.900836,66.342678,4.26,-0.008
22733,4.90114,-38.162867,6.75,1.257
22744,4.904193,2.440672,3.71,-0.179
22757,4.907571,-5.420623,7.34,1.024
22759,4.907771,-3.225917,6.52,0.458
22770,4.911446,12.025773,7.44,0.139
22773,4.912126,12.352201,7.13,0.583
22780,4.913027,11.426006,5.18,0.121
22781,4.913273,7.779097,5.33,1.214
22787,4.914086,0.467167,5.98,-0.116
22789,4.914233,44.060861,6.06,-0.032
22791,4.914717,-58.547652,6.11,0.442
22792,4.914924,10.150833,4.64,0.085
22793,4.915224,16.386499,7.12,0.211
22794,4.915226,-39.628607,6.11,1.423
22795,4.91566,8.599997,6.86,0.15
22797,4.916211,19.485388,6.36,0.292
22800,4.916745,14.593773,7.5,0.848
22801,4.917537,55.259109,5.52,0.015
22808,4.918562,-16.74067,5.71,0.953
22816,4.919486,51.604592,7.05,0.069
22818,4.919765,-74.936852,5.47,1.518
22828,4.921847,-16.417767,5.71,0.874
22841,4.924481,32.154797,7.42,0.32
22844,4.92505,-25.727758,6.71,0.271
22845,4.925122,32.783944,7.18,1.14
22850,4.926274,27.202421,7.33,1.281
22852,4.927329,-23.241879,7.49,0.606
22857,4.929401,30.551192,7.03,0.132
22860,4.930598,15.040278,5.79,-0.085
22866,4.932189,4.670427,7.02,0.561
22870,4.932875,5.399024,6.5,0.025
22873,4.933619,1.62519,6.88,0.246
22875,4.934269,43.493447,7.4,1.789
22882,4.935176,22.57656,7.16,1.21
22883,4.935299,52.869761,5.75,0.105
22885,4.935825,7.904696,6.42,0.415
22891,4.936834,-17.736285,7.37,0.774
22893,4.937264,3.175836,7.32,0.032
22894,4.937276,21.572348,7.35,0.284
22896,4.937661,24.592218,6.33,0.351
22902,4.938913,36.168537,6.1,0.352
22904,4.939521,13.514466,4.06,1.158
22905,4.940052,-5.171356,5.5,-0.123
22931,4.9455,8.822407,7.49,0.219
22937,4.94653,16.734294,7.31,1.205
22938,4.946641,-16.135083,7.46,0.063
22941,4.947078,55.824114,6.65,1.678
22945,4.947441,-70.925092,7.17,0.966
22957,4.94965,-8.458882,6.89,0.315
22960,4.949804,3.286059,7.32,0.069
22961,4.949894,33.16609,2.69,1.49
22966,4.950692,49.922073,6.95,0.395
22974,4.951807,-65.01592,7.21,0.104
22975,4.952076,-58.069636,6.81,0.425
22979,4.952655,59.12031,6.55,1.663
22983,4.954283,61.753117,6.76,0.947
22986,4.954775,-1.067258,6.25,0.423
22987,4.95478,53.752101,4.43,-0.017
22989,4.956206,17.153677,5.51,1.304
22993,4.958771,65.278291,6.72,1.003
23006,4.962412,-14.23192,6.15,-0.202
23012,4.963205,67.776095,7.26,0.029
23014,4.963513,23.948562,5.79,1.109
23022,4.965103,-6.102222,7.14,1.052
23024,4.966131,-50.575811,7.41,0.975
23027,4.967217,-58.208247,6.87,1.499
23034,4.969275,25.050405,5.79,0.018
23036,4.969567,-16.780182,6.67,0.102
23038,4.969698,-2.212738,6.34,0.11
23046,4.970273,40.056865,7.21,0.496
23051,4.971385,0.453957,7.2,0.705
23062,4.973944,-3.732886,6.97,0.516
23063,4.974575,37.329037,6.74,0.335
23069,4.975806,1.714016,4.47,1.369
23071,4.975895,-28.887742,7.35,1.612
23075,4.976743,-14.784085,7.38,0.292
23083,4.979076,-17.806818,7.06,1.315
23094,4.980829,-82.470512,5.84,0.932
23107,4.98317,14.54324,6.14,0.156
23112,4.983713,-16.376027,5.65,0.447
23125,4.987612,37.890245,4.93,0.037
23129,4.988669,-32.239183,6.7,1.295
23131,4.989023,-36.871479,7.11,0.473
23132,4.989236,43.323382,7.42,-0.005
23138,4.990711,-9.16623,7.23,0.114
23142,4.99157,-49.458105,6.99,0.375
23151,4.993511,25.93585,7.29,0.803
23159,4.995214,41.8732,6.66,0.952
23160,4.995645,15.916734,6.75,0.45
23162,4.996204,53.155451,6.09,1.462
23167,4.997348,-10.263325,5.39,0.797
23174,4.998264,27.325604,6.95,0.148
23177,4.998816,-12.537416,4.78,0.267
23180,4.999408,-25.054494,7.41,0.388
23191,5.002283,3.286675,7.48,1.254
23197,5.003688,-78.300009,6.29,1.517
23207,5.005095,39.394701,5.95,0.415
23211,5.005755,81.194088,5.09,1.304
23214,5.006449,39.654653,6.46,1.677
23225,5.009039,3.614792,7.03,-0.033
23226,5.00908,-64.394352,7.4,1.26
23228,5.009249,36.627406,7.29,0.202
23232,5.009387,14.38381,6.75,0.673
23234,5.009426,3.615749,6.65,-0.053
23242,5.011058,-2.066032,6.31,0.293
23244,5.011266,-13.503719,7.22,0.065
23248,5.01184,10.913428,6.8,0.034
23255,5.013126,4.567638,6.69,1.032
23256,5.013611,-5.753675,6.22,1.049
23271,5.017502,-11.208076,7.33,-0.042
23273,5.018339,3.717325,7.25,-0.139
23274,5.018602,58.665774,7.37,1.022
23280,5.019284,-74.340845,6.9,-0.026
23292,5.021746,-23.707875,7.48,0.458
23295,5.021921,26.534294,7.45,0.1
23298,5.022447,15.744372,7.41,1.668
23300,5.022648,45.888982,7.42,0.396
23307,5.023772,-20.051918,4.91,-0.047
23308,5.023793,-0.696907,6.76,0.149
23309,5.023985,-7.173965,4.8,-0.164
23314,5.024543,-10.649318,7.39,1.08
23315,5.024544,44.398047,7.28,0.196
23322,5.026257,-39.718046,6.02,0.893
23325,5.026676,61.077996,6.03,0.448
23339,5.028771,55.575013,7.39,0.297
23341,5.028966,26.671168,6.79,0.506
23348,5.029573,57.133396,7.5,1.1
23349,5.029895,-10.933858,6.76,0.909
23350,5.029905,11.375287,7.17,0.038
23353,5.030654,0.722112,5.91,1.267
23361,5.032815,43.823308,3.03,0.537
23364,5.03334,1.608865,6.45,-0.05
23367,5.033605,-5.501045,6.64,0.365
23370,5.034866,69.16027,7.12,0.446
23374,5.035408,-31.348975,7.05,1.271
23375,5.03606,-26.275029,5.01,1.056
23382,5.038078,-56.080536,7.02,0.636
23387,5.038832,74.269368,6.05,1.562
23391,5.039668,-31.771333,5.92,1.17
23398,5.041301,41.075837,3.69,1.154
23402,5.042076,7.424031,6.86,0.958
23409,5.043857,-8.894209,7.24,0.965
23412,5.045279,-71.3143,5.3,0.996
23418,5.045709,3.457704,7.32,-0.093
23419,5.045828,-22.795052,5.74,1.188
23420,5.045943,-4.210121,5.86,1.212
23428,5.046861,-49.151407,5.37,0.421
23429,5.047327,66.822974,6.2,0.509
23432,5.048911,-49.703436,7.26,1.042
23434,5.049271,42.569042,7.5,-0.089
23437,5.050445,12.059408,7.24,0.343
23438,5.050544,-8.663152,6.86,-0.02
23439,5.050579,-42.497912,6.95,1.617
23442,5.051596,21.589962,4.62,0.155
23456,5.055177,41.441646,6.11,0.188
23467,5.05697,60.442245,4.03,0.921
23480,5.060627,37.268547,7.3,0.12
23484,5.061904,-2.539984,6.73,1.076
23495,5.064433,24.972816,7.44,0.81
23496,5.064479,-14.370231,6.42,-0.187
23499,5.064797,-24.388151,5.61,0.094
23500,5.064986,-41.74495,6.3,0.528
23505,5.065719,-14.556197,6.71,1.21
23509,5.066519,-10.635185,7.24,1.403
23514,5.067507,47.664838,7.13,1.296
23527,5.070216,73.763887,6.21,1.609
23528,5.070712,30.494588,6.14,1.208
23530,5.071162,45.77935,6.51,0.223
23531,5.071666,-6.031298,6.93,-0.014
23534,5.072663,21.277931,6.2,1.324
23540,5.07344,-35.482978,4.55,1.177
23541,5.073931,-35.705109,6.32,0.311
23546,5.074583,7.830282,7.15,0.997
23552,5.076153,15.404105,4.65,-0.064
23555,5.076795,-14.947424,7.32,1.627
23556,5.076921,32.320271,6.59,0.277
23559,5.077204,-12.928174,7.38,0.258
23560,5.077212,27.696024,6.62,0.238
23562,5.077683,74.066955,6.1,0.018
23566,5.078279,14.85903,6.78,0.139
23572,5.079879,-11.699029,7.2,0.618
23576,5.080489,-20.245797,7.19,0.897
23588,5.081813,-3.039675,6.04,-0.117
23594,5.082776,-49.577837,5.05,1.484
23595,5.082955,41.880424,7.31,0.144
23598,5.083502,-54.407401,6.26,1.554
23611,5.086958,8.942137,7.45,-0.029
23613,5.087832,-26.152391,5.71,1.166
23625,5.089921,1.177627,6.1,3.332
23629,5.090913,46.916378,6.6,0.888
23630,5.091018,-22.371032,3.19,1.46
23638,5.091853,-57.472704,4.71,0.526
23640,5.09225,19.806723,6.48,0.219
23644,5.09381,23.06105,6.69,0.081
23654,5.09701,35.846054,7.31,0.453
23657,5.09817,26.429933,6.6,0.113
23660,5.098563,50.046022,7.32,0.024
23669,5.100256,35.936388,6.49,0.184
23673,5.101459,3.78848,7.43,1.127
23675,5.101684,68.972574,6.68,0.391
23678,5.102322,33.918687,7.05,-0.05
23679,5.102349,58.972372,5.22,-0.08
23682,5.102575,-73.037673,6.26,0.01
23686,5.103071,-10.422107,7.47,0.422
23688,5.103372,59.02134,6.08,1.112
23698,5.106139,54.405185,7.17,1.023
23699,5.106154,-14.696578,7.12,-0.095
23702,5.106364,2.673263,7.49,-0.1
23709,5.108245,61.169756,6.0,1.38
23712,5.10858,41.234474,3.18,-0.148
23721,5.10983,-77.567469,7.32,0.652
23722,5.110206,-13.122622,6.04,-0.03
23728,5.111289,51.59772,4.98,0.343
23729,5.111369,22.510755,7.13,0.145
23734,5.111965,14.084778,7.3,0.559
23737,5.1124,-59.877848,7.31,1.286
23739,5.112681,-4.655163,5.12,-0.059
23744,5.113766,43.174705,6.2,0.444
23747,5.115391,-5.165621,7.3,0.549
23761,5.119075,-17.299921,7.04,0.506
23763,5.119376,-19.391868,6.47,0.648
23766,5.121323,0.991037,7.47,0.366
23769,5.121763,-83.859899,6.8,0.573
23773,5.122851,50.305612,7.4,0.087
23776,5.1236,-12.491269,5.97,0.606
23778,5.123868,-44.821691,6.91,-0.094
23779,5.123964,-8.653151,7.0,-0.104
23780,5.124164,18.645052,4.91,0.657
23783,5.125191,55.540076,7.3,0.558
23785,5.126116,-63.399679,5.19,1.646
23786,5.126185,-54.989012,7.33,0.49
23795,5.126976,32.764027,7.45,1.375
23797,5.127309,9.47178,6.15,0.625
23807,5.128433,-17.28874,7.22,1.18
23810,5.129493,55.759163,6.92,1.33
23811,5.129501,10.895068,7.04,0.056
23816,5.130111,20.418379,5.28,0.118
23819,5.130502,-12.592658,6.33,1.617
23820,5.130829,-5.086446,2.78,0.161
23824,5.131359,8.498429,5.33,0.338
23828,5.132066,21.704821,5.84,0.168
23833,5.133433,-20.12126,7.32,1.093
23838,5.134383,-6.21898,7.44,1.13
23841,5.134718,7.898403,6.66,0.98
23842,5.134936,15.85524,7.24,1.208
23844,5.135105,3.748583,7.23,0.095
23845,5.135173,24.265175,5.5,0.03
23846,5.135279,-49.297141,7.44,0.299
23853,5.137016,-15.095354,6.38,0.889
23855,5.137427,-35.718283,6.51,1.087
23861,5.138942,-8.665324,5.8,-0.059
23871,5.141645,-41.213681,6.75,0.662
23874,5.14223,-2.824497,7.07,0.409
23875,5.142585,-3.009609,7.24,0.56
23878,5.143149,28.273453,6.96,0.537
23880,5.143797,-3.305916,7.22,0.406
23886,5.145472,-4.456207,5.11,0.455
23890,5.146154,11.75223,7.25,1.354
23894,5.147342,19.85986,6.51,0.903
23902,5.148931,3.218724,6.51,0.141
23909,5.15122,49.121899,6.64,0.19
23917,5.15244,-8.754081,4.25,-0.187
23923,5.153573,-48.979465,7.26,1.029
23928,5.155456,9.829579,5.43,0.249
23937,5.157012,-23.118656,7.24,1.128
23940,5.158264,-2.135018,6.59,1.018
23948,5.160121,38.685533,6.91,1.006
23949,5.160181,69.639401,6.43,1.101
23953,5.161047,-44.335486,7.49,0.463
23954,5.16117,62.479709,6.63,0.251
23955,5.161654,15.597232,4.81,0.313
23959,5.16203,-22.494009,7.23,0.368
23961,5.162135,29.798625,6.67,0.526
23962,5.162367,64.91949,6.37,0.448
23964,5.162524,28.030461,5.93,0.311
23966,5.162754,7.181589,7.41,0.464
23976,5.166177,8.173151,7.02,0.546
23981,5.167032,75.681838,7.28,0.066
23983,5.167338,-40.559465,6.89,1.537
23986,5.167573,-0.565323,6.11,1.098
23989,5.167738,27.556507,6.97,0.505
23995,5.168808,53.709788,7.49,0.06
24002,5.169558,13.548369,6.69,0.381
24015,5.171891,37.301854,6.02,0.72
24019,5.172409,-7.594099,7.42,0.543
24035,5.175841,5.314955,7.3,0.111
24041,5.176144,-11.648639,7.13,-0.057
24042,5.176382,30.79754,6.71,1.594
24051,5.17852,63.597212,6.74,0.301
24052,5.178585,46.96207,5.67,0.452
24057,5.179053,-25.910463,6.4,1.246
24072,5.182785,-2.254114,6.24,0.984
24074,5.183036,-34.903773,7.1,1.436
24103,5.188374,29.729947,7.11,-0.034
24105,5.18866,-2.490782,5.89,0.462
24112,5.189686,-11.849089,5.6,1.35
24115,5.190986,30.805329,6.62,1.165
24121,5.191684,-30.225511,7.06,0.478
24127,5.192782,35.957354,7.08,1.514
24132,5.193288,-37.395281,6.57,1.653
24136,5.193976,29.90358,6.42,1.752
24139,5.194819,0.514574,6.68,-0.072
24140,5.194879,16.045673,5.18,1.525
24146,5.195931,1.037028,5.88,0.662
24148,5.196236,4.403539,7.0,0.588
24154,5.198786,53.452109,7.07,0.999
24160,5.200341,6.838133,7.46,1.091
24164,5.200842,-65.175709,7.03,0.431
24167,5.201047,-41.667717,7.43,1.117
24182,5.204158,40.101562,6.97,0.037
24187,5.204973,-11.869219,4.45,-0.099
24195,5.205976,26.454613,6.78,1.004
24196,5.206112,-51.55012,7.32,1.085
24197,5.206237,73.946674,5.44,-0.108
24198,5.206433,67.67937,7.28,0.417
24199,5.20714,-81.541732,6.51,1.107
24218,5.210028,-14.951111,7.29,1.04
24237,5.213369,-6.05719,5.9,0.96
24242,5.214393,-27.177587,7.05,1.561
24248,5.215511,-27.159006,7.38,1.373
24249,5.215528,-16.205468,3.29,-0.11
24256,5.217451,61.85004,6.17,0.032
24262,5.21891,44.566987,7.34,0.039
24269,5.22037,40.193533,7.38,-0.017
24270,5.220522,-12.941291,4.36,-0.094
24274,5.221523,2.861265,4.46,1.166
24275,5.221519,37.337309,6.48,0.542
24276,5.221816,-59.585675,7.12,1.305
24283,5.223811,38.484498,4.82,0.189
24287,5.224411,-55.568899,7.11,0.636
24291,5.225353,62.691132,6.49,0.204
24292,5.225432,1.967684,6.08,0.421
24297,5.22579,-17.106479,7.41,0.588
24298,5.225816,-31.904256,7.5,-0.23
24304,5.227024,-32.067123,7.16,0.219
24309,5.227516,-3.622028,7.09,-0.133
24314,5.229288,-67.185255,4.81,1.274
24315,5.229537,-35.825391,6.98,1.47
24319,5.229793,0.560423,6.33,1.463
24320,5.229913,-6.748281,7.35,-0.06
24321,5.230348,37.032668,6.86,0.015
24326,5.231482,-52.030755,6.03,1.392
24329,5.232174,-22.988445,7.35,0.993
24336,5.233319,-14.606872,6.22,0.377
24339,5.23381,51.430708,7.19,0.631
24343,5.234586,-21.64995,7.41,0.225
24345,5.234929,21.223689,7.19,0.21
24346,5.235497,67.481756,7.13,0.145
24355,5.237346,30.39987,7.16,0.311
24359,5.238836,69.823701,7.21,1.03
24361,5.238903,-15.826631,7.43,0.719
24362,5.239147,-26.793733,7.41,1.357
24367,5.241015,-10.416608,7.43,0.364
24368,5.241346,-35.976996,5.75,1.009
24372,5.241823,-26.208691,6.93,1.104
24378,5.242298,-8.20164,0.18,-0.03
24382,5.243205,76.472761,6.36,-0.011
24383,5.243598,-0.562842,6.89,1.82
24387,5.244053,63.126939,6.89,0.308
24389,5.244288,31.401926,6.63,1.007
24391,5.244807,-7.071666,6.7,1.259
24392,5.245569,5.156151,5.5,1.369
24393,5.245631,53.213949,6.16,0.084
24416,5.252434,-36.652889,6.75,1.123
24417,5.25251,15.062559,7.47,0.157
24419,5.252927,8.43238,7.25,0.368
24420,5.252962,-28.335264,7.15,0.267
24421,5.253164,59.405687,6.15,1.179
24424,5.253299,1.556149,7.24,1.441
24430,5.254287,47.17073,6.91,0.982
24432,5.254489,-52.665281,7.31,1.183
24435,5.255139,-1.40904,6.15,0.401
24446,5.25677,-26.943509,5.06,-0.067
24448,5.256777,32.6876,5.01,0.222
24449,5.256908,-73.588475,6.49,0.15
24454,5.257682,22.284858,6.26,0.075
24462,5.26078,-52.182179,6.48,1.213
24470,5.262195,-22.894361,6.76,0.14
24471,5.262223,50.562151,7.49,0.189
24474,5.26307,-34.926679,6.66,0.153
24496,5.267815,11.341354,5.52,-0.012
24500,5.269461,-41.249217,7.2,1.549
24501,5.2696,-11.352553,6.45,0.67
24516,5.271708,34.312317,5.99,0.199
24518,5.27329,-33.537823,6.95,0.991
24519,5.273374,-32.513534,7.07,0.537
24523,5.273735,-23.058999,7.17,1.034
24528,5.274711,36.071823,7.22,0.159
24540,5.27669,-7.203093,7.42,0.3
24544,5.277172,-45.913734,7.02,-0.103
24548,5.278067,1.947328,6.42,-0.015
24549,5.27815,45.997991,0.08,0.795
24553,5.278856,18.439535,7.16,0.106
24559,5.280073,-17.142339,6.55,-0.15
24570,5.283401,-31.276685,7.47,0.475
24573,5.284806,9.927279,7.48,0.005
24574,5.284844,12.565487,7.05,1.051
24575,5.284892,16.351588,7.43,1.03
24579,5.286783,39.46365,7.13,1.345
24581,5.287513,-39.288056,7.14,0.083
24583,5.28763,28.905002,6.76,0.765
24589,5.289529,-17.774808,6.76,0.29
24598,5.29099,60.181677,6.96,0.458
24599,5.291411,-34.895207,4.81,0.987
24603,5.291987,20.131842,6.69,0.523
24604,5.29212,74.535806,7.36,0.224
24605,5.29216,24.009677,6.85,1.061
24606,5.292286,5.482323,7.14,1.011
24610,5.293195,-15.219565,6.98,-0.036
24614,5.293442,-6.844409,3.59,-0.115
24619,5.294512,-13.519826,5.48,0.932
24621,5.294716,7.353343,7.31,0.661
24628,5.29546,-54.472351,7.1,0.89
24643,5.299181,8.104855,7.36,1.052
24649,5.300265,-8.228114,7.5,1.648
24650,5.300273,-0.037692,7.39,-0.117
24667,5.302935,33.371613,4.54,1.252
24670,5.303103,9.216458,7.41,0.204
24672,5.30368,73.268071,5.81,-0.023
24675,5.304276,28.780018,7.28,0.308
24677,5.304335,-74.69815,7.49,1.533
24678,5.304359,42.792111,5.55,1.492
24680,5.305249,33.767348,6.15,-0.043
24689,5.307073,-5.660924,7.06,1.17
24700,5.308634,75.947026,7.42,1.072
24701,5.308786,21.792406,7.3,0.234
24705,5.309064,48.923501,6.93,1.282
24711,5.311201,40.465124,6.22,1.386
24719,5.312203,-62.984946,7.22,1.39
24726,5.314017,-18.13005,5.96,0.572
24729,5.314701,13.567175,7.45,0.033
24733,5.315385,41.095499,6.69,1.521
24739,5.316674,33.748394,5.38,-0.167
24753,5.318995,40.099051,4.69,0.63
24757,5.319783,2.595806,5.34,0.412
24760,5.320748,20.134596,6.12,1.02
24761,5.320935,34.890545,7.04,0.129
24762,5.321278,22.096494,4.96,0.937
24765,5.32151,-18.519919,6.37,-0.134
24767,5.321753,-18.509559,6.53,-0.1
24769,5.322813,-50.605967,5.44,0.517
24771,5.323246,-27.368884,5.98,-0.022
24772,5.323261,33.985421,6.49,0.256
24776,5.324404,58.117365,6.13,-0.031
24780,5.325328,-25.124189,6.94,1.483
24785,5.326257,-13.176788,4.29,-0.235
24787,5.326468,-1.411892,6.33,-0.105
24797,5.328401,-4.877294,7.33,0.16
24798,5.328598,67.996412,7.47,0.7
24800,5.329544,-25.927532,7.11,0.397
24804,5.330289,2.513611,7.0,0.531
24813,5.333062,-12.315585,5.29,-0.104
24816,5.333467,-47.048807,7.03,1.634
24817,5.333532,32.785598,7.0,0.579
24819,5.333589,33.958054,5.05,0.287
24821,5.333977,44.425383,6.49,1.331
24822,5.334219,-5.208363,7.18,-0.019
24823,5.334336,13.544989,7.5,0.561
24826,5.334608,39.789505,7.34,0.072
24830,5.335078,39.343387,7.36,1.695
24832,5.335613,35.785971,7.39,1.738
24838,5.336503,36.674634,7.5,-0.028
24842,5.337409,41.086212,5.46,0.122
24846,5.338415,19.57823,6.65,-0.026
24848,5.339086,-34.698856,6.34,0.318
24853,5.339615,62.653711,5.64,1.728
24860,5.340132,10.890382,7.42,0.155
24864,5.340669,-5.367528,6.4,-0.047
24866,5.340811,-21.239763,4.7,-0.048
24868,5.341168,-60.779846,7.09,0.119
24882,5.343595,-43.533954,6.6,1.688
24886,5.3439,-39.754944,7.39,0.51
24887,5.343978,71.71468,6.57,0.926
24890,5.344212,46.963783,6.54,0.582
24894,5.344635,66.746878,6.39,0.921
24896,5.3453,37.438666,6.79,0.0
24899,5.345489,2.54478,6.43,1.041
24900,5.345695,-29.206073,7.41,0.052
24901,5.347205,34.267478,7.35,1.57
24906,5.347846,2.928872,6.77,0.256
24910,5.348118,9.724651,6.62,0.155
24912,5.348539,40.884854,7.29,0.013
24914,5.348742,-19.687327,7.41,1.054
24916,5.34906,19.814347,6.2,1.229
24923,5.349815,27.957262,6.35,0.039
24935,5.353074,-30.071836,7.39,1.351
24937,5.353324,11.109357,7.46,0.371
24940,5.353524,29.569884,5.66,0.06
24946,5.354684,-34.345051,6.05,-0.176
24947,5.354817,54.252545,6.63,1.16
24950,5.355363,4.011948,6.49,-0.089
24953,5.356023,-14.555377,7.31,-0.089
24956,5.356407,-51.575323,6.67,0.991
24964,5.357898,-1.546235,7.11,-0.079
24967,5.358845,-0.416491,5.68,-0.125
24980,5.3621,8.428556,5.78,-0.114
24983,5.362708,-0.382465,4.72,-0.168
24984,5.362849,-24.772981,5.06,0.662
24987,5.363448,41.804572,5.22,-0.129
24991,5.364164,-13.755685,6.62,-0.082
24996,5.365329,-54.272602,7.13,0.135
24997,5.365364,-17.603631,6.47,1.206
24998,5.365382,39.573022,7.31,0.48
25002,5.365854,42.285995,6.98,1.05
25004,5.36619,-2.9637,7.06,-0.036
25010,5.368207,3.571631,7.42,1.62
25017,5.36928,-81.038935,7.2,0.279
25020,5.36978,5.395305,7.01,0.516
25030,5.371846,-8.666121,6.82,1.8
25032,5.372122,59.277912,7.09,0.75
25036,5.372819,-56.134401,6.1,-0.091
25038,5.373697,-71.506507,7.43,0.192
25044,5.375646,-73.801432,6.86,1.448
25047,5.376036,79.231149,5.08,0.506
25051,5.376453,37.676008,7.4,0.188
25073,5.379369,2.796215,6.71,0.079
25079,5.380556,3.544452,4.99,-0.096
25080,5.380644,41.02926,5.54,0.127
25082,5.380843,3.552219,7.17,-0.111
25111,5.384872,1.056909,7.08,0.006
25117,5.386665,-26.705433,6.49,0.505
25121,5.38684,47.021618,6.81,1.7
25124,5.388475,-8.415595,5.99,-0.037
25129,5.389686,28.936761,6.45,-0.04
25131,5.390006,-39.678423,5.73,1.626
25134,5.391065,57.544395,5.24,-0.011
25139,5.39171,-13.927352,5.25,-0.219
25141,5.391846,18.600691,7.27,1.671
25142,5.391963,5.323086,6.34,0.123
25144,5.39215,16.040494,7.27,0.125
25153,5.393807,16.699298,6.09,0.141
25155,5.393932,-22.308103,7.45,0.188
25158,5.394132,-37.33669,6.8,1.037
25159,5.394374,64.12477,7.29,0.538
25160,5.395086,-0.159818,5.69,-0.208
25163,5.395363,56.088898,6.85,1.098
25175,5.397573,36.39841,6.83,0.903
25177,5.397592,-0.866622,6.13,0.483
25184,5.399119,-7.808065,4.13,0.943
25196,5.402273,-34.415387,7.45,0.204
25215,5.407071,17.383534,5.0,0.544
25217,5.407914,-16.975781,5.64,-0.001
25218,5.407949,-2.397146,3.35,-0.24
25219,5.40803,-0.891328,5.07,0.961
25225,5.410028,2.353165,6.33,-0.145
25227,5.410674,31.223912,6.3,1.251
25228,5.4107,31.143148,5.94,0.034
25229,5.410873,37.385346,5.02,1.445
25230,5.411216,-2.497847,6.92,-0.048
25234,5.411524,11.529365,7.19,1.077
25235,5.411756,-52.313042,6.79,0.066
25237,5.412318,63.386464,7.32,0.714
25238,5.412445,36.199945,6.49,1.645
25239,5.412452,1.846445,4.89,-0.2
25240,5.412858,-52.316245,6.26,0.067
25254,5.415438,-44.225684,6.09,1.195
25259,5.416508,73.707198,6.48,1.738
25261,5.416672,-19.373896,7.01,-0.014
25264,5.417001,-2.815468,7.34,-0.04
25266,5.417151,-10.328887,5.6,1.543
25273,5.418851,6.349702,1.64,-0.224
25274,5.419549,20.583727,6.75,0.221
25276,5.419727,-54.317869,7.16,0.417
25277,5.419833,1.923335,7.43,-0.048
25279,5.42026,34.855035,6.55,1.101
25287,5.421973,-34.847434,7.31,0.84
25288,5.422005,-75.692401,7.17,0.538
25290,5.422263,-12.554091,6.55,1.086
25300,5.424999,34.186354,6.66,0.651
25302,5.4253,-0.543945,6.55,-0.038
25305,5.426805,-1.491294,6.44,-0.162
25307,5.427358,38.044731,7.43,0.081
25308,5.427517,-13.132306,7.28,0.407
25310,5.428001,-9.55265,7.14,0.862
25315,5.429727,0.520244,6.18,-0.178
25323,5.431412,-35.352806,7.26,0.682
25324,5.431448,-6.362679,7.49,0.572
25334,5.433285,-19.695399,5.78,0.441
25335,5.433587,-32.209184,6.86,1.136
25337,5.43399,-5.518501,6.24,-0.047
25340,5.434497,-10.757746,7.28,-0.07
25342,5.434523,-58.561444,7.46,0.132
25343,5.434634,-12.904779,7.15,1.306
25346,5.434923,16.700161,6.23,-0.084
25352,5.436328,78.414563,6.68,1.043
25364,5.438198,28.60745,1.65,-0.13
25365,5.438687,-58.91252,5.14,0.986
25379,5.442005,2.935907,6.52,-0.001
25387,5.444038,-73.665226,7.36,1.115
25389,5.444119,6.868658,6.41,-0.023
25390,5.444222,-13.859509,7.12,0.077
25394,5.444844,-64.324343,7.48,0.023
25401,5.445787,-36.584854,7.21,-0.05
25404,5.446388,70.22819,7.16,0.025
25407,5.44689,34.39181,5.92,0.138
25409,5.447286,3.095674,4.59,-0.199
25411,5.447578,33.262258,6.18,1.152
25412,5.44841,3.614673,7.2,-0.141
25413,5.448422,35.457272,6.17,1.453
25416,5.449768,-2.360648,6.62,-0.163
25418,5.449948,-68.622544,6.02,0.346
25419,5.449999,7.170285,7.03,0.141
25423,5.451323,-11.900964,6.3,0.553
25424,5.451478,-40.94351,5.86,0.239
25425,5.451767,-44.862061,6.81,1.432
25426,5.45185,-31.566171,7.18,0.6
25428,5.452298,30.208603,5.69,0.175
25429,5.452306,3.855547,6.74,-0.154
25432,5.452604,-1.367351,7.21,-0.141
25433,5.452781,-16.52376,7.35,0.5
25435,5.452804,17.962216,5.4,-0.09
25436,5.452839,29.921053,7.48,2.23
25438,5.45386,15.25763,6.18,0.083
25439,5.453861,44.005512,7.39,1.25
25440,5.454061,-34.614363,6.94,0.9
25441,5.454278,2.3412,6.36,0.965
25453,5.456891,-26.584995,7.23,0.237
25464,5.459032,-13.578286,7.21,0.485
25468,5.460139,-21.375713,6.08,1.032
25475,5.460579,21.936965,4.88,-0.14
25477,5.460802,34.475892,5.08,1.4
25478,5.460888,43.367922,6.76,0.003
25479,5.460957,74.556722,7.25,0.158
25480,5.460956,-60.415995,6.99,0.755
25487,5.462398,-25.636814,7.49,0.14
25489,5.462458,-39.221923,6.86,0.905
25491,5.462669,15.874052,5.52,0.015
25495,5.462756,33.945949,7.49,0.06
25498,5.464042,-32.417652,6.82,0.911
25504,5.465195,48.226642,6.51,1.489
25511,5.466226,48.381228,7.2,1.207
25516,5.466926,33.763703,6.41,0.51
25518,5.467075,1.298251,6.41,-0.173
25519,5.467114,17.23913,5.77,1.634
25525,5.469235,16.439017,6.85,0.666
25542,5.470756,-20.759441,2.81,0.807
25544,5.470926,-37.230767,5.56,0.026
25552,5.47251,-22.433927,6.78,0.59
25557,5.473807,22.742547,7.21,1.155
25558,5.47382,0.02034,6.66,-0.061
25560,5.474001,34.697455,6.56,0.983
25567,5.474986,74.307463,6.99,0.037
25572,5.475896,-4.697027,7.48,0.244
25574,5.476326,13.678979,6.35,0.168
25581,5.478359,1.22697,7.47,0.241
25582,5.478469,-8.376672,6.75,0.828
25583,5.479112,-65.44857,6.88,0.83
25584,5.479246,1.643937,6.91,-0.152
25587,5.479908,-24.261069,7.32,0.305
25589,5.479985,78.300376,6.72,0.377
25591,5.480127,2.164716,7.14,-0.077
25598,5.481008,12.550823,6.71,0.582
25603,5.482475,-3.307429,6.39,-0.007
25604,5.482783,20.441822,7.26,1.4
25610,5.483639,42.270516,6.58,0.937
25621,5.48519,-30.116726,6.75,1.061
25631,5.487916,25.150215,5.47,-0.042
25632,5.487976,32.199463,7.06,0.495
25634,5.488144,-62.314256,6.6,1.526
25638,5.488651,18.365703,6.74,0.12
25644,5.489913,-3.446394,5.8,1.149
25649,5.49039,-7.260885,6.69,-0.112
25650,5.490461,77.97751,6.53,0.181
25656,5.491943,-21.039757,7.48,0.185
25663,5.493765,-0.021258,6.87,0.076
25666,5.494626,29.186464,6.2,0.476
25668,5.494895,-0.802512,6.49,0.251
25669,5.495181,35.375024,6.78,0.131
25671,5.495456,35.108751,6.88,1.07
25673,5.49555,-1.092239,4.71,1.592
25678,5.496527,12.270631,7.03,-0.088
25682,5.497258,-47.076287,6.64,0.348
25684,5.497641,60.268572,6.86,0.066
25685,5.498107,53.432801,7.14,0.397
25687,5.498548,1.78926,5.77,-0.192
25699,5.501662,29.552798,7.36,0.55
25700,5.501708,29.548623,7.11,0.85
25704,5.502632,-47.077655,5.46,0.615
25705,5.502835,63.06722,5.43,1.704
25711,5.503869,-84.785104,6.18,-0.003
25713,5.504184,20.551593,7.05,-0.026
25716,5.504408,-63.927686,6.19,0.225
25721,5.505534,4.204795,6.21,1.28
25722,5.505765,-7.434811,6.33,-0.194
25723,5.506517,34.200731,7.46,1.057
25726,5.507268,15.360449,5.93,0.103
25742,5.51204,22.462255,6.29,1.18
25743,5.51243,-57.160052,6.96,0.214
25745,5.512522,39.825916,6.38,0.986
25749,5.51307,5.948139,4.2,-0.143
25752,5.513514,41.461994,5.99,1.112
25762,5.51438,10.254383,7.47,-0.08
25773,5.516127,71.924321,7.39,1.153
25775,5.51665,-10.081088,6.95,0.561
25788,5.518785,-20.863659,5.53,0.012
25791,5.519568,-42.299796,6.7,0.355
25794,5.520209,-35.470519,3.86,1.13
25796,5.520703,3.292133,5.46,-0.176
25804,5.52247,-6.708379,6.23,-0.178
25806,5.522986,27.76905,7.42,0.631
25810,5.523526,36.779054,7.45,1.802
25812,5.524091,38.31958,6.88,1.802
25821,5.526591,14.928902,6.69,-0.061
25822,5.526666,-45.925317,5.86,1.349
25823,5.526691,-61.541126,7.19,-0.104
25828,5.527552,18.24411,6.77,1.592
25831,5.528065,9.22599,7.45,0.079
25837,5.528798,-3.216473,6.69,1.308
25838,5.528844,-49.018465,7.44,-0.111
25845,5.529868,48.934867,7.5,0.06
25846,5.530002,85.938528,6.5,0.36
25853,5.531318,-76.340964,5.18,1.13
25855,5.531373,51.028115,7.46,1.429
25857,5.532108,-16.676443,6.99,0.931
25858,5.532183,-7.301537,4.62,-0.261
25865,5.533445,-0.299092,2.25,-0.175
25880,5.536875,18.594234,4.32,2.06
25883,5.537262,17.058128,5.5,-0.004
25898,5.539046,-47.475232,7.37,0.67
25899,5.539054,49.393409,6.72,0.47
25900,5.539453,19.122437,7.49,0.501
25904,5.540991,26.981581,7.12,0.132
25908,5.542707,57.221071,6.44,0.587
25911,5.543883,0.011933,6.15,1.553
25915,5.54482,-1.591831,5.34,-0.188
25916,5.544957,-16.31919,6.68,1.526
25919,5.545465,32.192022,4.71,0.281
25920,5.545504,-17.822289,2.58,0.211
25928,5.547613,-38.513371,5.45,1.224
25929,5.548019,-63.456025,7.44,0.271
25930,5.548131,36.319877,7.18,0.282
25936,5.549873,-64.227517,5.34,1.039
25940,5.550492,-25.367089,7.07,1.631
25943,5.550808,68.012969,6.82,0.37
25954,5.552049,-35.139376,5.75,1.085
25955,5.552041,-1.717358,6.53,-0.099
25969,5.554315,32.289347,6.62,-0.031
25970,5.554501,-34.303995,6.87,0.316
25985,5.557447,-49.377888,7.15,0.492
25989,5.557612,32.80118,6.5,0.094
25992,5.557979,42.108958,6.55,-0.015
25997,5.558544,24.628811,6.97,0.055
25998,5.558735,-1.156073,5.36,-0.175
25999,5.558786,18.540231,5.67,-0.022
26001,5.559578,-57.083135,6.76,0.382
26004,5.560421,-62.489825,3.76,0.64
26005,5.560477,-3.463171,6.75,1.504
26006,5.560616,34.72557,6.27,0.17
26007,5.560788,20.474216,6.19,-0.034
26012,5.561974,32.748929,6.54,1.58
26014,5.562315,-54.902289,6.42,0.55
26026,5.564441,-29.849224,6.52,-0.016
26028,5.565079,14.305578,5.6,-0.118
26033,5.565996,1.407647,6.58,-0.174
26035,5.566664,15.584546,7.32,0.58
26038,5.567306,79.852733,7.3,0.094
26039,5.567353,-7.02375,6.45,1.116
26041,5.567747,-1.035726,6.24,-0.16
26044,5.567791,-1.470253,5.92,1.535
26051,5.569314,43.937455,7.21,0.038
26052,5.569372,-1.901853,7.06,0.174
26055,5.570808,-2.881665,6.69,-0.158
26057,5.57106,-18.812016,6.72,1.609
26061,5.571326,3.766895,5.32,0.051
26063,5.571392,41.123417,6.87,1.871
26072,5.573356,-4.804338,6.8,0.198
26075,5.573539,-52.628969,7.0,1.208
26083,5.574653,-10.500986,7.29,1.511
26084,5.574802,-0.012345,6.25,0.997
26099,5.577897,-48.947597,7.3,0.206
26101,5.578711,5.660882,6.71,-0.137
26104,5.579106,-73.741277,5.79,1.717
26108,5.580002,-7.200387,6.69,1.162
26109,5.580053,-0.953637,6.98,1.115
26111,5.580344,9.489579,4.39,-0.157
26117,5.581657,-4.110418,6.74,-0.139
26119,5.58208,-31.694483,7.38,-0.051
26121,5.582116,65.048545,7.3,0.109
26123,5.582358,-0.12286,7.14,-0.083
26125,5.582621,-61.176048,6.32,0.845
26126,5.582693,-21.067673,7.34,1.242
26132,5.583613,-6.00927,5.67,-0.228
26134,5.584078,-6.002027,4.78,-0.248
26135,5.584095,-58.871144,6.69,1.504
26136,5.584325,24.290769,6.82,1.04
26142,5.585633,9.934158,3.39,-0.16
26145,5.585891,-0.269599,7.5,-0.116
26147,5.586885,-0.735354,6.97,-0.107
26148,5.586888,9.613263,6.72,-0.133
26150,5.587011,10.240093,5.6,0.149
26154,5.587631,-33.079724,5.76,1.12
26155,5.587728,-5.387315,4.98,0.65
26156,5.587907,-5.389696,5.13,0.02
26158,5.587961,8.70074,7.21,1.411
26159,5.588111,-5.38768,6.71,0.08
26165,5.588803,43.239352,7.31,1.014
26168,5.589407,-4.494172,6.57,-0.142
26169,5.589532,-4.42432,6.24,-0.148
26170,5.589695,-5.41606,4.98,-0.097
26172,5.589768,-4.838358,4.58,-0.183
26176,5.590551,-5.909901,2.75,-0.21
26179,5.590714,-15.737933,6.82,-0.124
26181,5.590766,-33.269229,6.74,0.502
26182,5.590869,24.039589,5.37,-0.092
26192,5.591966,-4.364046,6.56,-0.16
26193,5.592046,-5.267384,6.75,0.184
26198,5.593307,-3.25284,6.4,-0.122
26199,5.593372,-78.820839,6.04,-0.018
26202,5.593925,48.078051,7.5,1.363
26203,5.594301,-4.856067,5.24,0.269
26205,5.594311,-81.61187,7.12,0.496
26226,5.59875,27.662347,6.27,1.529
26233,5.60072,19.54941,7.16,0.08
26235,5.600791,-47.313746,6.1,1.159
26239,5.601731,-7.396478,7.39,-0.081
26241,5.602368,12.436407,7.16,1.039
26244,5.602859,-28.708015,6.26,0.151
26245,5.603105,44.326432,7.26,0.493
26246,5.603559,-1.20192,1.69,-0.184
26249,5.604174,-5.647923,6.56,-0.18
26250,5.604432,47.71529,6.1,0.295
26263,5.607329,21.993108,6.88,0.501
26267,5.608382,25.940166,6.52,0.452
26279,5.609784,54.428658,5.74,1.671
26280,5.609915,-6.064752,5.71,-0.212
26282,5.610049,-48.284639,7.4,0.438
26283,5.610095,-35.061208,6.88,1.366
26298,5.61456,40.182375,6.08,1.032
26301,5.615108,9.290673,4.09,0.951
26303,5.615273,-66.560287,6.28,-0.052
26307,5.615446,74.319249,7.01,0.353
26315,5.617169,-73.699343,6.69,0.584
26317,5.617704,17.040324,5.53,0.237
26321,5.617884,11.035005,5.97,1.592
26327,5.618665,41.828257,7.09,0.569
26329,5.619103,-11.775515,6.1,0.051
26330,5.61916,-80.469122,5.65,0.6
26331,5.619123,26.924473,5.83,-0.075
26342,5.620847,83.861438,7.14,-0.001
26343,5.620852,64.15469,6.15,0.006
26345,5.621122,66.696692,6.26,0.231
26347,5.621251,-27.871362,6.15,0.322
26348,5.621347,44.070882,7.24,1.2
26349,5.622031,8.951875,6.11,-0.17
26352,5.622296,47.939637,7.36,1.035
26355,5.622716,-38.022857,6.9,1.322
26361,5.62418,56.487814,7.46,0.98
26362,5.624266,-5.938391,6.03,-0.21
26365,5.624853,44.589691,7.32,0.965
26368,5.625411,-31.061846,7.19,1.127
26374,5.626334,-1.422134,7.11,-0.095
26377,5.626876,-4.934123,7.15,-0.161
26382,5.627134,15.244623,7.44,1.043
26386,5.627413,21.142549,2.97,-0.148
26388,5.627659,-53.535368,7.42,0.131
26389,5.627674,-28.626295,7.26,0.404
26395,5.629061,-28.68969,5.28,0.486
26398,5.62939,33.559167,6.36,1.306
26401,5.630024,-34.689694,6.57,1.269
26408,5.630748,-28.937352,7.43,1.216
26409,5.631149,71.654373,6.62,0.872
26411,5.631496,-4.814034,6.16,-0.029
26412,5.631515,0.96861,7.47,-0.081
26417,5.632632,35.604152,7.24,1.063
26422,5.633644,7.54142,5.87,-0.061
26423,5.633848,-42.963484,7.43,0.6
26429,5.635143,-0.184294,7.46,-0.028
26430,5.635251,-27.210749,6.53,1.574
26436,5.635951,-46.106037,7.33,0.769
26443,5.637149,-1.169176,6.84,-0.152
26445,5.637582,-4.108233,6.86,0.129
26447,5.637818,1.987851,7.41,0.995
26449,5.637888,-59.116561,7.04,0.07
26450,5.638172,-50.640995,6.43,-0.047
26453,5.639371,8.48731,6.72,1.184
26456,5.640486,-54.954175,7.15,1.459
26470,5.643881,-6.573959,5.96,-0.216
26471,5.643913,30.492412,5.4,0.45
26476,5.644367,-8.471016,7.1,-0.071
26480,5.645424,-40.707306,5.81,-0.078
26481,5.645517,41.839221,6.59,1.442
26483,5.645677,70.364458,6.97,-0.045
26484,5.645769,-2.600069,3.77,-0.19
26486,5.646007,-2.599693,6.81,-0.18
26497,5.648079,-7.212829,4.77,0.139
26504,5.649099,49.416209,6.85,0.979
26506,5.64927,26.618068,6.45,0.98
26522,5.6515,56.360039,7.03,0.411
26524,5.651944,-58.957451,7.22,1.038
26527,5.652417,41.358562,6.44,1.0
26529,5.653096,4.121467,4.5,-0.098
26537,5.654507,-17.849408,6.4,-0.095
26541,5.655087,29.215213,5.98,0.144
26548,5.657204,42.680806,7.26,1.472
26551,5.65753,21.762929,6.42,0.066
26558,5.658567,-9.706628,6.49,-0.107
26559,5.658653,-3.564704,5.99,0.294
26562,5.659596,9.848471,7.24,1.228
26563,5.65961,-15.8681,7.42,1.228
26567,5.660223,37.988887,6.96,0.015
26568,5.660553,0.833849,6.91,1.205
26569,5.660817,-34.074108,2.65,-0.12
26573,5.662144,75.043871,6.19,1.606
26575,5.662277,25.897091,5.18,-0.15
26577,5.662419,-20.43518,6.89,-0.089
26583,5.663635,1.491727,6.9,-0.065
26584,5.663845,-32.629216,5.44,0.913
26586,5.664304,24.225465,7.12,0.398
26590,5.665188,13.022735,7.09,0.128
26596,5.666476,-85.914326,6.77,0.94
26601,5.667475,43.324359,6.96,1.455
26603,5.667774,-1.42547,7.0,0.588
26607,5.668306,-23.723755,7.14,1.177
26617,5.670379,69.981852,6.92,0.951
26624,5.671562,16.39282,7.36,0.524
26626,5.671734,24.53758,7.12,1.069
26627,5.671905,15.350079,6.98,0.318
26628,5.672145,-3.427075,7.03,0.019
26635,5.674724,61.948906,6.86,0.232
26644,5.675728,-7.659404,7.45,1.163
26646,5.676606,28.976919,7.03,1.122
26647,5.676641,31.358197,6.04,0.037
26648,5.677027,-2.825236,6.22,-0.194
26649,5.677699,-20.298773,7.44,1.06
26653,5.678347,31.920607,6.23,2.088
26655,5.678446,52.570098,7.21,0.944
26662,5.679313,-1.942572,1.74,-0.199
26663,5.679498,-10.408664,6.46,-0.127
26671,5.680754,-1.128787,4.95,-0.197
26673,5.681232,-29.72072,7.02,0.951
26675,5.681846,-11.200054,6.86,1.111
26677,5.682325,-1.507181,6.99,-0.139
26678,5.682689,-3.843151,7.3,1.432
26680,5.682729,32.895991,6.74,0.491
26697,5.684888,0.337753,5.93,0.311
26709,5.687526,33.918915,6.93,1.069
26711,5.688255,16.534148,4.84,-0.125
26714,5.688982,53.481058,6.21,0.84
26716,5.68916,29.487418,6.4,-0.081
26718,5.689295,29.494425,7.17,-0.049
26721,5.689612,17.52218,6.97,1.803
26727,5.690521,9.198347,7.48,-0.14
26730,5.690775,3.778039,6.82,1.12
26731,5.690812,-33.400741,6.35,-0.04
26740,5.692404,-48.250632,7.14,-0.004
26743,5.69309,-15.337561,7.0,1.122
26749,5.69353,60.622942,6.99,0.235
26755,5.694538,-2.896457,6.41,0.32
26756,5.694864,-16.72583,6.22,-0.136
26758,5.695215,-67.402762,7.04,-0.015
26764,5.696522,63.295944,7.1,0.931
26766,5.697348,-12.310887,7.17,0.128
26769,5.698245,-15.630543,7.36,0.801
26771,5.698545,23.326228,6.57,-0.051
26773,5.699087,35.631333,6.85,0.024
26777,5.699314,-62.913754,6.89,-0.013
26788,5.701107,22.660325,6.35,1.194
26793,5.702441,-12.990248,7.4,0.876
26794,5.702449,-43.508313,7.47,1.261
26797,5.703217,-30.535442,6.18,0.023
26800,5.703877,-22.373715,5.88,0.08
26801,5.704021,-17.530376,6.15,1.376
26803,5.704221,-34.667812,5.29,-0.032
26805,5.704893,2.367177,6.67,-0.032
26807,5.705519,43.059592,7.26,0.001
26817,5.707347,65.697649,5.62,1.249
26820,5.707953,1.474629,4.9,1.144
26821,5.707993,18.987631,7.31,1.34
26822,5.708354,10.538458,7.28,0.216
26827,5.709038,-11.644404,7.03,1.005
26828,5.709143,-0.016105,6.85,0.978
26829,5.709377,-10.628819,7.01,0.801
26845,5.713182,38.198001,7.12,0.969
26858,5.714849,-33.958402,7.21,1.036
26859,5.714909,18.980361,6.66,-0.015
26860,5.714976,-6.796168,5.97,0.447
26864,5.716133,14.178501,6.72,1.095
26865,5.716182,33.31455,6.91,0.444
26874,5.716874,73.985797,6.77,0.329
26876,5.71713,56.581522,6.05,0.951
26887,5.719255,-1.613248,6.31,1.467
26891,5.720496,41.696301,6.81,0.71
26893,5.720699,-33.424975,6.83,1.621
26895,5.721435,41.122873,7.47,0.01
26898,5.722084,23.204372,6.23,-0.071
26900,5.722686,-18.557475,5.73,-0.014
26903,5.723005,29.200221,6.62,1.075
26904,5.723131,50.702222,7.25,1.003
26905,5.72331,5.358636,6.73,-0.034
26908,5.724099,52.48878,7.14,0.624
26915,5.725049,-39.406908,6.25,0.377
26926,5.726819,6.888496,7.22,-0.06
26929,5.727075,-68.081292,7.49,0.969
26931,5.727266,55.328909,7.32,1.0
26932,5.727517,25.439545,6.81,0.003
26935,5.728092,-45.832864,6.38,0.295
26945,5.729584,-21.428658,6.68,0.994
26948,5.730019,-19.651856,7.36,0.681
26949,5.730266,85.668356,6.69,0.02
26953,5.730583,47.71366,7.26,1.301
26954,5.730859,11.405722,7.42,1.09
26955,5.73133,-21.279737,7.1,0.531
26959,5.732423,66.626122,6.82,1.216
26961,5.732943,54.864823,6.95,-0.049
26970,5.734248,6.515623,7.41,1.06
26972,5.734497,-18.288247,7.24,1.1
26980,5.735682,61.476536,6.17,0.902
26992,5.738221,-10.016732,7.11,0.637
26997,5.739212,27.73148,7.39,0.073
27006,5.741057,-22.448382,3.59,0.481
27009,5.741221,-20.126573,6.34,0.58
27010,5.741831,4.339179,7.17,0.193
27011,5.74194,30.488267,7.35,0.87
27012,5.74204,15.063503,7.12,0.792
27013,5.74213,-4.695765,7.34,0.099
27017,5.742556,-6.864261,6.76,0.199
27025,5.744843,12.415317,6.95,0.938
27034,5.746223,-65.735526,4.34,0.217
27038,5.747409,-21.659229,6.79,-0.173
27040,5.748124,16.086088,6.99,0.048
27044,5.748766,26.342398,7.34,-0.01
27049,5.75014,6.350412,7.17,-0.07
27050,5.750358,12.888332,6.47,0.234
27052,5.750498,4.008111,6.09,0.32
27055,5.751342,-41.78188,7.22,0.215
27056,5.751777,-40.198942,7.2,1.42
27057,5.751867,33.626274,6.78,0.436
27063,5.753201,18.704361,6.67,1.583
27067,5.753635,-31.669316,6.83,0.374
27087,5.756275,12.789326,7.46,0.77
27090,5.756734,-39.312501,7.23,0.296
27091,5.757073,6.297877,7.18,0.092
27098,5.758221,31.324825,6.5,1.1
27100,5.758289,52.161071,6.85,0.637
27106,5.758824,29.298523,7.42,0.644
27109,5.759699,48.984984,7.49,1.064
27115,5.760947,20.695037,6.87,3.101
27122,5.763303,37.658987,7.49,1.747
27126,5.763753,40.507235,6.57,0.256
27127,5.763785,-47.006585,7.22,0.351
27130,5.765012,49.826255,5.46,0.03
27131,5.765191,-23.140298,7.06,1.275
27138,5.766637,-32.306435,5.18,-0.274
27140,5.766987,-61.229834,7.41,1.288
27141,5.76717,37.284649,7.34,0.833
27146,5.767463,-4.268484,6.24,1.05
27161,5.770172,64.769007,6.66,1.568
27163,5.770547,-23.644358,6.54,1.422
27177,5.77427,-46.59718,5.31,1.04
27178,5.774438,-53.219325,6.63,0.594
27180,5.774879,74.610116,7.33,0.702
27183,5.775106,56.115575,5.93,0.164
27187,5.776364,1.168193,5.95,0.773
27191,5.777891,10.931768,7.4,1.384
27193,5.778359,-36.231356,6.84,0.086
27198,5.779305,15.822497,6.0,-0.061
27210,5.780965,47.467352,7.47,0.025
27212,5.781149,9.522343,5.78,0.888
27215,5.781834,56.923925,6.79,0.141
27219,5.78242,20.281835,7.06,1.369
27220,5.782595,-14.82195,3.55,0.104
27222,5.782796,-45.647402,7.41,0.496
27223,5.782972,-16.646247,7.27,1.369
27225,5.783346,51.520871,6.47,0.898
27228,5.783483,34.311826,7.07,-0.05
27236,5.784605,-28.638913,6.22,-0.132
27240,5.785501,-16.238079,6.18,0.892
27246,5.786193,58.785528,6.56,1.313
27247,5.786569,12.339543,7.14,1.348
27248,5.786987,14.488322,5.72,0.077
27249,5.787036,-54.360728,6.19,1.406
27250,5.787221,-12.804681,7.48,1.374
27251,5.787412,42.526748,6.3,1.354
27253,5.788079,-51.066514,3.85,0.171
27257,5.788524,-35.674075,6.29,1.191
27258,5.788804,50.088344,7.18,1.587
27262,5.789419,-27.134488,7.16,0.513
27268,5.790233,29.657563,7.21,0.545
27270,5.79061,17.729141,5.47,0.301
27272,5.790785,-36.487332,7.12,1.282
27273,5.790803,-10.532958,6.04,0.135
27274,5.790944,-15.252217,7.27,-0.066
27276,5.791523,-41.590211,6.78,1.585
27278,5.792291,63.598848,6.49,1.01
27285,5.792963,25.568623,6.48,1.193
27287,5.793649,54.494665,6.58,0.924
27296,5.795252,13.899599,5.28,-0.156
27298,5.795941,-9.669605,2.07,-0.168
27301,5.796706,-72.70225,6.54,1.073
27310,5.798926,24.686835,6.77,1.53
27312,5.798977,35.159275,6.55,0.742
27315,5.799466,-40.652975,6.62,1.12
27318,5.800065,6.454156,5.26,0.234
27322,5.800576,12.418404,6.68,-0.083
27333,5.802895,-8.383634,7.3,-0.1
27335,5.803184,30.535198,6.97,1.465
27339,5.803685,-48.918542,7.05,0.038
27340,5.804036,46.721749,7.01,1.214
27341,5.804071,1.609711,7.07,0.404
27347,5.805467,-33.431832,6.86,1.376
27352,5.806049,-34.936482,7.29,0.935
27353,5.806213,20.869481,6.03,-0.051
27356,5.807084,-0.759613,7.35,0.42
27358,5.807625,-13.358298,7.38,1.068
27359,5.807838,4.703943,7.29,0.03
27360,5.808014,17.433494,7.29,0.06
27363,5.808563,7.551313,7.08,0.413
27367,5.809706,-4.094648,5.97,0.639
27376,5.811022,-14.314352,6.74,0.884
27378,5.811391,-1.785566,6.94,1.453
27382,5.812426,18.243179,7.25,0.384
27383,5.812631,-1.501853,7.17,0.318
27384,5.812768,0.725565,7.24,-0.131
27385,5.813143,11.997205,6.93,-0.1
27390,5.814394,39.533604,6.8,0.82
27399,5.816935,24.567535,4.88,1.021
27403,5.817963,62.80819,6.18,0.128
27409,5.818591,25.650581,7.28,1.44
27410,5.818693,-32.504364,6.89,1.564
27414,5.819567,39.181071,4.51,0.949
27416,5.820142,-19.399885,7.31,0.119
27417,5.82022,21.136037,7.28,-0.015
27428,5.822729,38.738251,7.2,1.17
27442,5.825814,12.651324,4.89,-0.068
27443,5.826146,-44.875394,6.38,1.262
27447,5.826792,-60.676291,7.39,1.541
27448,5.826817,-14.483665,5.49,0.87
27461,5.830451,-56.166663,4.5,1.075
27464,5.831528,-22.971872,5.87,0.055
27465,5.831539,-66.901187,5.1,-0.128
27468,5.831724,-30.621152,6.63,0.951
27469,5.832094,31.785705,6.87,0.204
27481,5.834079,9.871218,5.79,0.876
27482,5.834202,-34.553631,7.35,1.654
27486,5.835929,-32.809263,6.84,0.043
27490,5.836642,-55.081206,7.42,0.369
27491,5.836962,4.423406,5.96,1.361
27495,5.837928,-55.053334,7.13,1.132
27497,5.837999,-79.361362,5.46,-0.076
27503,5.839855,-48.986374,7.19,0.914
27504,5.839958,4.956741,7.41,0.025
27510,5.841268,-37.621236,7.01,1.587
27512,5.84134,-52.767879,6.32,0.746
27514,5.841363,14.305608,5.54,1.006
27519,5.841674,2.0247,5.97,0.953
27522,5.842707,47.461027,7.4,1.857
27523,5.842745,56.918938,6.53,0.129
27536,5.844373,27.505025,7.13,0.473
27544,5.846718,27.685893,7.47,1.656
27545,5.84685,14.443362,6.75,-0.07
27549,5.84761,14.048058,6.59,1.054
27552,5.848117,-52.108873,5.16,0.96
27556,5.848976,51.514583,6.29,1.047
27559,5.849329,-35.768309,3.12,1.146
27560,5.849475,27.967861,5.6,0.978
27565,5.850305,65.754069,6.61,0.822
27569,5.850675,37.305573,4.72,1.621
27572,5.850906,11.498891,6.94,0.828
27573,5.851285,18.551303,6.76,1.345
27585,5.855357,-20.879089,3.76,0.984
27588,5.856007,-11.646197,7.2,-0.078
27589,5.856107,-7.518003,5.36,-0.195
27591,5.856416,-64.033566,6.35,0.866
27592,5.857153,32.124694,6.28,1.752
27598,5.857739,18.444223,6.99,0.873
27601,5.857948,-22.926947,6.16,1.02
27604,5.858166,39.14848,3.97,1.132
27627,5.864071,23.382793,6.97,1.584
27628,5.86447,19.521369,7.31,-0.017
27629,5.865089,-25.219283,7.02,0.098
27631,5.865382,-41.105287,6.71,1.647
27632,5.865617,-35.90972,7.37,0.206
27636,5.866552,-29.449426,6.47,1.473
27638,5.86707,-15.506151,7.09,0.136
27640,5.867147,-9.813221,7.4,0.367
27643,5.868798,-25.943237,6.86,0.893
27644,5.868814,-9.0419,5.95,0.1
27645,5.868849,65.157821,7.46,1.266
27652,5.870191,-19.05381,7.01,1.198
27654,5.870521,38.560114,6.93,0.022
27661,5.87146,58.964088,6.14,-0.036
27662,5.871471,71.28942,7.11,0.174
27668,5.872276,-57.156191,5.93,0.656
27673,5.872859,14.171787,5.6,-0.053
27678,5.873168,19.867849,5.96,0.549
27680,5.87348,-52.055215,6.82,1.619
27681,5.874011,1.855134,4.76,1.382
27683,5.874133,6.209428,6.9,0.996
27689,5.874836,-2.285333,7.26,0.558
27697,5.875883,-37.631063,5.62,1.046
27706,5.87751,34.268693,7.46,0.406
27708,5.877685,39.574705,6.4,0.098
27709,5.877803,33.917462,6.04,1.579
27718,5.87992,-38.525998,6.69,1.077
27719,5.88033,-34.56056,6.64,0.916
27726,5.88208,68.471541,6.22,0.955
27741,5.885245,-33.801361,4.88,-0.154
27749,5.885991,-47.95519,6.75,1.382
27751,5.886833,11.814226,7.19,0.506
27753,5.887422,-61.839416,6.81,0.064
27757,5.888335,9.558888,7.24,1.393
27759,5.888617,20.299107,6.7,-0.057
27761,5.88879,27.612262,4.56,-0.008
27766,5.889681,-42.921331,6.55,1.37
27769,5.89055,57.963523,7.12,1.472
27770,5.890679,6.255684,7.21,0.901
27775,5.891289,37.339053,6.7,0.2
27778,5.891756,25.073416,7.5,1.042
27780,5.891911,-16.265007,7.28,0.543
27787,5.893499,36.130512,7.38,1.12
27792,5.894907,-5.704743,7.09,-0.01
27807,5.899331,-19.638803,6.68,0.104
27809,5.899639,-14.127164,7.21,1.515
27818,5.901186,-60.023471,7.17,0.935
27821,5.901658,-63.089627,4.65,1.022
27823,5.901867,-35.902993,6.78,0.438
27826,5.902647,10.244421,7.04,0.867
27827,5.902995,-50.362551,6.53,0.891
27828,5.903316,-64.482244,6.62,0.383
27829,5.9034,-47.185462,7.45,1.309
27831,5.903708,10.586403,6.13,1.404
27832,5.903896,-29.147206,6.34,0.37
27833,5.904377,3.225641,6.3,1.283
27843,5.906244,-1.076471,7.43,1.758
27844,5.906386,20.276174,4.39,0.594
27845,5.906576,-15.731988,7.2,0.008
27850,5.90798,8.054342,7.15,-0.028
27851,5.908232,-8.412646,6.61,1.326
27855,5.908963,11.7632,6.59,0.029
27860,5.909638,-4.064714,6.57,-0.175
27864,5.910181,11.485473,7.31,0.278
27866,5.910878,-26.660276,6.85,0.204
27868,5.911422,-49.62701,6.11,-0.148
27869,5.912119,-11.774192,5.62,1.523
27870,5.912232,0.968615,5.99,1.328
27878,5.913916,-52.635481,5.29,0.295
27880,5.914107,55.706947,4.96,0.052
27885,5.914489,36.24855,7.32,1.241
27886,5.91458,-39.957857,5.55,1.515
27888,5.915002,22.519945,7.2,1.249
27890,5.915048,-9.181064,7.27,0.077
27892,5.91533,14.219828,6.63,1.025
27893,5.915403,5.860775,6.8,0.007
27894,5.915684,5.353844,7.4,1.04
27895,5.915714,-59.608458,7.1,1.096
27896,5.915746,19.749614,5.92,-0.145
27902,5.916063,59.888367,5.2,0.01
27903,5.916243,17.401937,7.3,1.56
27904,5.916387,31.701496,5.9,0.144
27916,5.918673,-9.809972,7.34,0.428
27917,5.918732,-1.926851,7.44,0.191
27919,5.919529,7.407063,0.45,1.5
27932,5.923581,-4.825623,7.08,0.136
27940,5.924975,-37.120668,4.97,1.102
27941,5.925048,-4.616546,5.87,1.173
27949,5.926491,-4.788587,6.28,0.056
27953,5.927099,53.459857,7.4,1.778
27963,5.927851,27.715649,7.03,0.139
27966,5.928655,-38.104517,7.46,0.492
27973,5.930622,36.936617,7.27,0.257
27977,5.931353,-21.689433,6.77,0.734
27985,5.93239,41.323318,6.64,0.297
27986,5.932589,0.836149,7.17,0.104
27989,5.933023,-31.532009,6.73,-0.05
27998,5.934285,13.924912,6.6,0.65
28010,5.936293,-21.12255,6.89,0.096
28014,5.937296,-22.839975,5.95,1.107
28015,5.937349,51.803987,6.62,0.159
28027,5.939151,-31.38244,5.52,0.382
28032,5.940082,-14.1677,3.71,0.337
28040,5.941121,9.509396,5.97,-0.038
28041,5.942209,-33.434505,7.3,-0.007
28046,5.942713,28.942266,6.35,0.275
28047,5.942899,-23.21531,6.37,1.068
28066,5.946946,-31.976247,6.44,1.07
28067,5.947069,11.521058,5.89,1.111
28070,5.947387,16.355075,7.22,-0.137
28077,5.948535,-8.384027,6.88,1.016
28079,5.948596,-44.008972,6.65,0.521
28080,5.948726,38.287247,7.21,1.375
28082,5.948922,24.249689,6.03,0.346
28090,5.951287,49.029687,6.55,0.993
28092,5.951543,27.316656,7.24,1.086
28096,5.952141,55.947285,6.95,1.2
28101,5.952537,-53.417381,7.49,1.064
28108,5.953992,-53.425693,6.48,1.48
28115,5.957019,0.027519,6.9,0.0
28127,5.958947,-35.28328,4.36,-0.165
28129,5.959247,-18.055187,6.67,0.525
28133,5.959716,66.096099,6.24,1.369
28136,5.960373,45.901336,6.59,0.97
28139,5.960994,-15.406121,7.19,-0.098
28140,5.961035,33.260251,7.45,0.548
28142,5.961269,55.656704,7.16,0.063
28143,5.961512,-6.09466,7.34,1.813
28150,5.963042,-14.209191,7.4,1.319
28153,5.963602,14.684114,7.41,1.122
28156,5.963979,37.518195,7.49,1.275
28160,5.965137,1.22431,6.22,1.461
28163,5.965701,-31.921254,7.43,1.442
28165,5.966571,25.953912,4.81,-0.088
28171,5.968578,69.604313,7.01,0.349
28173,5.968751,59.393487,7.3,1.388
28180,5.96992,-0.994018,6.21,1.14
28183,5.970423,1.85639,6.92,0.259
28195,5.972649,-4.650668,6.99,0.72
28199,5.973456,1.837108,5.89,0.223
28202,5.974328,7.860552,7.34,1.257
28209,5.975885,38.893469,7.23,1.132
28212,5.97651,-21.543895,7.31,0.888
28215,5.977097,-44.034562,5.81,1.061
28217,5.977786,16.597721,7.38,0.031
28221,5.979517,60.379877,6.86,0.437
28224,5.980437,0.552979,5.21,0.009
28229,5.981361,25.776999,6.63,0.967
28230,5.981455,12.808264,5.7,0.874
28235,5.981885,18.820166,7.06,1.313
28237,5.982187,29.983782,7.1,0.164
28249,5.983633,-9.382223,6.15,0.333
28250,5.983823,-51.223169,6.82,-0.099
28253,5.984531,-9.55825,5.04,0.189
28255,5.9849,27.561845,7.26,0.277
28256,5.985778,-42.815135,3.96,1.146
28263,5.987864,-32.209699,7.25,1.027
28266,5.988069,40.033381,7.33,0.541
28271,5.989384,49.92454,5.9,1.194
28272,5.989506,-12.835247,7.06,1.461
28277,5.990244,45.619636,6.83,0.046
28282,5.991029,8.415468,6.77,0.947
28287,5.992111,54.284656,3.72,1.01
28288,5.992149,44.947433,1.9,0.077
28293,5.992451,46.534764,7.48,-0.076
28299,5.993819,-1.444064,6.62,-0.059
28301,5.994107,-35.352592,6.78,1.315
28303,5.994338,21.604223,6.89,-0.06
28309,5.995351,37.212585,2.65,-0.083
28314,5.996063,55.320857,6.42,0.318
28319,5.996652,54.547009,6.14,1.197
28320,5.996778,-6.597371,7.27,1.541
28327,5.998221,3.991002,7.47,0.014
28333,5.998917,45.936736,4.3,1.701
28338,6.000314,-8.107545,6.65,1.529
28342,6.00093,-3.074253,4.53,1.202
28345,6.00137,28.125735,6.69,1.634
28346,6.001678,27.272188,6.61,1.022
28349,6.002143,-64.31001,7.09,1.006
28353,6.002677,51.080875,6.76,0.046
28357,6.003829,4.835526,7.46,0.639
28358,6.004006,33.136934,6.84,0.186
28360,6.004168,15.131072,7.44,1.491
28362,6.004773,12.611399,6.8,-0.043
28363,6.004905,-12.900034,6.21,0.358
28364,6.004947,-44.005802,7.32,0.22
28367,6.005252,44.592013,6.21,1.128
28376,6.006745,16.298958,6.54,1.54
28377,6.006808,34.507925,6.76,0.948
28384,6.007859,22.899701,7.04,0.111
28387,6.008667,-7.469718,7.39,1.26
28393,6.009925,-58.102088,6.97,0.098
28396,6.010235,56.923275,7.46,1.439
28398,6.010274,29.005183,7.5,0.368
28411,6.013427,67.01395,6.88,0.192
28413,6.013661,-51.216319,5.65,0.207
28414,6.0137,2.916008,6.98,0.897
28417,6.014175,-42.870464,6.58,-0.159
28426,6.015374,-54.951339,7.4,0.465
28428,6.016267,47.901923,5.71,-0.007
28429,6.016793,27.572362,6.04,0.218
28433,6.017534,-37.071601,7.1,0.921
28440,6.018398,41.938461,7.49,0.533
28442,6.018792,23.304858,7.37,0.575
28446,6.019457,31.034517,6.18,0.095
28448,6.019593,19.420434,7.45,0.096
28449,6.020305,-25.417763,6.04,0.027
28450,6.020738,-60.485618,6.93,1.034
28452,6.020862,65.525412,6.61,0.224
28453,6.021194,-33.911835,5.54,1.58
28455,6.021482,9.072434,7.26,0.911
28461,6.022272,85.182113,6.17,1.564
28463,6.022464,18.961277,7.22,0.134
28471,6.025345,2.909259,7.19,0.001
28472,6.025371,3.186513,7.19,0.076
28476,6.026165,-16.39878,7.1,1.058
28482,6.027562,-15.589287,6.66,1.259
28485,6.027702,16.934136,7.34,1.213
28487,6.027727,-35.043751,7.17,0.195
28490,6.02823,22.401001,6.36,-0.071
28491,6.028627,48.959445,5.98,1.437
28503,6.030673,-10.59793,4.92,-0.128
28507,6.031453,-27.35762,7.37,1.143
28508,6.031606,-64.860566,7.01,0.645
28517,6.034817,38.720189,7.27,0.84
28520,6.035098,-38.989331,6.82,0.936
28521,6.035096,65.059751,7.1,1.253
28522,6.035132,-27.427293,7.18,0.423
28524,6.035799,-5.136956,6.56,1.572
28525,6.035924,-60.09683,6.41,1.508
28536,6.037865,66.899689,7.03,1.676
28538,6.038085,1.694053,6.58,-0.042
28543,6.039722,9.647276,4.12,0.17
28550,6.04259,13.02545,6.96,1.644
28551,6.042726,-14.497157,6.2,0.947
28555,6.043786,32.59142,6.79,0.432
28563,6.04587,47.809529,6.49,0.567
28565,6.046734,-53.582752,7.08,0.97
28566,6.046833,49.905678,6.04,-0.033
28571,6.048193,43.378334,6.38,1.205
28573,6.048657,32.635697,6.23,0.456
28580,6.050196,-23.218588,7.47,0.983
28583,6.050883,-37.547068,6.88,0.201
28585,6.051198,57.018314,6.5,0.953
28589,6.05194,20.586273,6.88,0.969
28590,6.052214,47.987837,7.34,1.169
28591,6.052319,-36.87294,6.9,-0.077
28593,6.05256,53.541419,7.0,0.327
28596,6.052777,7.627145,6.73,1.378
28602,6.054222,12.61769,7.39,-0.047
28604,6.054333,-26.284544,5.03,1.335
28606,6.054982,42.911564,6.08,0.979
28607,6.054983,-16.043161,7.47,0.534
28610,6.0553,-2.478662,7.14,-0.046
28612,6.05603,31.390191,7.08,0.403
28614,6.056668,-53.89042,7.46,1.15
28615,6.05688,11.681065,6.09,-0.035
28616,6.056931,-21.790351,7.32,0.398
28618,6.057243,3.862454,7.1,1.267
28620,6.057602,19.690561,5.14,-0.097
28626,6.059424,26.529133,6.99,0.036
28645,6.065329,20.138452,4.64,0.236
28647,6.066151,2.864359,7.27,-0.032
28651,6.066639,-51.098566,7.46,0.153
28664,6.068671,23.263341,4.16,0.835
28668,6.069773,-13.689505,7.08,-0.018
28671,6.07002,25.443945,6.95,0.95
28672,6.070293,-14.084319,6.94,0.467
28673,6.070417,-6.708941,5.19,-0.066
28685,6.072296,-32.17243,5.65,-0.186
28693,6.074572,-45.036603,6.35,0.517
28694,6.074752,51.573395,6.39,0.196
28696,6.074978,44.260444,6.74,0.573
28698,6.07511,-45.19663,6.92,0.969
28704,6.076016,45.58623,7.3,0.22
28713,6.077336,46.585113,7.3,-0.054
28716,6.077706,38.575123,6.93,-0.025
28719,6.077811,-45.078932,5.93,0.493
28721,6.078565,-1.580463,6.94,0.099
28722,6.078686,-28.060744,7.48,-0.033
28724,6.079642,-48.458304,6.6,0.712
28740,6.082843,14.388435,6.72,0.508
28741,6.082829,5.41997,5.67,1.047
28742,6.082878,4.158671,5.63,1.041
28744,6.083091,-16.484435,4.92,0.196
28748,6.084051,37.964272,6.32,0.825
28751,6.084276,42.981635,5.9,0.358
28755,6.0852,-56.233098,6.76,1.434
28757,6.085619,59.39321,6.32,1.116
28758,6.085713,0.8665,7.04,0.969
28759,6.085924,75.585919,6.28,1.512
28767,6.087625,-54.408368,7.17,0.949
28770,6.08777,73.999631,7.43,0.541
28775,6.089642,0.61284,7.03,1.6
28782,6.090842,-10.242596,5.88,0.374
28783,6.090882,-35.513647,5.8,0.027
28784,6.091225,-33.501877,7.44,-0.005
28789,6.09275,33.59905,6.23,-0.079
28802,6.095986,-24.195571,6.74,1.444
28809,6.097905,48.249282,6.77,-0.102
28814,6.0988,-13.247784,7.19,0.274
28825,6.100625,-5.880206,6.88,1.578
28827,6.101538,-29.758624,5.79,0.041
28828,6.101556,-33.219189,6.7,0.5
28832,6.10182,28.934781,7.48,0.306
28836,6.102375,35.38774,6.12,0.6
28837,6.10259,-14.935254,4.67,0.046
28838,6.102603,-66.039621,5.72,-0.024
28841,6.103214,-45.815975,7.24,0.551
28848,6.104364,31.997013,7.17,0.022
28850,6.104724,29.096917,7.49,1.24
28858,6.106235,29.512414,6.01,1.73
28861,6.106785,-0.963371,7.44,0.467
28865,6.10779,10.750285,7.19,-0.06
28871,6.108916,-23.110846,5.46,0.064
28874,6.109749,38.482644,5.35,0.251
28876,6.110656,-16.518392,6.6,0.945
28877,6.11076,-4.193836,5.37,-0.122
28879,6.110883,63.453838,6.42,1.011
28880,6.110946,-41.22002,7.01,0.002
28882,6.111244,15.542106,6.76,0.814
28884,6.111335,85.284597,7.5,1.086
28885,6.111402,-42.298804,6.15,0.246
28890,6.111985,-49.22213,7.2,0.347
28891,6.112125,72.602972,7.4,0.393
28894,6.112404,-24.926736,6.96,0.384
28895,6.112656,-31.416778,7.42,0.988
28897,6.113517,23.638603,6.67,1.37
28898,6.114043,-67.283337,6.7,1.363
28899,6.11429,-23.093833,7.47,0.148
28901,6.114414,-11.173592,6.66,-0.152
28904,6.115204,2.173064,7.16,0.067
28906,6.11551,16.366715,6.57,1.129
28909,6.115627,-3.341171,6.92,-0.118
28912,6.115976,-21.812299,5.74,1.584
28913,6.116265,-6.202715,6.58,0.228
28914,6.116491,0.076958,7.26,1.363
28915,6.11661,-46.205637,6.83,0.463
28916,6.117187,-45.09151,6.48,1.162
28919,6.117604,-62.154581,5.04,1.256
28920,6.117686,-34.312021,5.82,-0.137
28922,6.118112,-81.063172,7.12,0.317
28925,6.118539,35.213708,7.22,1.219
28928,6.11915,14.449232,7.09,1.588
28929,6.119229,16.556079,7.34,0.543
28930,6.119277,9.165984,6.94,0.455
28938,6.121644,20.8202,7.12,1.522
28940,6.121901,-37.200149,7.25,1.018
28942,6.122228,26.682157,7.08,-0.056
28952,6.123845,36.274646,6.94,0.4
28953,6.124099,41.854282,6.15,1.202
28961,6.125428,38.082245,7.02,0.99
28962,6.125453,-37.25292,5.0,-0.095
28966,6.126201,14.768472,4.42,-0.164
28968,6.126637,10.456307,6.7,1.15
28975,6.128202,-34.639968,7.18,1.221
28976,6.128233,-19.165866,5.28,1.661
28985,6.129719,-44.729319,6.76,0.317
28990,6.130721,42.665709,7.05,0.016
28992,6.13135,-42.154043,5.5,0.007
28996,6.132218,36.065276,6.96,1.158
29004,6.133642,-82.043678,7.2,0.313
29005,6.133997,21.295429,7.29,0.344
29011,6.135116,-15.901237,6.95,0.467
29018,6.13658,37.982726,7.09,0.2
29036,6.138604,45.554361,7.43,0.142
29042,6.13976,41.055726,6.34,1.044
29046,6.140387,-11.146288,6.79,0.0
29052,6.141768,13.971062,6.93,-0.1
29056,6.142953,-44.356212,6.26,-0.135
29061,6.145643,-68.843409,5.06,-0.072
29062,6.146026,-7.93636,6.69,0.069
29063,6.146251,-43.812217,7.49,-0.062
29065,6.146398,8.669432,6.55,-0.065
29067,6.146584,-6.821373,6.46,0.876
29076,6.149083,-2.037037,7.05,0.972
29078,6.149407,-22.427412,5.49,-0.01
29079,6.149418,2.499692,5.7,0.067
29081,6.149911,2.496396,6.93,0.033
29086,6.150712,-41.117989,7.43,0.176
29090,6.151887,-8.30157,6.64,1.363
29093,6.152013,7.513526,6.63,0.907
29097,6.152766,-14.065411,7.45,0.313
29101,6.15422,-13.220796,7.39,0.291
29105,6.15561,-18.126385,6.36,-0.04
29112,6.156508,-49.562831,6.48,0.502
29123,6.15901,22.190262,5.93,1.626
29132,6.15959,-14.584619,5.56,1.15
29137,6.16007,-5.711429,6.16,0.352
29142,6.160823,49.062986,7.23,1.42
29143,6.16098,-41.980413,7.28,0.483
29145,6.161012,43.140739,7.07,0.114
29147,6.161593,-22.118936,7.41,1.245
29152,6.162218,23.113466,5.75,0.192
29160,6.163096,-26.701086,6.27,1.01
29161,6.163322,-22.774343,5.71,0.454
29163,6.163651,2.869469,6.57,1.02
29166,6.164874,14.85276,7.36,-0.05
29170,6.165764,9.46776,7.29,-0.11
29173,6.16639,58.935694,5.35,1.096
29183,6.168764,-29.818597,7.49,-0.104
29186,6.169252,3.313103,7.5,1.158
29190,6.169558,-40.353792,5.54,1.665
29192,6.169958,46.758667,7.2,1.205
29198,6.170632,-74.753045,5.08,0.714
29201,6.170959,15.906463,7.06,0.945
29202,6.171284,-15.059412,6.9,-0.076
29203,6.171642,-54.968645,4.72,-0.229
29209,6.173274,2.901871,6.85,-0.075
29211,6.17403,-77.105589,6.83,0.028
29215,6.174982,22.997876,6.88,-0.076
29219,6.175532,-34.816832,6.65,0.775
29221,6.1763,-27.154343,5.72,1.072
29231,6.177758,-45.281988,6.28,-0.012
29237,6.179822,13.659469,6.93,-0.004
29241,6.181356,-61.49981,7.45,0.385
29242,6.18146,59.169306,7.14,0.988
29248,6.183102,11.994858,7.46,-0.059
29250,6.183671,-6.754221,6.15,0.01
29253,6.183825,18.130465,6.37,1.35
29256,6.184181,2.330502,7.2,1.365
29272,6.186999,44.952071,7.42,0.891
29274,6.187117,60.453487,6.48,1.698
29275,6.187127,-26.4821,6.08,-0.021
29280,6.1875,-65.589417,5.01,1.599
29282,6.187611,-44.91433,7.22,1.241
29283,6.187653,-33.870842,7.36,1.163
29284,6.187728,47.906773,6.85,0.176
29287,6.188357,21.563792,7.41,0.343
29292,6.189375,-15.79306,6.78,0.267
29294,6.189772,20.905413,6.84,0.155
29297,6.191079,-27.058169,7.4,0.101
29298,6.191086,13.638561,6.04,0.021
29300,6.191597,43.165166,6.95,1.008
29305,6.192244,43.799066,7.13,1.33
29306,6.192307,24.420253,5.83,1.11
29315,6.193496,48.710989,5.78,0.1
29320,6.194669,-10.250761,7.27,1.289
29323,6.194855,7.778626,7.32,0.422
29326,6.195306,-18.186077,6.6,0.99
29328,6.195477,-4.66544,6.18,-0.079
29331,6.196087,52.647186,6.28,0.141
29343,6.197615,21.868234,6.93,2.142
29344,6.197726,-6.550287,5.06,-0.201
29348,6.198375,71.130783,7.48,0.484
29352,6.198958,23.207059,7.17,1.517
29353,6.198999,14.208765,4.45,-0.18
29354,6.199429,-75.083892,7.33,0.953
29357,6.199646,7.391321,7.04,-0.101
29359,6.200157,6.783075,6.85,0.642
29360,6.200372,19.790543,5.76,-0.071
29361,6.200911,16.130406,4.95,-0.149
29362,6.201524,29.492145,7.38,1.166
29364,6.202077,-26.049896,7.28,1.297
29366,6.203116,-65.53115,6.85,0.481
29367,6.203414,4.673745,7.46,-0.043
29373,6.204426,10.333419,7.49,-0.062
29377,6.205305,22.908514,6.51,2.197
29378,6.20559,32.69338,5.78,1.646
29391,6.208099,-36.563739,6.88,-0.149
29393,6.208566,-29.01807,7.44,0.5
29395,6.208944,-61.47405,6.59,-0.066
29407,6.211335,-27.725803,7.39,0.977
29414,6.212387,-2.504817,6.62,0.051
29415,6.212869,-17.763231,6.52,-0.166
29417,6.214182,65.718422,5.36,1.344
29424,6.215418,-8.729061,6.91,-0.07
29428,6.216184,7.277698,7.0,1.56
29430,6.216217,77.28679,7.47,0.953
29434,6.216435,-28.463624,7.28,0.025
29435,6.216499,10.287415,6.6,-0.071
29436,6.216548,6.016258,6.45,1.621
29440,6.21745,-4.935278,6.94,1.127
29443,6.217713,3.509051,7.5,-0.092
29449,6.219677,19.009258,7.41,-0.066
29452,6.220139,10.627144,6.43,0.663
29453,6.220159,-5.00975,7.36,1.02
29463,6.223524,-15.384143,6.85,1.001
29468,6.225137,37.159126,6.77,0.001
29472,6.225904,18.680346,6.58,-0.085
29473,6.225967,-29.395742,6.52,-0.105
29482,6.227902,-56.918363,6.77,1.161
29486,6.228049,-66.680042,7.28,0.465
29488,6.228268,-51.667543,6.85,0.072
29492,6.228653,41.69725,7.16,0.083
29495,6.22925,-23.861938,6.37,0.713
29496,6.229262,51.172469,6.07,1.051
29500,6.231321,2.808856,7.41,0.992
29501,6.231732,-3.741374,5.83,0.91
29505,6.232298,-6.823153,7.47,-0.037
29506,6.232529,-7.248063,6.78,-0.004
29507,6.233072,52.011358,7.36,0.389
29508,6.233473,33.244275,6.59,1.661
29521,6.236826,3.902273,7.32,-0.05
29529,6.238429,14.493594,7.27,0.024
29543,6.241273,17.906353,5.86,0.253
29545,6.241695,4.54308,7.03,0.922
29546,6.24175,-29.604292,6.98,-0.013
29548,6.241982,11.796932,7.12,1.008
29556,6.243529,-4.568457,5.83,-0.155
29559,6.243702,2.289989,7.23,-0.119
29562,6.244984,-73.626511,6.61,-0.038
29563,6.245186,14.586295,7.02,-0.022
29564,6.245359,16.037111,6.66,0.942
29565,6.245555,-4.448939,7.3,1.076
29577,6.247467,19.156448,5.2,0.43
29578,6.247592,-6.274776,3.99,1.319
29582,6.247961,22.506799,3.31,1.6
29585,6.248523,-8.804222,7.22,-0.094
29587,6.248548,-71.65601,7.31,1.66
29598,6.250469,-29.365377,7.31,0.025
29600,6.251678,-71.702768,6.62,0.562
29605,6.252334,-20.272186,5.88,1.322
29606,6.252353,13.851098,5.91,-0.231
29608,6.252865,48.833972,7.19,-0.152
29610,6.253352,8.446332,7.48,1.029
29619,6.254923,-18.477163,5.99,1.058
29621,6.256116,16.430936,6.98,1.554
29623,6.256304,29.498076,4.32,1.021
29625,6.256571,-11.90444,6.6,0.119
29629,6.256876,25.333697,7.3,1.875
29631,6.25698,16.143175,5.34,-0.101
29632,6.257263,-9.035757,6.09,-0.081
29633,6.25745,-1.399825,7.15,1.034
29638,6.258243,-4.914719,5.99,0.097
29640,6.258401,3.958194,7.02,-0.13
29642,6.258841,0.834979,7.36,-0.106
29643,6.259518,-0.512189,5.62,0.506
29647,6.26005,66.148495,7.05,0.508
29650,6.260683,36.146151,7.46,0.39
29652,6.260839,36.14869,6.86,0.44
29654,6.260964,-66.292271,7.32,-0.089
29655,6.26116,6.066166,6.07,-0.124
29657,6.261257,59.998975,5.37,1.339
29658,6.261486,18.297486,6.61,1.586
29662,6.262468,-13.718414,5.0,-0.078
29663,6.26249,12.551067,5.44,0.015
29665,6.262901,-6.208461,7.48,-0.091
29666,6.263059,4.283636,6.63,-0.164
29670,6.264385,42.035125,7.49,1.258
29673,6.264992,1.169078,6.37,0.443
29677,6.265485,-17.029322,7.36,0.879
29679,6.26569,10.281728,6.84,1.22
29683,6.265879,-29.788425,6.67,1.545
29688,6.267415,70.781576,7.43,0.776
29690,6.267775,59.215044,6.59,1.004
29691,6.268011,52.185844,7.37,1.396
29694,6.268356,37.636637,7.09,0.876
29698,6.268803,-16.618006,5.97,-0.167
29704,6.270118,56.934358,7.48,0.599
29707,6.270518,5.11416,7.16,-0.07
29709,6.270772,0.015268,7.47,-0.07
29715,6.271892,-59.213504,6.44,0.593
29716,6.271957,23.970027,6.09,0.897
29717,6.272387,30.102479,6.91,-0.039
29718,6.272521,1.080346,6.63,-0.058
29720,6.272833,28.851978,7.41,0.411
29725,6.273276,17.181607,6.39,1.565
29727,6.274061,12.272163,5.04,0.431
29728,6.274231,-35.430922,7.19,1.129
29734,6.275871,-35.140519,4.37,0.978
29735,6.276553,-39.264394,6.0,0.163
29738,6.27823,-12.047273,6.76,0.399
29739,6.278306,-69.076125,7.49,1.256
29743,6.279168,-43.643969,7.34,-0.009
29756,6.281348,-18.606727,7.48,0.605
29766,6.282901,7.052576,6.56,-0.116
29767,6.282974,23.740909,6.24,0.446
29769,6.283675,-37.737445,5.54,1.129
29770,6.284331,-22.715229,6.05,0.576
29776,6.285079,15.850564,7.29,-0.09
29777,6.285172,9.94239,5.39,0.106
29778,6.285537,-22.374358,7.03,0.013
29779,6.285991,-37.253498,5.88,0.139
29781,6.286889,-24.074581,6.73,0.93
29782,6.287195,-26.932892,6.87,0.924
29787,6.287816,5.100112,5.7,0.61
29791,6.288527,64.831845,7.26,1.032
29794,6.288988,22.143977,7.4,1.018
29796,6.289158,49.485593,7.36,0.035
29800,6.289824,57.414668,7.15,0.523
29803,6.29069,58.826511,7.36,0.142
29808,6.292587,14.058678,6.59,-0.036
29809,6.292704,35.149196,6.68,0.451
29811,6.29296,46.423953,6.53,0.263
29812,6.29309,-10.724988,6.76,0.364
29813,6.293343,39.858446,7.29,1.24
29815,6.293728,-24.444724,7.49,0.468
29819,6.294301,-53.978718,7.13,0.972
29822,6.294923,-16.815908,5.15,1.293
29827,6.295619,-19.188705,6.72,-0.121
29828,6.295828,39.473876,6.72,1.902
29831,6.296319,40.188625,7.47,-0.024
29838,6.297642,32.504601,7.5,0.422
29839,6.297666,-31.009193,7.45,1.16
29840,6.297706,-52.733031,6.4,1.456
29844,6.298148,-4.382681,6.65,1.191
29846,6.298563,61.515286,5.01,1.843
29856,6.30154,-53.55907,6.86,0.171
29858,6.301558,14.382859,6.12,0.035
29863,6.302352,-6.725379,6.79,1.049
29868,6.303813,-19.966974,5.51,-0.163
29875,6.30467,3.984519,7.36,1.268
29876,6.304684,46.360443,6.33,1.113
29878,6.304841,-5.654343,6.88,0.65
29882,6.305775,27.210146,6.66,1.122
29890,6.307481,-48.038636,7.43,1.618
29896,6.308904,4.509756,7.35,0.794
29899,6.309924,-38.894805,7.34,1.131
29902,6.310491,29.781407,6.86,0.008
29909,6.311209,9.047183,6.24,0.87
29916,6.312996,-50.3591,7.03,0.835
29920,6.313553,-15.024954,6.04,1.663
29921,6.313743,11.165035,7.06,0.038
29922,6.314051,-9.390018,5.36,1.239
29924,6.314105,69.319787,4.76,0.025
29929,6.314962,35.207945,6.62,0.97
29930,6.315118,23.603282,6.58,0.906
29931,6.315441,-25.012762,7.04,-0.126
29938,6.316382,-20.925611,5.79,-0.155
29941,6.316564,12.701424,7.41,0.054
29946,6.317178,17.325259,6.27,-0.094
29948,6.31749,59.559365,7.41,0.931
29950,6.318001,47.394033,6.83,0.561
29952,6.318409,12.746733,6.73,-0.12
29954,6.31887,-8.586012,6.22,-0.043
29955,6.318877,-1.366959,7.28,1.408
29958,6.319438,56.526592,6.9,1.141
29965,6.320886,-69.784552,6.91,0.513
29966,6.320913,-24.97492,7.32,0.069
29973,6.322027,23.469405,6.91,0.252
29976,6.322923,23.274507,6.95,0.442
29978,6.323724,13.433939,6.9,0.47
29985,6.326616,69.569076,6.77,0.264
29987,6.327052,59.010964,4.44,0.032
29989,6.32727,-22.103119,6.29,1.473
29991,6.327357,-63.82359,6.86,0.905
29992,6.327499,68.676909,6.86,0.807
29993,6.327695,-26.984154,7.3,1.45
29994,6.327826,16.013249,6.61,0.562
29996,6.328043,-34.396591,5.76,-0.08
29998,6.328116,-17.526227,7.25,-0.08
30000,6.328555,-7.822908,5.27,-0.177
30001,6.328793,38.435215,7.15,0.37
30006,6.329986,-39.486485,6.61,1.254
30015,6.332602,-13.993014,6.67,-0.026
30018,6.333047,28.426764,7.28,0.65
30020,6.333222,-2.944493,4.91,1.613
30021,6.333296,-61.329615,6.95,1.171
30026,6.334507,14.651127,5.67,1.578
30031,6.335018,-48.741093,6.61,0.657
30032,6.33523,-7.871984,6.94,0.308
30046,6.338077,-10.882173,7.22,0.319
30047,6.338093,7.718826,6.76,-0.04
30049,6.338553,-30.063367,3.02,-0.16
30050,6.338598,54.249783,7.26,0.402
30059,6.340822,-49.104323,6.81,1.18
30068,6.3431,-23.637963,6.49,1.132
30070,6.3434,-34.144144,5.55,-0.182
30071,6.343433,25.189011,7.08,0.017
30076,6.344458,-9.891005,6.9,0.097
30080,6.345018,72.14596,6.57,1.297
30086,6.346347,-24.300156,7.44,-0.113
30091,6.347216,52.148304,7.44,0.201
30093,6.347354,-4.595474,6.75,0.281
30096,6.34781,11.756222,6.54,-0.104
30097,6.348294,-79.066719,7.31,1.036
30100,6.348726,-16.984854,7.48,0.801
30101,6.349002,-29.670868,6.99,0.372
30107,6.350216,14.704822,7.34,-0.1
30112,6.350803,2.568784,7.25,1.406
30115,6.351133,29.371748,7.02,0.375
30117,6.351509,-11.817324,6.32,1.676
30127,6.35331,29.540816,6.41,0.048
30128,6.354022,21.132435,7.34,-0.08
30132,6.35497,42.340299,6.79,0.015
30141,6.356865,-11.773238,5.48,0.002
30142,6.356953,-60.02197,6.96,0.233
30144,6.357158,2.268522,6.3,0.251
30145,6.357201,17.763503,6.32,1.1
30156,6.359909,19.892053,7.29,1.065
30164,6.361317,-56.362309,6.79,1.654
30165,6.361606,-8.236049,6.96,1.591
30167,6.361918,-9.682907,7.36,-0.078
30172,6.36249,12.861938,6.68,0.947
30173,6.362586,45.61111,7.15,1.41
30174,6.362811,53.452179,5.34,0.448
30175,6.363067,2.342442,7.29,0.993
30179,6.363904,-51.237708,6.74,0.227
30194,6.367028,44.058515,6.88,1.02
30199,6.367654,59.372099,6.05,0.153
30200,6.367731,29.964147,7.01,-0.015
30201,6.367878,-35.043567,7.24,1.026
30202,6.368006,60.778027,7.43,0.209
30203,6.368364,-15.663434,6.51,1.15
30204,6.368564,-33.4364,3.85,0.858
30205,6.368915,61.759983,7.2,0.38
30226,6.373111,-45.960338,6.84,-0.104
30230,6.373713,46.19463,7.33,0.134
30241,6.375263,-60.218652,6.53,0.614
30245,6.376776,12.570237,6.0,0.319
30248,6.37729,-69.984043,5.56,1.51
30251,6.378329,-17.955918,1.98,-0.24
30255,6.379234,4.210333,6.89,0.11
30260,6.380452,17.574092,6.92,0.022
30265,6.381602,-33.614603,7.25,1.617
30266,6.381993,-45.628894,6.73,1.139
30268,6.382083,3.760771,7.03,1.241
30269,6.382179,-56.369969,5.6,0.242
30270,6.382673,22.513586,2.87,1.621
30271,6.382686,-24.556039,7.37,0.663
30278,6.383742,-3.276976,6.56,-0.148
30279,6.383741,-63.683136,6.3,1.612
30283,6.385031,-3.51578,7.2,-0.12
30284,6.385103,56.976349,6.47,1.075
30299,6.386956,-34.996841,6.53,-0.073
30300,6.386982,35.5203,7.42,0.041
30303,6.387355,-31.790312,6.31,0.893
30307,6.388441,-14.835353,6.96,0.225
30309,6.38847,3.764489,6.41,-0.149
30314,6.389665,-4.687507,6.66,0.063
30317,6.390478,-26.379596,7.17,1.669
30322,6.391541,-29.860761,6.99,1.068
30323,6.391713,27.118018,7.43,0.071
30324,6.391826,-18.998755,7.22,1.346
30334,6.393311,-9.874727,6.11,1.841
30335,6.394119,40.521371,6.81,1.058
30337,6.394338,-33.319454,7.43,0.428
30341,6.395212,-16.467189,6.57,0.307
30345,6.395903,-37.01459,6.89,-0.096
30346,6.396135,4.592865,4.39,0.215
30347,6.396151,-15.071257,6.27,1.534
30349,6.39625,4.595812,6.72,0.45
30350,6.396367,-58.543871,6.47,0.12
30351,6.396546,2.665731,6.86,1.0
30353,6.396571,-19.785393,6.61,-0.126
30357,6.398229,-4.728856,7.3,1.007
30359,6.398314,40.808699,7.15,1.596
30363,6.398866,-25.577629,5.61,1.561
30365,6.399195,-52.69566,-0.62,0.164
30371,6.400281,-36.707764,5.62,1.027
30372,6.400341,9.17156,7.34,-0.07
30375,6.400634,8.885014,6.24,-0.06
30382,6.401697,-36.702983,6.84,0.932
30384,6.402867,-11.530088,5.21,1.23
30385,6.402944,60.084472,7.1,1.052
30389,6.403631,-26.445027,6.68,0.948
30390,6.40385,-60.281325,5.78,-0.001
30393,6.40483,43.230345,6.98,0.98
30395,6.405716,-12.961939,6.12,-0.076
30396,6.405874,-16.224565,6.95,0.2
30401,6.406589,51.077167,7.04,1.664
30403,6.406768,-42.847518,6.67,0.673
30407,6.407384,-63.428929,6.45,0.66
30410,6.407801,13.015044,7.0,1.094
30411,6.408109,37.316577,7.04,1.258
30416,6.409009,4.186577,7.32,-0.086
30419,6.409389,11.2565,6.85,1.082
30420,6.409426,-1.41822,6.72,-0.098
30424,6.410824,35.255032,6.56,1.19
30428,6.412152,25.048714,6.35,1.21
30430,6.412193,-28.780112,6.37,0.626
30432,6.41236,-40.283979,6.3,-0.049
30435,6.412946,43.548474,7.21,0.027
30440,6.413939,4.871993,7.03,0.508
30444,6.414653,29.707056,6.7,-0.055
30445,6.414658,16.05713,6.35,1.063
30447,6.414973,49.287893,4.92,1.905
30451,6.415501,-63.828144,6.26,-0.119
30459,6.418254,16.994693,7.01,-0.05
30466,6.419998,51.633133,7.13,1.0
30467,6.42023,32.271763,6.97,1.322
30468,6.420278,7.085713,6.26,0.85
30472,6.421263,-0.945883,5.88,0.564
30474,6.421801,1.501516,6.66,-0.032
30475,6.421849,23.709484,7.16,0.288
30479,6.422291,11.233248,7.01,0.593
30480,6.422742,-9.091149,7.25,1.015
30491,6.424493,14.721992,6.3,2.349
30492,6.424623,-69.690299,5.37,0.971
30493,6.425001,-35.064153,6.24,1.353
30496,6.42572,23.442143,6.63,1.111
30497,6.425816,23.327169,6.05,0.02
30501,6.426167,22.457794,7.15,0.226
30502,6.42632,-2.991448,6.54,0.11
30504,6.42718,-35.039143,7.18,0.273
30505,6.427306,58.425352,7.07,0.56
30507,6.427478,-4.832297,7.31,-0.072
30510,6.42791,-29.702977,6.89,-0.022
30513,6.428353,14.09269,6.85,0.613
30515,6.428536,21.645023,6.53,0.93
30516,6.428636,38.05035,7.18,0.941
30518,6.428793,-48.176898,5.76,-0.061
30519,6.429386,-20.973066,7.07,1.016
30520,6.429535,-40.975522,7.04,0.219
30521,6.429591,2.271678,6.51,-0.027
30522,6.42976,-3.889032,6.33,1.018
30526,6.430544,-38.935567,7.31,1.722
30528,6.430941,0.812744,6.6,0.963
30529,6.431202,11.125884,6.39,0.077
30531,6.432656,-35.337342,7.06,1.585
30532,6.432814,58.603285,6.87,0.371
30535,6.433008,-7.894983,6.4,0.145
30540,6.433629,15.14987,7.14,1.228
30546,6.434818,62.690065,7.36,1.625
30554,6.435986,-3.515691,6.42,1.039
30557,6.436181,18.756904,6.78,0.938
30559,6.436992,-7.361445,7.38,-0.105
30565,6.438952,2.317784,7.4,1.522
30567,6.439334,41.959514,7.07,1.035
30577,6.440323,-0.77674,6.79,-0.018
30578,6.440514,56.285096,5.53,0.238
30582,6.441051,-19.324992,7.12,0.213
30587,6.442901,-4.5974,6.16,-0.151
30590,6.443814,15.523702,6.88,-0.038
30591,6.444051,-33.415501,7.14,0.922
30592,6.444224,13.101172,6.6,0.556
30593,6.444329,-1.507336,5.87,0.07
30596,6.445183,-14.603429,6.32,1.242
30597,6.445387,0.454233,6.88,1.069
30602,6.445792,-7.511936,6.35,-0.061
30604,6.446458,-88.743696,7.36,-0.02
30606,6.44691,58.417409,5.21,1.538
30618,6.449542,-4.459293,6.91,1.38
30620,6.449673,0.841042,6.7,0.037
30627,6.450243,-4.355659,6.5,-0.155
30630,6.451147,-58.002116,5.82,1.279
30632,6.45188,-32.166811,7.16,0.794
30633,6.452107,-37.895507,6.48,0.394
30639,6.45316,-25.856496,6.05,0.545
30640,6.453359,-60.728579,6.97,1.219
30644,6.453823,0.299246,5.19,1.186
30647,6.454331,-0.275999,5.55,1.376
30649,6.454383,14.88923,6.57,0.105
30655,6.455681,2.908288,5.55,1.035
30662,6.457759,5.175422,6.72,0.371
30668,6.459867,32.562946,6.43,1.264
30670,6.460238,-15.306161,7.48,-0.066
30671,6.460643,48.776858,7.31,0.578
30674,6.461197,30.645177,6.95,1.192
30677,6.461284,18.223853,7.47,0.463
30684,6.462935,20.789509,6.54,1.246
30687,6.463504,-62.149927,6.61,0.088
30689,6.464155,47.404927,6.55,-0.036
30696,6.465742,20.49632,6.22,0.041
30699,6.465992,-4.762154,5.06,-0.175
30703,6.466397,-13.160581,7.08,-0.031
30715,6.469503,-32.58007,4.47,-0.169
30720,6.470544,5.272253,7.39,-0.04
30721,6.47069,70.53532,6.03,0.103
30722,6.470734,-77.290883,6.94,0.062
30725,6.471324,1.912679,6.48,-0.064
30731,6.471893,10.303893,6.16,1.15
30742,6.47446,16.238386,6.24,0.894
30754,6.476136,30.493034,5.75,0.779
30763,6.477061,-17.466009,5.76,1.118
30765,6.477289,-0.721097,6.8,0.495
30767,6.477568,-32.371279,5.74,-0.16
30776,6.47845,-41.074877,6.32,0.39
30777,6.478534,34.864672,7.16,0.088
30789,6.479465,36.479985,7.15,0.613
30790,6.47974,-0.572408,6.52,0.784
30794,6.480297,-7.033062,3.76,-0.113
30796,6.480708,52.448765,6.94,0.965
30801,6.481211,0.127958,6.56,-0.039
30805,6.48192,52.125857,7.25,0.444
30807,6.482327,26.967457,6.57,0.554
30810,6.482719,20.212133,4.13,-0.115
30813,6.48338,11.01921,6.59,0.293
30833,6.487448,2.646194,6.17,1.539
30852,6.490434,-22.591098,6.8,0.066
30858,6.491204,-11.464192,7.47,0.101
30859,6.491255,-56.852766,5.2,1.087
30865,6.49358,-3.551685,7.22,1.041
30869,6.493863,-17.01135,7.06,0.002
30880,6.496969,-50.239085,5.28,0.371
30886,6.49869,-59.590679,6.81,0.359
30888,6.498876,7.111988,7.12,-0.12
30897,6.500638,7.921114,6.63,1.549
30899,6.500827,46.685554,5.88,1.448
30900,6.500836,-65.568242,6.28,0.329
30904,6.501555,9.029712,6.57,0.121
30913,6.503132,-10.081511,5.92,1.373
30915,6.503283,-19.214889,6.44,1.683
30927,6.506074,22.544916,6.98,0.03
30928,6.506114,28.212107,6.85,0.168
30929,6.506267,60.146498,6.8,0.058
30933,6.507016,41.401688,6.7,-0.012
30937,6.507449,-3.022095,6.96,1.093
30938,6.50763,-4.696814,7.47,-0.065
30942,6.508115,4.332449,7.35,-0.136
30944,6.508274,-14.954366,6.75,-0.013
30946,6.509149,5.866999,6.7,0.249
30947,6.509225,-12.081046,6.58,1.081
30951,6.50969,-13.148172,6.16,-0.137
30955,6.510701,-22.321813,7.16,-0.168
30959,6.5113,-40.44814,6.68,-0.112
30964,6.512858,-27.769575,5.92,-0.156
30966,6.51309,58.162633,5.86,0.934
30974,6.514337,-35.000411,7.14,0.214
30981,6.516587,32.805404,7.43,1.631
30983,6.516638,-40.916253,6.19,1.398
30984,6.516975,-66.870689,7.22,1.363
30985,6.517528,39.75462,6.66,0.004
30988,6.517926,-43.717064,6.68,0.977
30993,6.519323,11.251375,6.17,-0.116
30995,6.519624,-61.879545,6.15,-0.147
30998,6.520084,-70.516,7.38,0.564
30999,6.520304,-35.25884,5.82,0.813
31003,6.521045,-49.616853,7.41,1.064
31005,6.521744,-51.825953,5.58,0.534
31009,6.522636,2.911297,7.14,0.71
31010,6.523068,-12.391953,5.16,1.262
31012,6.523333,-32.868548,6.31,1.665
31014,6.523399,-12.559685,6.8,-0.161
31018,6.52486,-21.405547,6.58,0.256
31023,6.525439,37.178002,6.64,0.94
31025,6.526374,-36.940027,6.26,1.599
31026,6.526398,16.828279,7.04,1.488
31027,6.526692,-5.368736,7.46,-0.079
31030,6.526855,32.166194,7.15,-0.065
31031,6.527065,15.903501,6.38,0.275
31033,6.527605,11.792275,6.64,-0.119
31036,6.527922,5.769144,7.21,-0.018
31041,6.529127,2.016369,7.46,-0.081
31044,6.52946,6.785463,7.28,0.82
31045,6.530083,11.544412,5.22,0.185
31048,6.530573,-8.158235,5.43,1.373
31052,6.530935,-23.418422,4.34,-0.245
31056,6.532089,4.942859,6.75,0.087
31057,6.532126,-18.062261,6.59,1.452
31058,6.53229,-29.309658,7.47,1.084
31062,6.532864,-58.753835,5.69,-0.057
31064,6.533181,22.185728,7.25,0.016
31072,6.535317,6.035648,6.7,-0.04
31074,6.535919,4.82353,7.29,0.147
31077,6.537544,-7.408005,7.28,0.255
31078,6.538031,62.765198,7.42,1.154
31079,6.538198,8.817961,6.98,0.315
31080,6.538285,17.779621,6.91,0.401
31081,6.538485,17.784349,6.26,0.541
31082,6.538668,4.855999,5.88,0.997
31084,6.538771,-45.310078,7.16,1.069
31087,6.539082,15.706183,7.18,0.692
31088,6.539271,-37.696702,5.25,0.982
31090,6.539758,-5.86882,5.6,0.256
31091,6.539798,11.67352,6.08,1.069
31096,6.540885,32.454898,5.82,0.188
31101,6.542347,-21.021796,7.25,-0.144
31109,6.543506,-44.220887,7.3,0.198
31113,6.54416,-32.030447,5.73,-0.18
31114,6.544356,15.020957,7.25,1.125
31117,6.544506,35.293732,6.79,1.142
31120,6.545194,3.814517,7.28,0.515
31123,6.545846,35.062898,7.04,1.26
31124,6.546156,-27.404365,6.89,0.547
31126,6.546208,-61.827873,6.85,1.265
31128,6.546354,-11.166381,6.3,1.096
31132,6.54705,46.922883,7.05,1.643
31139,6.548396,7.332965,4.47,0.023
31146,6.549362,-48.54452,6.96,0.469
31149,6.549795,-8.964061,7.37,0.07
31150,6.549954,39.784647,7.45,0.063
31154,6.551114,78.979527,6.61,1.266
31160,6.551718,1.273321,6.88,1.75
31161,6.552688,46.476236,7.02,-0.037
31164,6.552844,-38.62519,6.44,0.999
31166,6.553288,-37.82195,7.25,0.327
31186,6.556725,78.168476,7.11,0.02
31188,6.557304,-52.329234,6.18,1.088
31189,6.557409,-20.923961,6.39,0.817
31192,6.557598,-32.22638,6.96,1.453
31198,6.559366,-20.139111,7.5,0.397
31200,6.560046,14.155163,5.57,1.105
31201,6.560534,-1.220154,5.09,-0.132
31207,6.561066,-26.329644,7.2,0.016
31208,6.561411,-7.203472,7.49,0.016
31211,6.561603,39.446127,7.05,1.483
31213,6.561849,33.024039,6.53,0.057
31222,6.563745,-36.232029,5.42,1.419
31232,6.566006,52.461411,6.91,0.309
31237,6.567369,-77.687705,6.66,0.489
31239,6.567677,22.117661,7.42,0.433
31246,6.568638,22.124138,7.18,0.271
31248,6.568918,-29.629603,6.82,0.296
31249,6.569003,2.898662,6.9,0.398
31253,6.569505,-42.099049,7.35,0.927
31261,6.571717,-4.900113,7.26,-0.139
31263,6.572048,38.076003,6.66,0.983
31265,6.57236,-2.905663,7.37,0.319
31268,6.572683,3.306465,7.25,0.9
31269,6.572684,-3.074103,6.59,1.417
31279,6.575559,-11.229743,7.43,0.406
31282,6.575777,55.353042,6.45,1.554
31285,6.576481,-32.716255,5.62,-0.085
31286,6.576563,4.967928,6.68,1.488
31290,6.577348,43.065463,7.49,0.338
31291,6.577586,19.429043,7.07,0.013
31296,6.578281,38.540135,7.3,0.676
31297,6.578711,-34.009402,6.69,0.254
31304,6.579393,-20.557443,7.02,0.103
31308,6.579533,7.572482,6.44,-0.01
31315,6.580885,-19.646659,7.32,1.509
31319,6.581578,16.205778,6.61,0.895
31321,6.581736,-30.092025,6.94,1.634
31326,6.582424,16.763806,7.22,-0.13
31327,6.582626,15.33047,7.06,0.94
31330,6.58294,-52.975607,4.35,-0.021
31333,6.583389,-35.049276,7.32,1.001
31337,6.583886,31.434646,7.03,1.182
31339,6.584274,-22.964793,4.54,-0.035
31347,6.585042,37.064352,7.4,1.014
31350,6.585306,12.668937,7.06,0.25
31353,6.585895,-61.173239,7.42,0.204
31357,6.586684,28.022314,5.26,-0.008
31367,6.58773,0.890216,5.78,0.004
31368,6.588099,-4.789881,7.3,1.157
31369,6.588221,9.988335,5.93,1.508
31374,6.589451,37.715299,7.01,0.795
31375,6.589461,-38.808817,7.47,0.048
31378,6.590061,-36.779879,5.59,-0.13
31383,6.590812,80.573222,7.16,1.348
31390,6.591894,-22.109053,6.32,1.03
31396,6.592743,-36.259398,7.14,0.037
31398,6.592937,-50.296106,7.02,1.184
31408,6.594247,-47.433511,7.41,1.14
31422,6.597452,-16.102764,7.39,-0.04
31423,6.597642,17.200032,7.48,0.024
31426,6.597972,-48.279896,7.44,1.134
31428,6.598278,17.692518,7.26,1.13
31429,6.598344,-36.088632,6.36,0.486
31430,6.59838,-11.374276,7.08,1.071
31431,6.598529,43.705828,6.87,0.976
31439,6.599806,32.290713,7.33,0.138
31440,6.599825,31.47924,6.9,1.626
31443,6.600029,4.498032,6.55,-0.053
31445,6.600591,16.797022,6.73,0.444
31446,6.600623,56.386067,6.56,0.398
31451,6.601218,13.694034,7.22,0.259
31453,6.601504,-24.866123,7.45,1.199
31461,6.602622,-28.835526,7.04,1.017
31467,6.603494,-36.138446,7.23,0.62
31472,6.604186,58.106782,6.61,0.496
31477,6.605387,-26.534836,7.46,1.266
31478,6.605674,-19.492113,7.41,-0.022
31484,6.606347,-18.659904,5.71,0.848
31485,6.606668,59.664475,6.84,0.098
31487,6.607191,6.08319,6.87,-0.066
31488,6.607295,27.278392,6.89,0.646
31489,6.607555,-57.539235,7.16,0.417
31490,6.607628,-50.322759,7.22,0.923
31492,6.607764,-31.886853,6.87,0.366
31493,6.608011,15.750068,7.36,0.25
31499,6.609121,38.4455,5.4,2.773
31503,6.609814,-5.211143,5.52,-0.082
31505,6.610019,33.390552,7.37,1.052
31512,6.611399,-19.255879,3.95,1.037
31514,6.611407,-22.614732,6.35,-0.117
31515,6.611765,23.098046,7.01,-0.114
31518,6.612944,-13.321036,5.95,1.562
31523,6.614243,-41.557141,6.36,1.147
31537,6.617191,-38.146506,6.03,1.03
31540,6.617412,-41.249898,7.32,1.592
31541,6.617591,-28.70619,7.49,0.973
31542,6.617636,5.51939,7.14,0.326
31549,6.618263,-2.179035,7.1,-0.04
31557,6.62051,-36.990651,5.72,-0.112
31562,6.622215,-43.451297,6.87,-0.155
31566,6.623345,6.135382,6.05,0.018
31570,6.624247,24.590851,6.44,0.101
31576,6.625562,-8.235617,7.22,-0.007
31580,6.626084,12.180556,6.84,0.725
31581,6.626723,-55.343737,6.88,0.965
31582,6.626915,10.853293,6.39,1.351
31585,6.627332,56.857531,5.87,0.006
31586,6.627373,-70.603746,7.34,0.518
31587,6.627436,22.716398,7.37,1.457
31592,6.627868,2.704158,6.17,1.08
31593,6.627953,55.359248,7.38,0.158
31594,6.627998,-12.985116,6.11,0.994
31596,6.6282,61.481233,5.94,0.899
31601,6.628528,16.399252,1.93,0.001
31605,6.629353,-43.195934,3.17,-0.103
31608,6.629891,-32.339735,5.25,1.177
31611,6.630775,0.527083,7.13,0.069
31613,6.630898,-8.781732,7.41,1.073
31616,6.631241,23.60445,6.65,0.875
31617,6.631307,4.95667,6.14,0.091
31618,6.631402,2.269419,7.28,0.0
31620,6.631506,-18.237478,4.42,1.137
31623,6.631984,73.695636,6.26,0.396
31631,6.633443,-61.533387,6.15,0.624
31636,6.634684,30.889662,7.34,0.117
31640,6.635259,59.449475,7.46,0.946
31644,6.636625,7.14823,7.43,0.114
31650,6.638584,24.45042,6.75,0.276
31651,6.638885,57.191713,6.73,0.931
31653,6.639016,-2.543897,6.14,1.47
31656,6.639697,-23.580321,6.48,0.664
31657,6.639725,28.984354,5.76,-0.001
31658,6.639729,-52.932062,6.74,1.561
31662,6.64043,-66.085605,7.15,1.09
31669,6.641288,4.607186,7.14,0.109
31678,6.643174,-16.873547,6.01,0.042
31683,6.64344,61.477721,6.96,0.286
31685,6.643787,-48.220183,5.05,0.997
31686,6.643941,1.613518,6.23,0.086
31688,6.644019,-60.183029,7.06,-0.09
31691,6.644317,39.390854,5.7,1.367
31692,6.644342,-37.995993,7.15,-0.1
31696,6.644654,41.581493,6.87,0.021
31705,6.646004,-16.260862,7.1,0.021
31707,6.646646,6.901884,6.94,0.003
31709,6.646995,39.902559,5.34,-0.075
31710,6.647057,4.700609,6.56,-0.069
31716,6.647961,33.018038,7.12,0.374
31727,6.649684,41.494762,7.48,1.637
31731,6.650996,-18.185828,7.13,1.648
31733,6.651472,22.030881,6.09,1.027
31746,6.654644,-14.145764,4.82,1.459
31751,6.655507,42.488877,4.8,1.236
31760,6.657436,-43.427291,7.18,1.532
31769,6.658745,24.600162,6.43,0.523
31771,6.6592,28.263134,6.02,-0.087
31778,6.660062,-23.695662,6.05,-0.031
31779,6.660379,-52.832476,7.19,1.492
31787,6.66185,-30.470491,5.7,1.134
31788,6.662034,-53.451367,7.34,0.174
31789,6.662105,58.095026,6.96,0.3
31791,6.662925,-1.38014,6.92,1.255
31792,6.663004,-43.402898,7.4,-0.136
31793,6.663255,12.982768,5.99,0.063
31803,6.665808,-38.158997,6.59,1.175
31806,6.666078,44.014114,6.35,1.222
31813,6.667247,19.657769,7.28,1.19
31814,6.667474,-80.813593,5.61,0.214
31817,6.667831,-17.29365,7.47,0.493
31820,6.668155,23.67376,7.43,0.402
31833,6.670251,44.332852,6.75,1.029
31838,6.671046,-4.461325,7.23,1.547
31839,6.671279,79.599515,6.74,0.066
31842,6.671907,-6.346275,6.91,1.607
31845,6.672579,40.969697,6.82,0.471
31851,6.673645,-21.390056,7.46,0.244
31857,6.674679,77.995782,5.75,1.488
31861,6.675383,61.922525,6.58,0.156
31862,6.675541,6.371251,6.51,-0.139
31863,6.675624,71.748786,5.88,1.223
31866,6.676273,-28.265622,7.19,0.93
31873,6.678471,40.168545,7.17,0.626
31878,6.679822,56.883797,7.41,0.051
31879,6.679848,-47.621523,6.66,-0.143
31883,6.680408,-47.674696,6.71,1.601
31893,6.682585,-12.182259,6.92,0.046
31894,6.68266,-71.775192,6.5,1.11
31895,6.682961,9.895754,4.66,-0.233
31896,6.683191,56.099288,7.18,1.001
31897,6.683224,64.986901,7.38,0.978
31902,6.683848,-7.572626,6.84,1.541
31904,6.684239,20.645484,7.4,0.957
31906,6.684524,53.398483,7.5,0.528
31909,6.684845,0.495323,5.79,-0.094
31910,6.685501,-30.6456,7.23,-0.055
31912,6.68595,39.234487,7.25,1.06
31913,6.685949,8.984724,6.53,0.645
31917,6.686379,-34.510726,7.33,1.476
31922,6.68727,-40.349847,6.16,-0.146
31927,6.688117,11.003197,6.19,1.675
31929,6.688476,29.713602,7.05,1.207
31934,6.689138,28.196638,6.45,1.09
31935,6.689428,16.39765,6.28,-0.016
31937,6.689561,-7.168707,6.96,-0.115
31942,6.690519,0.957267,7.43,0.007
31949,6.691618,6.110825,7.0,0.221
31952,6.691894,-20.31762,6.88,0.969
31955,6.693822,35.931928,6.48,0.509
31970,6.697395,14.216683,6.8,0.051
31977,6.698524,2.58176,7.14,1.207
31979,6.698996,-9.167537,5.21,1.525
31980,6.699217,-20.249746,6.85,0.901
31982,6.699786,6.345425,6.36,-0.084
31983,6.699916,-16.00721,6.94,-0.027
31987,6.701303,3.248303,7.05,0.116
31990,6.701446,-15.215253,6.97,0.563
31994,6.702031,-6.114274,7.04,-0.142
32001,6.703321,25.468529,7.35,1.619
32006,6.704551,-38.398791,6.28,0.346
32009,6.704761,7.397825,6.86,1.63
32019,6.706757,17.645303,5.2,0.063
32021,6.707101,-67.843099,6.72,-0.039
32028,6.707659,-23.232582,7.07,-0.126
32032,6.708143,66.197769,7.07,0.578
32035,6.70912,29.375241,7.46,-0.011
32036,6.709168,59.697451,7.41,1.598
32040,6.709553,38.892034,7.04,0.359
32041,6.709561,-41.815333,7.45,1.107
32048,6.710438,-3.835742,7.28,0.052
32050,6.711179,47.735542,7.29,0.498
32055,6.712054,-32.712755,6.76,0.281
32058,6.712508,32.558867,6.74,1.47
32059,6.712791,-22.44859,6.26,0.321
32061,6.713184,-4.14088,6.57,0.501
32063,6.713567,-50.451788,7.02,-0.14
32066,6.714442,56.69308,7.34,0.237
32086,6.717296,-13.698118,7.14,0.053
32088,6.718051,44.52445,5.04,1.479
32090,6.718347,-29.23733,7.28,-0.004
32092,6.718504,3.033801,6.18,1.366
32100,6.719417,-28.352775,7.29,0.047
32103,6.720319,-0.021283,7.49,1.029
32105,6.720483,37.147375,6.21,1.026
32108,6.720652,-21.86238,7.27,-0.145
32119,6.722057,49.403707,7.46,1.053
32123,6.723154,-39.193118,6.3,0.258
32127,6.724136,5.848797,7.16,0.999
32137,6.726872,-73.118208,6.36,0.96
32138,6.726989,-37.773772,7.32,1.034
32141,6.727402,3.932528,5.88,-0.046
32153,6.72977,18.655901,7.48,0.951
32158,6.731537,-25.534951,6.7,0.933
32159,6.731572,-27.591416,7.46,0.043
32161,6.732202,25.131124,3.06,1.377
32164,6.733137,13.228017,4.49,1.167
32167,6.734782,62.962987,6.61,1.4
32172,6.736056,-54.730726,6.68,-0.076
32176,6.736527,53.295939,6.28,1.089
32179,6.736597,36.994001,7.49,0.315
32182,6.736812,36.109258,6.37,0.065
32184,6.736888,-54.695507,6.47,-0.119
32190,6.738162,40.622946,6.84,1.59
32200,6.740184,56.933021,6.9,1.658
32203,6.74039,3.141571,6.81,0.789
32205,6.740782,5.206098,7.24,1.035
32207,6.741241,-31.070523,5.23,-0.127
32208,6.741336,76.585865,7.15,0.915
32210,6.741685,20.693012,7.05,0.007
32211,6.741752,82.115332,6.61,0.182
32224,6.745615,-61.224229,6.95,1.427
32225,6.745651,-19.052978,7.32,-0.076
32226,6.745961,28.970932,5.42,1.445
32230,6.746277,44.505503,6.64,1.224
32234,6.74748,-18.570491,7.07,0.249
32235,6.747675,59.44928,7.07,0.387
32237,6.747765,-27.341666,6.43,0.55
32244,6.748588,20.860653,7.2,0.562
32247,6.748796,-70.433758,6.1,1.335
32248,6.748986,22.837382,6.76,0.197
32254,6.75071,-30.586404,6.53,-0.111
32259,6.751861,-1.020991,7.45,-0.075
32263,6.752481,-16.716116,-1.44,0.009
32264,6.752702,39.368138,6.93,0.351
32266,6.752781,-18.268312,6.9,0.989
32267,6.752782,30.825935,7.27,0.312
32268,6.752913,-47.222718,7.22,-0.157
32269,6.753114,-0.043178,7.02,0.208
32270,6.753707,-46.853343,7.49,-0.138
32272,6.754013,53.086063,7.04,1.591
32273,6.75405,13.335932,7.28,0.312
32276,6.754824,12.895591,3.35,0.443
32280,6.756378,-31.793661,5.92,0.491
32281,6.75647,23.64623,7.16,1.299
32282,6.75649,-23.462432,6.04,1.205
32283,6.756529,24.67247,6.95,1.65
32288,6.757022,-65.044239,7.18,1.635
32289,6.757237,-52.200924,6.56,1.075
32290,6.757371,9.765734,6.65,0.333
32296,6.75804,44.233387,7.47,0.614
32299,6.758664,-30.94898,5.62,-0.138
32301,6.759192,4.59412,7.04,0.044
32303,6.759749,27.673246,6.7,1.339
32307,6.761948,-20.852662,7.44,1.271
32311,6.763882,2.499276,7.22,-0.063
32312,6.763904,-0.716459,6.78,-0.025
32316,6.764922,-52.409691,5.81,1.551
32318,6.765055,12.693561,6.47,0.344
32320,6.765961,-20.775043,6.91,1.508
32321,6.766042,-7.33895,7.13,0.042
32324,6.766417,38.970204,7.29,-0.033
32325,6.766499,-14.796127,5.3,0.075
32332,6.767561,-39.540257,6.62,-0.125
32340,6.768669,-20.754316,7.25,0.568
32345,6.769547,23.371225,6.51,0.839
32347,6.769808,42.265555,6.88,1.597
32348,6.770042,-37.775325,6.19,-0.123
32349,6.770401,-83.991532,7.46,0.46
32351,6.770452,-34.242831,7.05,0.137
32352,6.770595,59.44167,4.86,0.084
32353,6.77067,79.564811,5.44,0.525
32358,6.771224,-29.56109,6.91,0.882
32363,6.77242,50.380405,7.31,0.009
32365,6.772527,18.837692,7.07,-0.06
32369,6.773841,-19.877909,6.75,0.965
32375,6.775497,-8.918627,7.2,-0.008
32377,6.775671,8.587153,5.92,-0.173
32378,6.775792,9.204206,7.31,1.504
32380,6.775835,-14.523708,6.69,0.077
32388,6.777505,-10.10736,5.66,-0.048
32389,6.777981,8.363138,7.04,0.375
32391,6.778242,-54.695028,6.45,0.858
32394,6.778983,43.577427,5.24,0.575
32395,6.779066,-47.804461,6.95,1.4
32402,6.780371,16.772457,6.83,0.408
32403,6.780417,57.169176,5.34,0.964
32406,6.780859,-14.425971,5.28,-0.024
32408,6.7813,-51.265667,5.39,1.33
32414,6.782923,-87.024964,6.46,0.429
32417,6.783659,80.242257,7.32,1.201
32418,6.783745,-21.015402,6.07,-0.159
32437,6.786972,22.194474,7.0,1.15
32445,6.78853,-55.539988,5.6,1.549
32446,6.788683,18.322787,7.31,0.097
32447,6.788842,8.037254,4.77,1.396
32451,6.789278,-37.929698,5.27,-0.078
32452,6.78966,-48.563572,6.84,0.3
32453,6.789849,18.193452,6.35,0.066
32463,6.791343,-76.851473,7.0,0.869
32471,6.793421,-17.508555,7.05,-0.029
32472,6.793673,-8.998503,5.08,1.795
32476,6.794327,48.789476,5.22,1.131
32478,6.794441,-81.065658,7.25,1.424
32485,6.796532,21.691541,6.81,1.63
32486,6.796543,0.340189,7.0,0.16
32492,6.79768,2.412159,4.48,1.099
32521,6.803194,-61.941391,3.24,0.225
32522,6.803195,0.304973,7.39,0.56
32523,6.803407,55.704195,5.54,0.65
32524,6.80439,-57.655829,7.31,1.093
32529,6.805056,-43.800784,7.41,0.159
32531,6.805296,-1.318922,5.75,0.292
32536,6.805988,-7.754604,6.9,-0.101
32537,6.806035,41.302322,7.28,1.336
32545,6.806661,6.213018,7.24,1.216
32551,6.80761,-12.840617,7.03,-0.09
32557,6.809932,-4.075906,7.02,0.553
32560,6.810353,-28.215417,7.38,-0.026
32571,6.811978,-43.801487,7.36,-0.115
32573,6.812226,8.866247,6.92,0.899
32581,6.813676,-34.936799,6.91,-0.021
32584,6.81405,-29.743668,6.83,1.518
32586,6.814343,-14.389199,7.49,1.334
32591,6.816038,-15.144726,5.39,-0.096
32596,6.817682,1.002065,6.16,-0.134
32599,6.818523,-26.063488,7.23,1.12
32602,6.819051,23.201929,6.8,0.013
32603,6.819498,27.190373,6.66,0.139
32605,6.820425,-46.709567,7.36,0.001
32607,6.820927,22.310806,7.32,0.038
32609,6.821075,-12.66792,7.24,0.089
32611,6.821201,-28.97355,6.99,0.254
32612,6.821225,-2.272038,5.75,-0.098
32616,6.822596,43.759112,7.3,0.546
32622,6.824085,-28.652174,7.43,0.966
32627,6.824847,3.691718,7.18,1.353
32629,6.82544,-45.566884,7.11,-0.031
32630,6.825501,-32.5422,6.85,-0.082
32632,6.825997,-41.429017,7.01,0.537
32637,6.826597,-7.412354,7.14,1.401
32639,6.826741,13.190512,7.42,1.314
32641,6.827235,-24.143486,7.14,0.066
32653,6.828143,32.606756,5.72,1.298
32656,6.828679,25.484369,6.8,1.561
32657,6.828889,-24.076066,6.31,0.054
32658,6.828969,-1.339931,7.33,-0.089
32659,6.828968,37.512748,6.49,1.553
32667,6.83051,16.202888,5.87,-0.136
32672,6.830683,-32.508478,3.5,-0.116
32675,6.830921,-53.622449,4.41,0.899
32679,6.831838,-46.61456,5.14,0.46
32682,6.832266,-50.61456,2.94,1.207
32685,6.832695,-45.450405,6.54,1.501
32688,6.833606,46.184732,7.15,1.29
32689,6.833614,-60.249146,6.11,0.457
32690,6.833939,12.058125,6.85,1.807
32693,6.834033,-66.293415,6.99,0.879
32695,6.834961,6.256313,7.43,-0.077
32696,6.834992,-27.333968,7.05,-0.183
32700,6.83558,-12.584752,7.2,-0.131
32702,6.836338,-33.885726,7.41,-0.043
32703,6.836393,16.453737,7.05,0.824
32704,6.836435,-39.055137,7.24,0.906
32707,6.836758,5.673501,6.77,0.321
32708,6.836785,35.068454,7.16,1.011
32715,6.837966,-17.29198,6.62,0.03
32723,6.83938,-17.084555,5.77,1.435
32724,6.839819,-31.706057,5.74,0.094
32727,6.840356,-69.986245,6.8,0.997
32728,6.840416,13.413177,5.68,1.329
32741,6.8436,-25.778394,6.32,-0.183
32744,6.844061,-31.276333,7.16,0.884
32752,6.845084,-8.040996,6.31,0.011
32753,6.84535,-4.266216,6.87,-0.085
32758,6.846097,41.78123,4.99,1.256
32765,6.847176,-0.540882,5.78,0.396
32769,6.847876,-34.367318,4.99,1.379
32770,6.847963,-20.910376,7.16,-0.168
32778,6.849191,67.571934,5.14,-0.152
32786,6.849863,5.842307,6.97,0.506
32788,6.850119,25.76036,6.98,0.6
32797,6.85197,-47.326047,7.3,1.15
32800,6.852299,-19.013547,7.03,0.208
32807,6.853351,-10.085171,7.12,1.503
32810,6.854137,15.076505,7.29,1.557
32815,6.855147,-3.513774,7.23,-0.062
32824,6.857218,-40.550286,7.45,-0.05
32826,6.857495,-70.963411,5.41,-0.11
32831,6.859048,-48.292754,6.42,1.207
32834,6.859179,21.761148,5.28,-0.02
32836,6.859277,-6.966512,6.58,0.03
32839,6.859944,9.440081,6.84,1.363
32840,6.860081,2.650991,7.29,0.49
32844,6.860938,3.041991,6.37,0.052
32849,6.861449,-2.402709,6.64,1.38
32851,6.861785,-36.23027,5.94,0.183
32860,6.862709,5.084407,6.91,0.008
32861,6.863133,86.684341,6.59,1.177
32862,6.863284,46.499949,7.41,1.05
32870,6.864395,-2.176034,6.86,0.52
32873,6.864988,6.606807,7.44,1.035
32877,6.866166,25.662996,6.75,0.162
32881,6.866664,23.601718,5.68,1.467
32883,6.867231,-33.91556,7.21,0.614
32884,6.867329,-11.204502,7.41,0.721
32892,6.87004,-5.645398,7.28,-0.06
32897,6.871681,-5.173713,6.58,1.071
32903,6.873017,-5.316277,6.3,0.977
32915,6.876754,39.928944,7.05,1.234
32916,6.876873,-70.51014,7.14,1.352
32918,6.877501,7.822224,7.47,-0.022
32919,6.877674,-42.504418,6.52,0.416
32920,6.877974,-21.184275,7.46,-0.113
32922,6.87811,-26.116605,7.02,1.552
32926,6.879287,-59.341195,6.41,0.181
32927,6.879442,-16.212237,7.14,-0.099
32929,6.879729,-54.090335,6.56,1.082
32931,6.879761,-43.975594,6.47,-0.101
32932,6.879816,33.961254,3.6,0.102
32937,6.880408,8.380373,5.75,0.27
32942,6.881858,-12.154526,7.13,0.257
32949,6.88314,2.743489,7.09,1.113
32951,6.883236,-42.62757,7.23,0.519
32953,6.883417,-26.957632,6.33,1.408
32954,6.883725,38.869157,6.1,0.406
32957,6.884316,35.787995,6.03,1.455
32961,6.884738,59.448543,5.34,0.675
32966,6.885042,25.311489,7.41,0.326
32969,6.885438,44.839941,6.24,0.239
32978,6.887054,38.438013,6.32,0.516
32981,6.887265,10.590527,7.39,-0.084
32990,6.88856,-19.032763,5.65,0.279
32992,6.8894,-18.932844,6.13,0.156
32994,6.889468,-24.684411,6.52,0.091
32995,6.889556,10.99665,6.3,0.962
32998,6.890604,51.518028,6.95,0.438
33005,6.892474,-20.224254,4.82,-0.212
33007,6.892756,-28.539794,6.05,0.708
33017,6.895068,68.888309,5.11,-0.114
33022,6.895787,-9.515469,7.05,0.566
33025,6.896574,-11.263594,7.24,1.227
33039,6.898737,-24.538756,6.23,0.016
33046,6.899187,38.505018,6.46,-0.044
33052,6.900633,-50.6116,6.24,0.988
33060,6.901682,6.687726,7.09,0.979
33063,6.902106,32.511373,6.95,0.002
33065,6.902209,-24.184211,3.89,1.74
33067,6.902386,-5.852188,6.39,0.174
33073,6.903167,-12.038628,4.08,1.418
33078,6.903623,-23.928336,6.65,-0.056
33083,6.904112,-34.222864,7.33,-0.022
33088,6.905217,-6.389249,7.29,-0.094
33090,6.905584,-31.801621,6.86,-0.11
33092,6.905922,21.161327,6.51,1.4
33097,6.906851,-1.126996,5.44,0.167
33102,6.907412,-42.365571,6.32,2.287
33109,6.909062,50.044882,7.35,0.051
33115,6.910732,13.177827,4.73,0.321
33118,6.911049,15.837945,6.57,0.921
33119,6.911146,6.724075,7.22,0.181
33123,6.911679,-1.756486,6.2,0.487
33125,6.911896,24.245559,6.84,0.582
33130,6.912769,48.905087,6.99,0.147
33131,6.912971,42.947862,7.41,0.183
33145,6.914768,-14.862719,7.5,0.561
33152,6.915765,21.571374,6.98,-0.023
33156,6.916366,-2.803588,6.03,1.102
33161,6.917427,-20.404876,5.8,0.048
33167,6.918661,-38.556456,7.45,1.0
33170,6.919088,-2.481251,7.33,1.061
33176,6.920005,-15.703484,7.32,1.496
33182,6.920738,43.910031,6.16,0.314
33183,6.920763,-29.038472,7.02,0.518
33184,6.920888,45.826408,6.31,0.945
33186,6.921076,-70.489076,7.07,-0.028
33190,6.921853,25.375697,5.74,0.573
33204,6.925536,37.915353,6.73,0.937
33207,6.925803,-22.037452,6.78,-0.174
33210,6.926282,8.324285,6.28,0.037
33211,6.926797,-33.806838,6.99,1.148
33215,6.927064,-20.136497,4.66,0.374
33219,6.928042,-68.505714,6.86,1.134
33229,6.929702,-22.941439,5.29,-0.163
33236,6.931381,-25.518066,7.18,0.439
33237,6.93145,-56.942412,7.39,0.585
33242,6.931736,-1.585366,7.34,0.234
33243,6.931881,-31.790179,6.36,-0.155
33244,6.932277,27.285863,7.21,-0.071
33258,6.935179,-14.04343,5.0,1.182
33260,6.935618,-17.054242,4.36,-0.063
33265,6.936714,12.580484,7.36,1.012
33266,6.937125,8.745355,7.03,1.199
33270,6.937775,-48.721144,4.94,1.668
33271,6.937924,17.737135,6.75,1.064
33285,6.940509,9.956578,5.9,-0.085
33290,6.942238,46.273998,5.85,-0.079
33292,6.942575,0.106306,7.47,1.034
33294,6.942826,-22.644869,7.35,1.285
33295,6.942829,1.162084,7.41,0.69
33297,6.942911,-79.420193,5.45,0.041
33298,6.943061,-8.333734,6.93,0.24
33307,6.946028,-35.341334,6.27,1.278
33309,6.946218,-51.016043,7.24,1.156
33312,6.946824,20.96717,7.43,-0.113
33318,6.947671,-3.692387,7.13,0.418
33328,6.94891,46.705352,5.88,1.093
33332,6.949939,24.642796,6.83,0.947
33333,6.950026,-8.179295,6.31,0.641
33334,6.950145,33.681039,5.91,0.878
33336,6.950482,-19.439002,6.64,0.473
33339,6.950881,-17.098564,6.92,1.363
33349,6.952606,-10.824462,6.9,0.281
33357,6.953648,57.563287,6.03,1.495
33360,6.954102,-22.202864,6.64,-0.187
33362,6.954612,58.422759,4.35,0.85
33364,6.954886,-35.507153,6.23,0.465
33366,6.95514,37.394723,6.48,1.673
33377,6.956673,-56.101304,7.34,0.956
33378,6.957108,11.907554,6.26,0.349
33385,6.957735,43.229305,7.47,1.221
33386,6.957891,-55.667751,7.37,-0.08
33387,6.958065,2.887989,7.49,0.265
33388,6.958716,-43.788574,7.3,-0.053
33389,6.958862,-16.889513,7.24,0.193
33390,6.959239,19.728913,7.42,0.254
33391,6.95942,-24.630841,5.45,0.39
33392,6.959645,-23.15787,7.34,0.653
33394,6.959937,-35.466488,7.27,1.313
33398,6.960309,45.094094,4.9,0.027
33405,6.961842,-27.537505,6.22,-0.147
33406,6.961917,17.902009,7.16,-0.134
33408,6.962624,-52.648466,6.91,0.477
33420,6.965005,41.705456,6.84,1.016
33423,6.965821,-49.146737,7.38,-0.055
33426,6.966059,2.292209,7.47,0.296
33427,6.96639,-10.78593,6.7,1.172
33430,6.966857,-46.095851,6.83,-0.062
33431,6.966862,63.040598,7.49,0.194
33442,6.968497,14.228691,7.3,-0.112
33443,6.968644,-9.027282,7.03,1.505
33444,6.968765,-27.164381,6.36,-0.186
33446,6.96898,-30.746536,7.13,0.869
33447,6.969036,-10.315711,6.58,1.386
33450,6.96993,22.475887,6.94,0.62
33453,6.970403,14.249212,7.36,0.161
33458,6.971534,3.895791,7.05,1.34
33463,6.972636,6.167097,7.35,2.736
33469,6.973402,-16.054604,7.14,-0.078
33471,6.973638,-34.111708,5.07,-0.154
33481,6.974489,-3.023714,7.2,-0.088
33485,6.975524,19.221953,7.32,1.33
33487,6.9766,-23.880843,6.73,0.031
33488,6.976639,-25.414157,5.59,-0.162
33490,6.976772,-56.394849,6.46,0.389
33491,6.976869,-7.185822,7.12,0.814
33492,6.977097,-28.972084,1.5,-0.211
33497,6.977476,7.6223,6.25,0.105
33501,6.977715,-55.729122,6.26,1.16
33503,6.978259,-45.767593,6.23,-0.006
33504,6.978805,-30.998037,6.41,-0.137
33508,6.979839,26.081079,6.2,0.52
33516,6.982507,3.602355,5.96,1.056
33522,6.983328,-47.023345,7.28,-0.012
33523,6.98345,-32.722253,6.76,0.83
33524,6.983498,-26.474425,7.17,-0.175
33527,6.984126,38.052317,6.02,1.218
33535,6.985363,-60.842032,6.96,1.513
33556,6.988925,42.314756,6.68,0.121
33557,6.988937,7.316967,6.34,-0.106
33563,6.991092,25.914171,6.4,-0.111
33570,6.992152,0.916766,7.5,0.801
33579,6.994237,-21.602884,6.26,-0.164
33581,6.994581,48.622237,7.41,1.148
33582,6.99487,-33.47572,6.62,0.203
33585,6.995678,52.57243,6.66,1.39
33586,6.995708,-28.399717,7.23,-0.172
33588,6.995933,-83.752443,7.42,1.04
33595,6.997378,-67.916443,5.18,1.396
33596,6.997448,-41.00161,7.02,1.183
33597,6.99783,11.802015,7.37,1.325
33598,6.997896,-15.021712,7.39,0.404
33603,6.999933,-61.336182,6.81,0.786
33605,7.000766,-30.078322,7.09,1.488
33607,7.001081,76.977408,4.55,1.365
33614,7.00195,29.772125,7.18,1.53
33616,7.002301,-20.158425,6.32,-0.134
33618,7.002714,-31.141689,6.62,0.438
33625,7.004109,26.878388,7.47,0.94
33626,7.004174,-19.801269,6.9,1.029
33628,7.004396,16.078998,5.73,1.641
33631,7.005022,15.535262,6.86,-0.129
33632,7.00501,-5.367162,6.29,0.572
33634,7.005379,-22.11906,6.53,-0.173
33635,7.005811,67.330605,6.53,0.909
33636,7.005855,-5.826656,7.21,-0.035
33637,7.006226,-2.432082,7.2,1.132
33641,7.006561,-49.135056,6.56,0.882
33642,7.006599,-8.406821,5.95,-0.075
33643,7.006625,15.288078,6.69,1.304
33644,7.006941,1.931516,6.76,-0.133
33647,7.0078,-22.645039,7.27,1.55
33656,7.009748,-20.640307,6.71,0.289
33661,7.010309,12.723395,7.39,0.199
33663,7.010723,-15.398699,7.06,1.577
33665,7.010866,16.959177,7.11,-0.054
33667,7.010927,-9.202967,6.49,0.142
33670,7.011229,23.440181,7.17,-0.09
33671,7.011509,-20.675493,7.29,1.244
33673,7.011809,-28.489574,6.28,0.449
33683,7.013208,-25.643805,7.35,-0.116
33687,7.013818,-33.46553,6.39,1.052
33692,7.014303,-51.402585,5.14,1.652
33694,7.014443,-19.444406,6.99,-0.001
33699,7.015583,-0.669232,7.25,0.098
33702,7.016284,10.625036,6.83,1.568
33707,7.017209,-3.252539,7.22,1.843
33713,7.018096,-58.939937,6.01,0.297
33714,7.018204,-65.706501,7.33,0.464
33716,7.01824,-40.794948,7.36,-0.024
33717,7.018318,-25.215634,5.64,-0.165
33723,7.019404,11.774604,6.77,0.107
33725,7.019632,-30.664765,7.41,0.288
33729,7.02048,-25.948716,6.71,0.882
33730,7.020447,54.856682,6.92,-0.066
33736,7.021393,32.414562,6.55,0.27
33738,7.021749,-50.466716,7.25,-0.052
33740,7.022612,70.808296,5.69,1.337
33759,7.026002,-27.222944,6.95,-0.175
33766,7.027667,-23.501429,6.73,1.614
33767,7.028179,4.818096,6.64,0.053
33769,7.028652,-27.93483,3.49,1.729
33771,7.029224,69.646419,6.64,0.969
33777,7.029781,-35.547919,6.58,-0.154
33781,7.03042,-11.300924,6.54,0.016
33782,7.030533,-10.882364,6.64,0.733
33785,7.031366,-1.345883,6.2,1.286
33787,7.032017,5.557155,6.59,-0.028
33790,7.032329,-5.722065,5.22,1.687
33792,7.032481,63.676926,6.61,1.51
33793,7.032536,-17.644326,7.28,0.05
33797,7.033673,44.44897,6.91,1.301
33799,7.034044,-57.315769,7.32,0.434
33803,7.035203,-3.754834,6.58,1.57
33805,7.035335,25.425605,7.05,0.14
33806,7.035442,-6.022381,6.84,1.487
33821,7.037633,-43.40387,6.44,-0.039
33823,7.037929,22.096172,7.36,0.93
33826,7.038193,15.336008,5.78,1.14
33830,7.038453,12.58173,7.28,0.113
33833,7.039015,25.364436,7.37,0.273
33834,7.039059,-42.632463,7.01,-0.138
33839,7.040217,24.215446,5.2,0.953
33841,7.040426,17.755521,5.96,1.518
33843,7.041177,53.383771,7.47,0.028
33849,7.04258,16.674447,5.86,1.659
33861,7.044653,69.208212,7.33,1.643
33863,7.044815,-17.581496,7.45,-0.032
33864,7.045074,84.662865,7.35,0.878
33869,7.046046,-49.927978,6.86,0.055
33873,7.047044,-16.699365,6.77,1.147
33877,7.047365,13.089363,7.5,0.49
33881,7.048489,-24.583116,7.14,-0.068
33882,7.048549,-4.239231,4.99,-0.195
33888,7.050409,-23.833291,3.02,-0.077
33889,7.050514,-24.23275,7.44,1.375
33895,7.051434,-40.357546,7.47,0.28
33896,7.051525,54.174069,7.42,0.949
33906,7.05358,9.023461,7.18,0.506
33907,7.053947,57.930009,7.12,1.576
33909,7.053951,14.336102,7.15,0.264
33910,7.054195,-59.178109,5.5,-0.125
33913,7.054977,9.138355,5.96,0.126
33916,7.056564,0.343983,7.32,-0.046
33917,7.056834,-52.425341,6.53,-0.109
33918,7.057051,-3.025356,7.49,0.14
33921,7.057426,-4.266397,7.43,1.344
33926,7.058234,-55.948246,7.3,1.19
33928,7.058457,29.337081,5.93,0.595
33935,7.059314,71.758128,7.15,0.521
33937,7.059603,2.437314,6.99,0.843
33943,7.060326,-2.474172,7.21,-0.108
33944,7.060576,10.951817,5.14,1.391
33949,7.061009,10.770296,7.39,0.408
33950,7.061571,-0.556951,7.2,-0.038
33952,7.06192,-25.083914,6.86,-0.166
33954,7.062005,33.893383,7.47,1.065
33956,7.062637,-15.633286,4.11,-0.112
33966,7.064333,12.594242,6.01,1.584
33970,7.064855,-13.096981,7.07,1.41
33971,7.064896,-49.58392,4.92,0.14
33972,7.065118,-50.661352,7.19,1.392
33977,7.065928,-43.608039,5.56,0.624
33978,7.06596,-10.123765,6.44,-0.067
33980,7.066213,40.582192,6.97,0.878
33981,7.066373,-43.611319,6.83,0.779
33982,7.066393,47.049958,6.99,0.45
33984,7.066681,-4.623507,7.44,1.898
33990,7.067301,5.131974,7.31,1.411
33991,7.067395,-12.288158,7.44,-0.108
33992,7.067398,51.285912,7.28,1.143
33993,7.067444,-42.33728,5.2,0.198
33995,7.06765,36.313511,6.7,0.84
33997,7.067801,75.227539,7.15,0.594
33998,7.068124,-5.323979,5.63,1.29
34000,7.068481,20.570297,4.01,0.899
34004,7.069084,-64.489963,7.48,0.075
34006,7.069315,18.668802,7.31,0.102
34013,7.070851,75.411274,6.99,0.943
34015,7.071416,37.563966,6.62,0.928
34017,7.071757,-56.749724,5.14,-0.032
34018,7.07211,4.02394,7.35,1.014
34019,7.072271,1.488491,6.57,0.01
34024,7.072955,4.572093,7.46,-0.03
34028,7.073759,-10.454372,6.97,0.357
34045,7.077306,-11.524061,7.22,0.004
34049,7.078157,-40.484005,7.1,1.273
34050,7.079015,-31.945453,7.35,0.458
34054,7.079736,-22.031688,6.09,1.225
34064,7.081559,-20.830088,6.89,1.677
34072,7.08312,30.362339,7.29,0.904
34077,7.084876,-20.202472,7.01,1.235
34078,7.085026,-21.450176,6.68,1.013
34081,7.08583,47.775044,6.37,-0.048
34089,7.087883,-50.360042,6.47,1.424
34091,7.088048,-34.143348,7.5,0.509
34094,7.088436,22.637458,6.0,-0.027
34097,7.089401,-8.133171,7.14,1.022
34112,7.092229,-34.7777,6.15,0.353
34113,7.092425,-40.640397,6.73,0.909
34119,7.092966,14.473112,7.06,-0.112
34127,7.094174,9.1858,5.78,1.513
34129,7.094391,52.758558,6.17,0.102
34133,7.095025,-12.811841,7.3,-0.111
34140,7.096458,31.393279,6.64,1.638
34144,7.097122,-10.66008,6.5,-0.062
34148,7.097676,70.731924,6.49,1.568
34149,7.097992,-1.020465,7.26,0.517
34151,7.098832,15.181466,7.03,0.996
34154,7.099347,36.573001,6.88,0.993
34156,7.099383,-42.327509,7.21,-0.018
34157,7.099657,33.742458,7.47,1.562
34158,7.100135,-30.655711,6.34,-0.131
34160,7.10034,59.80185,6.4,1.19
34163,7.100629,-38.382854,6.09,0.702
34168,7.101398,13.985785,7.44,1.461
34171,7.101536,-45.968835,7.44,1.652
34176,7.103221,24.860146,6.89,1.47
34177,7.103222,34.473967,5.55,0.909
34180,7.103974,-68.83758,6.47,1.039
34183,7.104837,17.744402,7.19,-0.11
34185,7.105747,-37.7096,7.5,-0.02
34186,7.105814,-43.610751,6.52,-0.008
34205,7.109637,-22.014712,7.33,0.958
34207,7.10999,-12.393949,6.48,-0.124
34211,7.111324,-11.294014,5.41,0.033
34218,7.113174,-67.01623,7.3,0.943
34228,7.114577,-24.960572,6.09,1.341
34240,7.116484,-5.471643,7.32,0.435
34241,7.116664,-26.656754,6.61,-0.175
34245,7.117453,-25.780864,7.31,1.451
34248,7.118464,4.910582,6.1,-0.129
34249,7.118633,-40.893268,5.8,-0.158
34252,7.119332,-29.539545,7.35,1.58
34259,7.120359,-51.968283,5.96,0.996
34260,7.121189,-59.716416,6.46,-0.113
34261,7.121368,24.168437,6.73,1.643
34267,7.122691,-9.98514,7.02,0.081
34268,7.122889,34.009288,5.94,1.507
34269,7.122941,-23.840722,5.75,-0.117
34277,7.123577,28.176695,6.47,-0.081
34280,7.124394,-52.20455,6.6,1.389
34290,7.128254,33.195653,7.45,0.925
34297,7.130414,7.471214,5.74,1.176
34298,7.130442,-35.814471,7.34,1.259
34303,7.131238,-15.700543,7.22,0.778
34311,7.13246,-4.677852,6.92,0.297
34323,7.134288,-11.923277,6.65,2.55
34326,7.135085,44.039983,6.84,1.07
34327,7.135178,-57.331123,6.87,0.358
34334,7.136381,-31.427968,7.06,0.47
34338,7.13702,33.832388,6.31,1.356
34347,7.139403,16.135001,6.99,0.964
34348,7.139414,-20.859373,6.82,1.51
34350,7.139455,15.930675,5.47,1.02
34351,7.139543,7.881392,7.02,0.009
34354,7.139857,-26.3932,1.83,0.671
34358,7.141019,-18.60304,7.18,1.626
34360,7.141673,10.925278,7.14,0.032
34364,7.142287,-12.885931,7.2,-0.022
34372,7.143401,37.445096,6.19,1.212
34373,7.143573,4.176147,7.02,1.596
34374,7.143669,18.301374,7.44,1.122
34382,7.145098,-70.497087,5.68,0.436
34385,7.145506,17.657307,7.43,0.676
34389,7.145788,-70.498932,3.78,1.006
34399,7.147057,-24.043787,6.65,-0.189
34404,7.147519,-39.655657,4.83,-0.179
34406,7.147896,33.933913,6.54,1.487
34415,7.149481,-45.331302,7.01,-0.067
34422,7.151522,71.959411,7.02,1.329
34427,7.152164,2.253092,7.23,1.314
34428,7.152406,-31.933555,7.49,-0.117
34429,7.152422,19.54662,7.31,1.428
34440,7.155264,30.147685,7.28,1.079
34445,7.155625,-10.346565,6.23,-0.018
34452,7.156934,-60.380351,6.82,0.821
34455,7.157144,36.563247,6.74,-0.016
34464,7.15851,-35.990863,7.26,0.432
34468,7.158975,-6.043919,6.96,0.236
34471,7.159268,-16.234509,6.0,0.04
34476,7.159833,25.728649,7.09,0.7
34477,7.159932,-15.243173,7.11,0.193
34481,7.160494,60.792086,6.64,1.087
34488,7.161951,-25.231034,5.69,-0.158
34497,7.164173,9.308881,6.72,1.509
34498,7.164491,-16.234728,6.62,0.312
34500,7.164985,13.147583,7.05,1.277
34504,7.165836,-13.616071,7.17,1.028
34505,7.16609,7.724639,6.65,1.546
34509,7.166811,-28.748177,7.3,-0.174
34516,7.168524,21.246985,6.43,0.88
34523,7.169078,62.13589,6.96,1.525
34524,7.16913,-15.684738,7.33,-0.081
34525,7.169268,-18.685637,6.23,0.419
34529,7.170109,-19.198381,7.37,0.287
34530,7.170467,-4.237106,4.91,1.02
34532,7.172034,-27.49152,5.46,0.998
34540,7.173463,-55.587714,6.94,0.947
34552,7.175042,-20.274842,7.49,0.212
34557,7.175899,-7.871016,7.34,-0.001
34567,7.177666,-41.2651,7.49,0.116
34571,7.178679,32.618732,7.04,1.457
34577,7.17971,-9.335999,7.41,-0.114
34578,7.179858,-48.932098,5.12,1.251
34591,7.182624,-67.067027,7.24,1.225
34594,7.183262,-67.961375,7.17,1.322
34595,7.184181,-3.898015,6.51,1.158
34601,7.185659,30.245163,4.41,1.261
34602,7.186253,-4.703316,7.02,0.287
34604,7.186545,3.191619,6.73,0.966
34611,7.187579,59.064567,7.47,1.017
34613,7.188018,15.332199,7.23,0.398
34614,7.188038,-70.119442,6.77,1.005
34618,7.188272,-12.041358,7.13,0.671
34621,7.188749,33.111863,7.16,0.431
34625,7.189124,-10.428827,7.34,-0.079
34626,7.189147,-21.803285,6.92,-0.064
34628,7.189615,-39.102129,6.87,0.141
34629,7.189741,26.856587,5.75,0.13
34631,7.189893,-0.301928,5.44,0.31
34632,7.190326,-17.331121,6.66,-0.033
34636,7.19079,-27.731824,7.21,1.139
34639,7.191288,60.22477,7.24,1.017
34640,7.191378,30.472594,7.18,0.397
34642,7.191665,26.405904,6.7,1.064
34644,7.192093,55.612519,7.34,0.328
34645,7.192131,-49.424204,7.5,0.705
34660,7.194255,39.320549,4.91,1.451
34665,7.19489,-20.883063,5.84,-0.038
34670,7.196347,16.976344,6.5,1.423
34675,7.197606,5.654703,6.07,-0.016
34677,7.197739,-0.492764,4.15,-0.005
34683,7.198739,-56.155496,6.67,0.966
34684,7.19917,49.789836,6.67,1.595
34685,7.200292,22.279012,7.37,0.503
34686,7.200301,43.842979,6.88,0.022
34687,7.20055,-63.190059,6.03,-0.011
34689,7.201137,-30.821365,6.1,0.273
34693,7.201498,-27.334946,6.92,-0.142
34696,7.202081,5.474347,6.15,1.142
34700,7.20283,-5.444907,7.24,1.451
34705,7.203393,-25.942588,5.91,-0.17
34709,7.204392,-40.498808,5.3,0.072
34712,7.204845,-67.782746,7.33,0.737
34720,7.206686,-31.98187,7.13,1.724
34722,7.206716,-27.474758,6.59,0.19
34724,7.207173,-36.544381,5.94,-0.145
34726,7.207327,24.128594,5.85,0.397
34737,7.208664,26.564483,7.36,0.908
34741,7.20935,-46.759305,4.49,0.324
34757,7.212611,-51.211836,7.2,-0.121
34761,7.212862,21.352506,7.3,1.141
34762,7.212872,-57.490726,6.64,0.023
34764,7.213378,15.178285,7.46,0.004
34766,7.213635,27.224823,6.46,0.502
34768,7.213715,25.7487,7.05,-0.012
34774,7.21471,-43.885192,7.27,0.038
34785,7.217411,-24.225575,7.17,0.66
34787,7.217832,31.965477,6.9,0.051
34794,7.218665,-11.251341,5.77,1.508
34799,7.219303,54.493694,7.05,0.119
34803,7.220253,47.606833,6.75,0.296
34805,7.220377,-45.182739,4.87,-0.003
34807,7.221075,-64.873492,7.35,-0.057
34810,7.221775,-0.259519,6.68,0.338
34815,7.222854,16.158966,5.07,1.653
34818,7.223166,51.428745,5.46,1.64
34819,7.223265,13.762968,6.6,1.19
34820,7.22334,-22.674241,5.99,1.481
34823,7.224363,-29.18235,7.46,0.177
34825,7.224812,-38.491141,7.46,0.0
34826,7.225259,32.145417,7.37,0.281
34828,7.225637,-44.639739,4.42,1.331
34830,7.226792,-27.35636,6.12,-0.234
34832,7.227024,47.266751,7.04,0.44
34835,7.227744,-53.667818,6.7,-0.088
34841,7.229043,-5.155533,7.19,0.848
34843,7.229787,-31.083633,6.57,-0.172
34846,7.230107,-22.905778,6.34,-0.184
34848,7.230479,10.690779,6.95,1.0
34849,7.230601,28.494044,6.99,0.007
34852,7.231282,48.498845,7.26,-0.2
34853,7.231389,16.580291,7.26,0.384
34858,7.23197,78.752453,6.93,0.284
34860,7.232594,-30.339791,6.32,-0.183
34861,7.232763,-50.471561,6.79,-0.048
34862,7.232779,71.816584,6.36,1.119
34864,7.233021,-48.30245,7.45,0.364
34880,7.236217,-46.325905,7.29,0.947
34881,7.236347,-3.901779,5.8,1.585
34887,7.237559,-26.352507,4.42,-0.17
34888,7.237644,-9.947533,5.9,1.528
34893,7.238906,3.111414,5.36,1.193
34898,7.239604,-61.069789,7.17,0.437
34901,7.240708,24.711138,6.88,-0.002
34905,7.241181,-10.316245,6.02,-0.173
34910,7.242284,-19.991125,7.35,-0.164
34911,7.242395,12.115824,5.71,1.007
34917,7.242784,20.516866,7.17,1.597
34918,7.242829,-25.302399,7.32,-0.03
34923,7.24353,-30.654899,6.92,0.784
34926,7.243928,-48.271927,4.75,-0.091
34931,7.244993,24.884984,5.84,1.554
34932,7.245028,-23.489401,7.3,-0.177
34935,7.246117,-46.849672,5.72,-0.109
34937,7.246362,-37.2454,7.23,-0.175
34939,7.246682,52.545586,7.3,0.311
34940,7.246742,-15.476075,7.28,0.432
34943,7.246849,-26.772667,4.01,-0.15
34950,7.247546,-27.037996,5.58,1.22
34957,7.248642,-28.964438,7.38,-0.173
34960,7.249209,-41.426394,5.95,-0.146
34978,7.252421,-14.60945,6.97,1.33
34981,7.25329,-36.225627,7.39,-0.085
34983,7.254163,5.818463,7.4,-0.098
34987,7.255391,-0.161283,6.42,0.901
34990,7.255854,-30.686447,5.36,-0.155
34991,7.255901,-52.499226,5.96,1.099
34997,7.256665,-42.088015,7.0,-0.067
35002,7.258081,-58.542623,6.84,0.266
35008,7.25838,9.497547,7.26,0.337
35009,7.258561,-75.864876,7.49,0.539
35011,7.258799,51.449054,7.26,1.054
35012,7.258957,59.774927,7.16,0.95
35013,7.259355,21.966636,7.02,1.588
35020,7.26049,45.409486,6.51,1.152
35027,7.260953,7.977742,5.78,1.537
35028,7.260997,-58.805541,7.42,1.647
35033,7.261889,19.84735,7.45,-0.108
35034,7.262011,-10.583605,5.95,1.173
35039,7.263138,-23.74028,6.34,-0.018
35043,7.263925,47.239964,5.54,0.576
35053,7.265267,59.637467,5.2,1.081
35056,7.265631,-16.235344,6.87,-0.152
35060,7.26588,27.897419,5.75,1.605
35066,7.266623,-54.961597,7.37,1.215
35067,7.266794,82.440455,7.22,1.614
35069,7.267198,29.255099,7.47,-0.074
35070,7.267203,64.781004,7.29,0.833
35071,7.268325,-14.510019,7.04,0.147
35075,7.268584,-30.435359,7.15,-0.183
35079,7.269453,-54.041881,7.26,1.096
35086,7.27071,-15.585689,5.46,0.079
35087,7.270965,-46.774533,5.64,1.441
35094,7.272053,-32.041739,6.92,1.624
35095,7.272156,-50.048433,7.46,-0.042
35107,7.275515,-38.318928,5.81,-0.133
35110,7.276387,-27.881179,4.66,1.589
35114,7.276786,1.878768,7.34,0.609
35115,7.276898,-23.315594,4.83,1.601
35116,7.277001,-64.125487,7.49,0.518
35118,7.277322,-23.31094,6.02,0.317
35124,7.279039,16.14712,6.75,0.417
35125,7.27974,-13.681113,7.2,0.06
35129,7.280143,24.536308,7.32,0.08
35131,7.280392,-36.592633,5.03,-0.161
35132,7.280508,-67.957152,3.97,0.76
35134,7.280628,-25.159021,7.03,0.118
35147,7.28256,-30.897012,6.3,0.2
35148,7.282647,-71.749724,7.08,0.435
35152,7.283381,9.463112,7.24,0.177
35158,7.284277,26.689485,6.38,0.883
35160,7.284528,-21.189173,7.01,1.022
35163,7.284944,-14.847103,7.41,0.448
35166,7.285271,-12.033921,6.72,0.436
35167,7.285333,-28.600387,7.12,-0.013
35169,7.285711,-37.09747,2.71,1.616
35170,7.285983,33.092054,6.93,0.631
35178,7.287669,26.363702,7.28,1.15
35183,7.288276,6.680975,6.64,-0.109
35191,7.289554,-29.131109,7.11,0.06
35192,7.290481,-39.024767,7.38,-0.089
35193,7.290725,-38.913307,6.77,1.352
35200,7.291546,-46.979242,6.7,0.975
35202,7.291817,31.698053,6.75,-0.058
35204,7.292112,-5.822637,7.23,-0.081
35205,7.292129,-6.679997,6.29,1.624
35208,7.2927,52.131071,5.93,1.259
35210,7.29313,-3.747996,7.38,-0.14
35214,7.294033,9.292085,6.72,0.565
35217,7.294607,40.945116,7.45,1.003
35220,7.29518,38.876265,6.48,0.995
35229,7.29667,-26.797556,6.45,-0.153
35244,7.300616,40.883392,5.87,0.181
35249,7.301136,30.955872,6.19,-0.024
35250,7.301181,-43.986786,5.86,-0.117
35253,7.30155,16.540383,3.58,0.106
35261,7.303411,-22.339334,6.7,1.207
35266,7.30511,-36.733962,4.65,-0.099
35287,7.308883,49.464756,5.0,0.087
35288,7.308917,-32.346835,6.99,-0.089
35294,7.30928,-30.798787,7.01,-0.185
35295,7.309309,-39.210285,5.24,0.026
35298,7.310027,0.278653,7.3,0.26
35309,7.310607,-36.742735,5.11,-0.17
35311,7.310792,-63.386698,7.37,-0.039
35315,7.311216,-24.558701,4.88,-0.16
35317,7.311802,-24.954375,4.37,-0.132
35322,7.312841,8.486839,7.09,1.047
35330,7.314243,-26.585854,5.29,0.956
35334,7.31459,38.67359,6.96,0.919
35339,7.315421,0.079317,6.66,1.111
35340,7.315654,-45.297264,7.17,0.519
35343,7.316846,35.157875,7.11,1.34
35345,7.3172,-19.280304,6.06,0.612
35346,7.317374,29.183665,7.47,0.977
35347,7.317696,-17.213262,6.79,1.082
35349,7.318268,10.314964,7.37,0.17
35353,7.319049,-38.037994,7.02,1.091
35356,7.319419,-25.565888,7.47,-0.174
35359,7.319799,-29.013139,7.41,1.27
35364,7.320213,-24.955707,6.82,-0.167
35366,7.320469,-33.727166,6.31,1.302
35368,7.321116,-49.978005,7.26,1.07
35369,7.321537,64.115758,7.39,1.153
35370,7.321698,-58.052209,6.73,0.299
35371,7.321782,-17.524865,6.7,-0.018
35374,7.322255,-22.049773,7.02,-0.1
35377,7.322731,-55.97083,7.42,1.304
35378,7.322811,-8.783114,7.15,1.708
35379,7.322881,2.740694,5.9,1.069
35380,7.322909,36.675553,7.48,0.992
35390,7.324494,-16.395244,5.7,0.346
35397,7.325215,26.822916,6.96,0.97
35400,7.325643,-61.144972,6.75,1.234
35403,7.326325,10.399251,7.36,1.598
35412,7.329901,7.142947,5.91,0.537
35418,7.331034,-52.564984,7.41,1.028
35420,7.331343,59.252874,6.75,1.47
35428,7.332167,33.614379,7.26,0.138
35436,7.333214,2.46043,7.35,0.252
35440,7.334047,19.520807,7.21,1.26
35446,7.334623,-4.991446,7.1,0.289
35447,7.334668,-20.704094,6.99,0.011
35450,7.335219,-3.914525,6.7,1.198
35451,7.335234,15.142928,6.45,0.009
35453,7.335383,21.98232,3.5,0.374
35454,7.335992,16.140331,6.88,1.032
35459,7.336979,-6.138027,7.42,1.034
35464,7.338563,-8.549793,7.15,0.41
35467,7.339288,-52.311524,5.5,0.483
35468,7.339675,-22.084591,7.18,1.012
35469,7.33968,28.122205,7.16,0.113
35470,7.339713,-56.294647,6.57,0.111
35478,7.341964,0.403618,6.88,-0.012
35480,7.342372,-26.700236,6.74,0.248
35490,7.344114,-52.085924,5.38,-0.069
35491,7.344171,-52.198706,6.9,-0.024
35497,7.345466,3.581663,6.88,-0.164
35500,7.346197,-0.846755,7.48,0.317
35503,7.347037,9.653765,7.5,0.464
35504,7.347188,-6.135492,7.24,0.034
35505,7.34721,-51.404634,6.79,0.115
35507,7.347321,-32.476681,7.34,1.334
35511,7.348081,-22.850428,6.59,-0.137
35512,7.348369,-20.649079,7.17,0.208
35513,7.348588,-26.963838,6.0,-0.172
35516,7.349343,6.237592,7.17,0.971
35517,7.349524,-14.360489,5.59,0.971
35523,7.350469,-50.854242,7.31,-0.103
35525,7.350862,42.655913,6.33,1.404
35528,7.351204,-25.891643,5.87,1.604
35544,7.354668,-8.8779,6.56,0.532
35545,7.354864,45.2282,5.74,0.342
35548,7.355829,13.164717,7.49,0.251
35550,7.356156,-48.527061,6.83,-0.068
35551,7.356244,-3.288592,7.2,1.553
35562,7.357911,-28.191196,7.0,0.972
35564,7.358582,37.66278,6.88,1.048
35571,7.35962,-5.897186,6.6,-0.104
35578,7.361418,-61.951411,6.92,-0.094
35592,7.36409,75.08952,6.96,0.031
35601,7.365795,20.443658,5.09,1.528
35607,7.367171,-5.570678,7.42,0.003
35609,7.367237,-8.979377,6.42,-0.189
35611,7.367397,36.760584,5.12,1.082
35614,7.367633,0.177121,5.99,-0.069
35618,7.368962,-32.58733,7.13,-0.051
35627,7.370392,38.995944,6.4,1.217
35628,7.370425,-19.0166,4.94,-0.039
35633,7.370865,50.148821,7.49,0.32
35635,7.371217,-35.916239,6.68,0.559
35637,7.37144,59.901996,6.36,0.282
35639,7.371831,-2.979175,6.23,0.686
35642,7.372121,-16.311299,6.98,1.414
35648,7.373081,-20.506664,6.96,1.61
35649,7.373218,-24.903896,7.02,1.419
35651,7.373719,-5.982829,5.83,0.352
35653,7.374533,0.700831,6.43,0.995
35656,7.375235,-0.259348,6.78,-0.053
35663,7.37657,-32.046015,6.82,-0.171
35665,7.376621,62.86598,7.3,1.345
35671,7.378699,-26.011345,7.15,-0.073
35677,7.380042,-9.631959,7.37,0.549
35681,7.380227,-16.726245,7.34,0.987
35685,7.38079,55.28432,6.86,-0.051
35686,7.381127,55.281392,5.8,-0.078
35692,7.382496,-55.577167,6.89,1.043
35694,7.382824,-3.892271,7.4,0.514
35697,7.383527,-31.923781,5.4,-0.161
35698,7.383719,15.358946,6.66,0.911
35705,7.384613,18.273412,6.78,0.455
35706,7.38489,17.409647,7.19,-0.04
35708,7.385035,-62.271637,7.09,0.974
35711,7.385248,-70.636611,6.75,1.076
35732,7.388778,-36.340147,6.74,-0.131
35735,7.38952,-53.508149,7.04,0.97
35741,7.390141,-20.230328,7.35,0.33
35744,7.39115,22.945349,6.17,0.006
35749,7.391254,25.050531,5.04,0.902
35750,7.391386,-27.834294,5.37,1.539
35757,7.392193,-32.202067,5.41,-0.169
35758,7.392275,-34.517978,7.48,1.067
35768,7.394555,-30.449194,7.03,0.113
35771,7.395028,-53.669348,7.22,-0.068
35776,7.396632,16.675108,7.07,1.493
35777,7.396655,80.626281,7.2,0.99
35781,7.397536,-39.537811,7.1,1.032
35786,7.398283,-17.413435,6.84,0.489
35788,7.398454,-30.21701,6.61,-0.198
35795,7.399538,-35.837824,6.32,-0.136
35796,7.400005,10.906258,7.34,0.103
35798,7.400357,-3.978875,7.1,1.432
35806,7.401584,-29.303104,2.45,-0.083
35808,7.402221,-28.827882,6.79,-0.15
35809,7.402352,40.672389,5.23,1.249
35811,7.402484,21.457753,7.28,0.092
35812,7.40262,-58.491949,6.58,0.71
35814,7.403426,-22.362514,7.27,1.565
35821,7.404774,36.310914,7.14,0.402
35822,7.404787,-22.912758,6.2,-0.088
35824,7.404845,-18.34816,6.95,0.243
35826,7.405051,3.177958,7.24,1.22
35831,7.406825,10.245668,6.9,0.917
35835,7.40768,15.517195,6.47,-0.19
35843,7.409292,27.637857,5.77,0.368
35848,7.410311,-71.470657,6.49,0.12
35849,7.410426,-38.273313,7.42,0.435
35853,7.411163,-16.201473,5.18,-0.035
35859,7.412182,-31.808905,5.35,1.071
35863,7.413155,-37.291193,6.14,0.261
35876,7.414134,-19.012279,6.24,0.291
35884,7.415857,51.887258,5.8,1.61
35888,7.416161,11.669524,5.37,0.105
35896,7.418554,-14.883223,6.76,0.042
35898,7.41888,-21.173853,6.8,0.117
35899,7.418977,-13.751978,5.79,0.432
35901,7.419384,19.005485,7.47,1.06
35917,7.422215,-21.982591,6.04,0.227
35919,7.422769,81.257456,6.3,-0.031
35924,7.423686,-25.217767,5.79,-0.103
35925,7.423945,78.253998,7.23,1.232
35934,7.426039,-19.437742,6.9,1.513
35935,7.426471,20.49514,6.92,0.332
35939,7.42727,-79.094188,5.54,1.281
35941,7.427471,9.276097,4.99,0.991
35945,7.428606,-31.73872,6.32,-0.176
35946,7.428779,27.79808,3.78,1.024
35949,7.429257,4.445918,7.11,1.104
35955,7.430889,-5.774961,5.98,0.901
35956,7.431102,48.547766,6.77,-0.047
35960,7.431703,18.147473,6.93,0.895
35968,7.43225,-14.178764,6.82,0.031
35971,7.43256,-2.248469,6.99,0.568
35974,7.433173,-42.107808,7.41,1.253
35978,7.434005,14.102946,7.4,-0.085
35979,7.434195,-18.362969,7.44,0.062
35980,7.434275,-4.537375,6.78,-0.008
35981,7.434337,-15.665917,6.88,0.62
35982,7.434609,5.5801,7.05,1.039
35983,7.434772,-26.790331,7.42,1.416
35987,7.435162,31.896685,7.08,0.026
35989,7.435374,-18.12154,7.29,-0.02
36001,7.437046,-20.906266,7.18,0.105
36013,7.439403,-51.018481,5.09,1.038
36014,7.439482,-35.176652,7.42,1.059
36019,7.440361,-10.089501,6.97,0.175
36021,7.440927,18.516917,7.26,0.33
36022,7.441052,10.608067,6.38,0.078
36029,7.44282,-0.469511,7.02,0.119
36031,7.443089,73.082674,7.35,0.323
36033,7.443284,-13.188982,6.93,-0.005
36035,7.4441,-23.082049,7.41,-0.016
36038,7.444334,31.619999,7.14,0.893
36039,7.444634,-23.712613,6.62,-0.002
36040,7.444782,11.008833,6.39,-0.126
36042,7.44513,-34.140692,5.9,-0.153
36044,7.445237,49.211527,4.61,-0.001
36047,7.446157,-5.868901,7.4,1.5
36051,7.447296,21.535645,6.54,0.464
36055,7.448981,20.257557,5.94,0.336
36058,7.449324,75.612207,7.39,0.069
36062,7.449591,43.258418,6.66,1.37
36064,7.449644,-34.312166,7.03,0.487
36067,7.449856,-23.086023,5.65,-0.134
36081,7.451549,-68.61542,7.15,0.407
36085,7.452219,-17.864861,5.6,0.314
36087,7.452512,8.289315,2.89,-0.097
36088,7.452532,11.954995,6.58,0.903
36099,7.455273,1.452673,7.16,1.041
36106,7.456652,39.315063,6.99,1.026
36109,7.457102,-51.402601,6.72,0.694
36110,7.457178,66.331571,6.47,-0.064
36111,7.45721,15.316402,7.22,-0.009
36123,7.459473,38.666065,6.92,0.9
36124,7.459579,-18.491888,6.92,-0.084
36129,7.461109,14.676264,7.43,1.564
36130,7.46126,22.141459,6.78,1.68
36134,7.461927,-22.859199,5.98,-0.088
36136,7.462324,21.445247,5.2,0.455
36141,7.463579,27.292478,7.34,0.925
36144,7.463726,-28.371206,7.09,-0.119
36147,7.464105,19.044795,7.24,0.734
36149,7.46435,-11.556867,5.79,0.583
36154,7.465456,-23.489754,7.48,0.958
36156,7.466434,-29.155896,5.55,-0.048
36158,7.466596,-2.88218,6.89,1.011
36160,7.466921,26.227518,7.34,0.135
36162,7.467202,-26.838974,6.26,1.513
36163,7.467243,6.941968,5.22,0.221
36173,7.468139,-19.118142,7.49,-0.087
36179,7.469068,46.521694,6.86,0.111
36182,7.469387,8.92553,4.33,1.425
36183,7.469604,40.656587,7.39,0.702
36185,7.469838,-58.072872,6.52,0.936
36186,7.469893,45.990613,7.27,1.462
36194,7.47136,-11.265294,7.49,-0.061
36202,7.473051,-37.810168,6.54,0.061
36203,7.473121,-35.260155,7.48,0.201
36204,7.473311,61.877551,7.34,1.153
36205,7.473538,21.54939,7.15,0.929
36218,7.476206,-10.043751,6.63,-0.101
36223,7.47775,27.552938,6.36,1.223
36226,7.478076,-29.118679,6.67,1.125
36227,7.478081,-21.804668,7.28,1.382
36229,7.478315,2.283481,7.39,0.086
36232,7.478763,47.920753,6.66,1.474
36233,7.478916,34.436921,7.45,1.133
36238,7.479793,15.109822,6.23,-0.04
36243,7.480876,-31.848401,5.95,-0.156
36245,7.480946,-64.509804,6.38,1.554
36247,7.480968,48.18393,5.7,-0.092
36249,7.481288,46.314618,6.42,1.202
36252,7.482412,-34.918372,6.92,-0.118
36259,7.484699,-31.456216,5.78,-0.185
36260,7.484916,-38.812065,5.41,-0.148
36261,7.48494,-18.875214,6.94,1.2
36263,7.485195,31.78455,4.16,0.32
36268,7.48648,12.760022,6.58,0.227
36271,7.486903,11.581261,7.0,1.036
36273,7.487061,14.358344,7.17,0.039
36274,7.487179,-43.301432,3.25,1.509
36278,7.488095,-34.171415,7.32,0.203
36285,7.488519,-1.905329,5.6,1.493
36286,7.488563,6.582112,6.58,1.003
36287,7.488736,-13.139166,7.16,1.141
36289,7.489,-17.344949,7.15,0.641
36290,7.489012,28.118275,5.07,0.12
36292,7.489407,-14.998657,6.05,0.479
36293,7.489474,-10.326664,5.75,1.616
36296,7.490455,-7.551168,5.86,0.487
36308,7.491873,19.633172,6.73,1.28
36309,7.491921,35.163962,7.22,1.501
36315,7.493177,7.840483,7.34,1.148
36319,7.49593,-46.689473,7.41,0.026
36322,7.496606,12.006564,4.55,1.276
36326,7.49688,27.916146,5.01,1.117
36328,7.497615,-23.024287,4.85,0.243
36332,7.498219,-14.358196,7.32,0.331
36334,7.498417,-13.9894,7.2,-0.085
36336,7.498867,49.672463,5.35,0.47
36341,7.499925,-52.651157,5.87,1.01
36348,7.500585,-25.146213,7.12,0.21
36349,7.500601,-19.526651,6.72,1.491
36355,7.501719,10.047627,7.25,1.606
36360,7.502871,38.16947,6.99,0.498
36368,7.504988,-57.210476,7.07,1.555
36371,7.505157,-40.989217,6.55,0.96
36378,7.506497,19.813922,7.07,0.604
36382,7.507285,13.864956,7.16,0.505
36383,7.507456,-20.807962,7.37,0.091
36386,7.507944,-50.608972,6.55,-0.021
36389,7.508078,2.262254,6.96,1.389
36393,7.508587,-54.399365,5.95,1.585
36395,7.509298,48.879409,7.27,0.176
36396,7.509334,5.25464,6.91,0.029
36403,7.510813,20.491622,7.23,0.162
36404,7.510913,41.89034,7.21,1.108
36406,7.510994,27.908736,7.11,0.465
36411,7.511812,-37.339361,6.66,0.641
36412,7.511834,-30.962281,4.65,0.904
36418,7.513186,-9.77689,6.81,1.096
36420,7.513959,-51.158955,7.48,1.17
36423,7.514204,-5.226494,6.24,1.185
36425,7.514638,68.465621,5.63,1.1
36432,7.515716,8.55199,7.12,0.438
36433,7.515776,51.998722,6.79,0.21
36436,7.516308,-10.107525,6.6,1.622
36438,7.516419,-2.164888,6.96,0.88
36441,7.51723,-34.98418,7.48,1.673
36444,7.517911,82.411466,4.92,1.633
36450,7.519107,11.202979,6.38,1.278
36452,7.520025,76.954637,7.31,1.054
36454,7.52042,2.170282,7.28,0.634
36462,7.521489,-1.125878,6.57,1.072
36466,7.522199,-14.9656,6.95,1.006
36469,7.52259,-4.678887,7.19,0.945
36472,7.523332,-8.740033,7.4,1.364
36474,7.523393,-74.290557,7.48,0.415
36475,7.523429,66.134815,7.15,1.472
36479,7.523825,-36.153256,6.66,-0.119
36492,7.526699,62.501831,7.0,0.083
36505,7.528529,-35.887814,6.61,-0.076
36512,7.53011,17.086046,5.45,1.126
36514,7.53035,1.165165,7.1,1.008
36520,7.532123,38.896068,6.56,0.077
36525,7.532828,-5.942654,6.84,1.304
36527,7.533125,12.661302,6.51,1.0
36528,7.533669,35.602951,7.02,1.589
36530,7.533952,61.757784,6.68,0.989
36532,7.534078,2.725403,6.86,0.069
36536,7.534934,-8.881326,5.9,0.54
36537,7.534986,1.914481,5.24,0.23
36540,7.536612,71.363738,7.24,1.369
36542,7.536913,27.125157,7.17,1.111
36546,7.537846,-18.517864,7.34,0.411
36551,7.53952,-35.961188,6.35,-0.096
36557,7.542923,21.407755,6.81,0.979
36571,7.545788,-9.411032,7.41,1.42
36576,7.546153,-53.555243,6.98,-0.085
36581,7.547042,-2.034373,6.82,-0.023
36584,7.547397,22.887606,6.54,0.998
36597,7.549744,-6.866162,7.28,1.12
36609,7.551469,78.686892,7.41,0.574
36615,7.552716,-24.710731,5.84,0.156
36617,7.553241,3.290379,5.59,0.321
36622,7.553656,-40.058522,6.27,-0.129
36623,7.553701,-43.086199,6.53,0.918
36624,7.553798,0.164299,7.41,-0.122
36626,7.555434,-19.412525,5.64,1.121
36629,7.556058,-68.768526,6.6,0.03
36630,7.556163,-14.338307,6.21,-0.061
36633,7.556841,15.639131,6.64,1.071
36634,7.556897,37.187897,6.4,1.231
36635,7.556997,-33.399902,7.34,-0.132
36638,7.557534,-77.082862,7.16,0.067
36639,7.557589,-50.584255,6.69,-0.087
36640,7.557635,11.011712,6.8,0.7
36642,7.558161,-59.198513,7.5,1.518
36645,7.558883,30.628582,7.46,1.171
36648,7.559325,-6.226986,7.27,0.971
36654,7.560134,15.826662,5.27,0.055
36667,7.563323,-14.523892,4.82,1.362
36669,7.563958,-43.113731,6.68,1.758
36672,7.564179,-36.338392,5.42,-0.078
36673,7.564311,51.314147,6.44,1.348
36674,7.564547,-28.56771,6.77,0.308
36681,7.566191,-39.905807,6.76,1.129
36689,7.567551,-22.296067,4.44,0.521
36690,7.568046,10.568076,6.28,0.022
36697,7.569226,46.150797,7.11,1.584
36701,7.570231,-33.46343,6.11,0.297
36702,7.570265,-20.137413,6.93,-0.17
36703,7.570322,-16.187768,6.72,0.61
36706,7.571081,3.371725,5.83,-0.018
36711,7.571839,-23.473661,5.06,0.468
36719,7.573118,-42.073807,7.46,0.65
36724,7.574215,-42.399023,7.3,0.187
36728,7.574464,-54.06524,7.26,0.589
36730,7.574679,-26.116854,6.64,-0.007
36731,7.574694,-13.870176,6.71,0.488
36735,7.575442,28.686577,6.66,0.93
36737,7.575553,12.304702,7.3,0.65
36741,7.576206,-21.306488,7.48,0.057
36742,7.576333,-27.012275,5.78,1.045
36744,7.576634,31.888276,1.58,0.034
36745,7.576733,48.191401,7.27,0.121
36750,7.577662,-51.474517,6.29,0.073
36751,7.577729,80.896697,6.54,0.965
36753,7.577925,28.502093,7.45,1.37
36757,7.578815,-44.69196,6.77,1.554
36761,7.579275,2.42114,7.39,1.054
36763,7.579503,2.725496,6.55,0.233
36768,7.580667,24.954471,7.37,0.642
36769,7.580851,-44.296142,6.81,-0.03
36773,7.581439,3.342985,7.25,1.133
36776,7.582614,3.276598,6.56,1.05
36778,7.583195,4.439515,6.82,1.18
36783,7.584197,5.296823,7.21,-0.037
36787,7.585392,48.680869,6.97,0.354
36790,7.585778,30.960924,5.34,1.01
36792,7.586485,23.045883,7.26,0.795
36795,7.586737,-17.548183,7.29,0.595
36808,7.58935,-74.274957,6.33,0.016
36811,7.589694,-28.369323,4.65,-0.111
36812,7.589878,-15.382496,6.96,1.536
36813,7.589993,28.627665,7.0,0.202
36816,7.590341,7.579948,6.66,0.046
36827,7.592552,3.987586,7.42,-0.101
36828,7.59266,-26.628651,6.62,0.098
36835,7.593887,-75.544232,7.32,0.539
36836,7.594365,-52.533836,4.93,1.373
36837,7.594521,-70.523645,7.16,0.94
36849,7.597394,-33.392536,7.23,-0.14
36851,7.598016,-47.15567,7.09,1.398
36855,7.598436,-23.548709,6.78,1.158
36856,7.598708,26.895741,4.06,1.54
36857,7.598766,-37.44574,7.25,-0.071
36858,7.598884,43.030959,6.37,0.364
36870,7.600397,-3.151769,7.16,0.564
36871,7.600447,-55.887708,6.39,1.182
36874,7.600968,-57.295875,6.64,1.204
36875,7.601082,-14.492771,5.66,-0.067
36876,7.601164,-77.634109,6.72,1.728
36877,7.601236,66.470305,7.23,1.559
36880,7.602059,-22.160505,6.4,0.968
36881,7.60233,-27.503845,7.08,1.507
36886,7.603833,-44.957626,6.9,1.027
36894,7.604638,-8.311302,6.27,1.541
36898,7.604792,-40.531267,7.48,0.189
36901,7.605351,-69.05654,6.88,-0.011
36907,7.607252,-54.187223,6.82,0.043
36909,7.607622,-14.595084,7.03,-0.06
36916,7.608789,46.180288,5.66,1.56
36919,7.608839,-25.332783,6.85,-0.079
36924,7.60949,65.096231,7.18,1.241
36925,7.609641,5.862171,5.89,0.602
36928,7.610467,-44.987284,7.2,-0.116
36930,7.611398,-19.702338,5.69,-0.165
36931,7.611459,-14.443617,6.7,-0.05
36937,7.6122,-48.830167,5.69,-0.037
36940,7.613067,55.75506,5.93,1.123
36946,7.614107,-45.431332,7.28,1.271
36952,7.615899,-24.296925,7.46,0.222
36954,7.616059,-40.192066,7.07,1.22
36959,7.616695,-21.393943,6.69,0.976
36963,7.617641,-26.816468,6.89,1.077
36964,7.617986,-27.421677,7.11,0.323
36966,7.618187,20.156795,6.73,1.269
36968,7.618259,16.904252,6.94,-0.214
36980,7.620891,53.840763,7.35,1.046
36982,7.621303,-4.110979,5.14,0.442
36983,7.621369,-23.775399,6.34,0.54
36985,7.62161,40.025383,6.34,1.6
36990,7.622809,-34.96853,4.53,-0.081
36992,7.623213,-36.417985,7.11,1.233
36998,7.62472,-2.036852,7.21,1.594
37001,7.625136,18.917807,6.85,0.339
37005,7.62568,60.538619,7.0,0.064
37011,7.62681,-65.917033,7.35,1.304
37013,7.627445,-14.440761,6.53,-0.018
37015,7.627821,22.340059,6.96,1.052
37016,7.628222,1.928392,6.89,-0.016
37020,7.628667,-7.727212,7.09,0.279
37021,7.629111,-35.277156,6.59,1.134
37022,7.629173,-38.010425,6.38,1.472
37027,7.630068,38.878792,7.2,0.277
37029,7.630635,14.340616,6.76,-0.066
37030,7.630806,14.041976,6.79,-0.028
37032,7.63099,-6.958009,6.97,-0.104
37034,7.631628,48.773842,5.93,0.221
37039,7.632659,-32.131264,6.7,0.392
37043,7.633764,-8.126251,6.92,0.712
37044,7.634648,61.533359,7.37,0.454
37047,7.635378,38.25884,7.18,1.652
37049,7.635753,-16.044306,7.32,0.986
37052,7.63641,-31.453256,7.18,0.314
37053,7.63663,-10.613096,7.03,1.572
37058,7.637279,-67.44789,7.36,0.413
37059,7.637325,24.360441,6.37,0.337
37067,7.638346,-25.364804,4.69,-0.1
37068,7.638391,-48.601436,5.68,0.683
37073,7.639092,33.18676,6.84,1.266
37078,7.640005,-39.991955,6.61,-0.047
37090,7.641339,66.235168,6.95,1.315
37092,7.641793,0.505019,7.09,0.4
37096,7.642371,-38.781487,6.2,1.015
37098,7.64246,35.04855,5.58,0.921
37103,7.643713,-56.229337,6.79,1.586
37109,7.644364,-26.316696,7.15,-0.108
37113,7.645262,-1.452275,7.46,0.349
37117,7.645528,-36.49683,5.78,-0.148
37124,7.647186,-26.803836,3.8,-0.159
37126,7.647495,7.966568,7.13,0.245
37137,7.649105,-0.260441,6.76,1.71
37138,7.649154,-20.269697,7.27,0.307
37141,7.65009,-53.273357,6.06,-0.118
37150,7.651216,11.871051,7.2,1.539
37152,7.651654,8.926253,7.19,1.004
37155,7.651971,-18.678392,6.72,-0.073
37159,7.65276,34.584346,4.89,0.413
37163,7.653335,24.222528,6.18,0.028
37165,7.653462,53.900596,6.66,0.087
37167,7.654151,52.566381,7.43,1.19
37170,7.654667,-49.051396,6.97,-0.092
37172,7.654947,20.148537,7.27,0.412
37173,7.655033,5.224993,0.4,0.432
37177,7.65601,50.528537,6.89,0.473
37183,7.656721,-16.847292,6.4,1.47
37186,7.65717,40.671338,7.34,0.821
37187,7.657495,-26.863102,6.5,-0.094
37190,7.657565,-11.563973,7.32,-0.07
37191,7.657595,-38.308021,4.84,-0.189
37194,7.657942,17.674519,5.04,1.616
37198,7.658292,-26.918989,6.78,-0.121
37205,7.65986,-13.885553,7.48,1.563
37209,7.660853,-29.19092,7.21,1.279
37212,7.661629,-43.279616,7.16,0.012
37215,7.662017,-15.827831,7.38,1.755
37216,7.662171,-38.139287,5.73,-0.125
37223,7.663299,-38.260652,5.76,-0.071
37233,7.665025,32.009727,6.16,0.374
37237,7.665205,-45.969633,7.4,1.739
37239,7.666109,-37.579422,5.99,-0.04
37240,7.66628,59.563303,7.23,0.125
37243,7.66648,-3.597507,7.18,0.891
37249,7.667274,11.089371,7.4,0.955
37250,7.667738,-82.581549,7.28,1.28
37251,7.667886,-30.169064,7.11,1.059
37257,7.669447,-45.349283,7.29,1.568
37258,7.670425,-19.660861,5.92,1.158
37259,7.670443,41.163495,6.83,-0.045
37263,7.67075,38.344539,5.77,1.654
37266,7.672078,-78.387385,6.64,0.186
37267,7.67221,-39.421053,6.66,1.03
37269,7.672504,-11.752552,6.43,1.245
37273,7.673114,-15.26392,4.98,1.543
37276,7.673598,-22.045937,7.05,1.076
37279,7.67396,-30.079717,6.95,0.007
37284,7.675144,-33.426177,7.32,0.543
37285,7.675295,87.020091,5.05,1.604
37288,7.676534,-8.18543,6.01,0.153
37293,7.67872,-27.945355,6.76,-0.14
37297,7.679754,-71.76293,7.05,1.022
37298,7.679773,13.771251,6.23,1.393
37299,7.680282,4.071816,6.51,1.457
37300,7.680429,57.082865,6.09,1.44
37308,7.681194,-54.706985,6.69,0.365
37309,7.681277,-31.661166,6.6,1.07
37317,7.682629,-43.18459,7.34,-0.041
37321,7.682922,23.018527,5.93,1.561
37323,7.683392,-36.868525,7.49,1.558
37325,7.683641,-47.831138,7.3,-0.009
37327,7.684204,24.96513,7.24,0.556
37334,7.686782,48.131533,5.58,1.011
37340,7.687454,-9.551131,3.94,1.022
37343,7.687727,-38.533532,5.41,-0.13
37354,7.689368,-44.632168,6.41,-0.003
37355,7.689414,-41.164773,7.4,-0.058
37358,7.689869,-22.336721,6.16,1.644
37362,7.690413,-43.635334,7.04,0.009
37371,7.693099,3.624779,5.95,-0.032
37388,7.696021,-22.404076,6.9,0.277
37394,7.696637,54.765783,6.82,0.989
37395,7.696661,-56.315139,7.04,-0.097
37397,7.697004,-72.606098,3.93,1.033
37401,7.697735,13.480453,5.79,1.669
37407,7.699454,-38.528355,6.54,-0.087
37412,7.700329,-32.079659,7.0,0.306
37414,7.700894,14.208503,5.55,1.642
37415,7.701408,22.928809,7.44,1.278
37417,7.701851,-30.186312,6.95,-0.15
37423,7.702839,-58.630918,6.4,-0.094
37426,7.703231,-55.178962,6.93,-0.076
37431,7.704137,75.564209,7.26,0.892
37434,7.70514,-66.903809,7.26,1.014
37435,7.705244,-16.06919,7.11,1.046
37438,7.705372,30.167845,6.69,1.356
37439,7.705801,-19.10649,7.36,0.451
37442,7.706607,-56.146017,7.25,-0.078
37447,7.707263,-27.729891,7.39,-0.059
37450,7.708506,-39.201258,7.26,-0.075
37456,7.710026,-59.297431,7.17,0.637
37470,7.711381,-42.567441,7.01,-0.107
37472,7.711941,22.224048,7.13,0.416
37473,7.7121,34.000218,6.05,0.469
37483,7.713376,-26.351326,5.64,0.99
37486,7.713955,1.609475,7.3,0.15
37491,7.714442,-71.541919,7.28,1.537
37492,7.714818,-58.230058,6.2,1.049
37496,7.715648,-21.994723,6.82,1.098
37498,7.715865,-45.173118,5.04,0.765
37501,7.716373,-17.061603,6.53,0.813
37502,7.716788,58.71036,4.93,0.104
37504,7.717514,-27.668377,6.93,0.183
37505,7.71753,-33.312451,7.37,0.34
37507,7.718172,0.189333,6.17,1.047
37509,7.718558,-38.863679,6.89,1.026
37511,7.718604,-49.992995,6.56,0.077
37516,7.719996,-36.050089,5.6,-0.13
37517,7.720671,-4.131053,7.19,0.341
37520,7.721245,69.336447,7.03,1.118
37521,7.72133,-33.802993,7.46,0.118
37522,7.721867,28.88351,4.23,1.118
37525,7.722281,-22.298582,6.94,0.912
37527,7.722553,4.945762,6.5,1.356
37528,7.722641,-52.164103,6.69,0.55
37529,7.722828,22.399472,6.25,0.93
37536,7.724897,-54.241296,6.88,0.919
37538,7.725307,3.485868,6.97,0.581
37539,7.725591,-4.680661,7.14,-0.084
37541,7.725663,-28.410885,4.63,1.632
37542,7.726022,-45.863969,7.23,1.72
37544,7.726461,-10.141788,7.45,1.219
37547,7.726857,-1.348217,7.32,1.261
37548,7.727035,-4.707907,6.91,0.92
37549,7.727083,6.284841,7.39,0.064
37552,7.727512,-41.467675,7.32,1.685
37553,7.727531,-25.503835,6.56,0.065
37557,7.728307,-40.933746,5.12,1.104
37559,7.728589,-38.201879,6.42,-0.119
37567,7.729788,43.794652,7.18,0.9
37568,7.729976,-40.309325,6.58,-0.131
37570,7.73013,-28.954826,3.94,0.16
37578,7.731526,15.257674,7.27,0.296
37584,7.732791,24.244016,7.06,0.27
37590,7.734028,-38.817953,7.42,-0.057
37592,7.734263,-42.977619,7.2,1.619
37594,7.734495,50.433794,5.31,-0.001
37597,7.735254,25.784159,5.3,1.535
37598,7.735454,2.405422,6.46,0.211
37600,7.735969,38.837807,7.49,1.565
37601,7.736015,14.173215,7.3,1.581
37603,7.736027,-36.062505,5.8,0.32
37611,7.736819,-50.456727,6.64,0.527
37613,7.736964,-69.821593,6.16,-0.032
37615,7.737193,20.201457,7.35,0.685
37616,7.737238,12.860071,6.4,1.392
37627,7.739038,45.368477,7.5,1.022
37633,7.740793,24.397993,3.57,0.932
37640,7.742237,23.345197,7.38,1.544
37644,7.742825,-24.674079,5.62,-0.191
37645,7.74283,-37.942917,5.89,-0.115
37658,7.744507,-47.008471,6.76,-0.073
37666,7.745519,-66.071933,6.37,0.949
37682,7.748941,39.556367,6.74,0.545
37696,7.751326,-37.887871,6.53,-0.099
37703,7.752593,20.316045,6.53,0.007
37707,7.75342,-4.453962,6.81,1.216
37709,7.754016,-81.967495,7.49,0.21
37711,7.754249,-37.968584,3.62,1.706
37715,7.755013,-43.752566,6.02,-0.069
37718,7.755277,28.026199,1.16,0.991
37721,7.755974,-39.345202,7.19,-0.027
37730,7.757602,-37.596276,6.99,-0.065
37734,7.757981,-14.686167,7.03,0.345
37735,7.758092,-14.690537,6.06,0.11
37740,7.758925,25.988643,7.35,1.53
37745,7.759736,-34.172363,5.36,0.589
37746,7.759866,-56.72257,6.1,0.397
37755,7.761762,39.546946,7.14,0.364
37756,7.761889,-5.678476,7.1,0.046
37757,7.761948,-48.354811,7.47,1.367
37771,7.764148,-7.529657,7.46,0.49
37772,7.764404,-24.256059,6.73,-0.149
37783,7.765797,-14.563805,5.03,0.342
37793,7.767275,-6.772511,5.49,1.378
37798,7.767653,-23.141652,6.95,0.509
37800,7.768736,18.510043,4.89,1.425
37801,7.768876,21.122004,7.41,0.384
37802,7.769196,-51.550738,7.31,0.87
37807,7.769596,-37.93367,5.87,-0.111
37809,7.770557,51.025674,6.97,1.627
37813,7.771167,10.768252,5.25,0.018
37823,7.773145,-61.430152,7.38,0.758
37824,7.773356,-49.241045,6.95,0.163
37826,7.774289,62.830522,6.5,0.262
37830,7.775954,-40.059513,6.56,-0.124
37831,7.77595,-37.772569,6.31,1.348
37834,7.776486,4.130599,7.49,0.628
37835,7.777001,1.85773,7.44,0.103
37838,7.777577,37.517394,5.15,1.588
37840,7.777758,-50.997264,7.35,0.131
37841,7.777793,65.455676,5.93,1.183
37842,7.778858,-48.112124,7.31,0.099
37843,7.779087,-12.675313,6.39,-0.004
37845,7.779454,-46.801665,7.27,-0.099
37846,7.779454,-20.831261,7.34,-0.4
37858,7.782416,-52.347159,6.93,-0.125
37862,7.782721,-50.184469,7.08,0.013
37865,7.783448,4.92526,7.05,0.089
37867,7.783452,64.051928,6.78,0.125
37871,7.784689,69.154549,7.13,0.288
37874,7.784934,-39.330996,6.33,-0.142
37876,7.785331,-41.503727,6.93,-0.168
37882,7.786079,0.918781,7.44,1.301
37884,7.786151,-39.103265,7.12,0.372
37887,7.786821,-22.51951,5.9,-0.18
37888,7.787389,-36.0736,6.46,1.083
37896,7.789529,33.564345,7.32,1.038
37902,7.790276,-38.511145,5.07,-0.112
37908,7.791757,33.415697,5.14,1.635
37909,7.791812,-81.596432,6.79,0.16
37910,7.791858,70.206666,7.06,0.712
37912,7.792085,-46.60849,5.22,-0.151
37913,7.792375,9.632559,7.08,0.576
37914,7.792516,8.972266,7.08,0.428
37920,7.793114,-47.012953,6.98,-0.108
37924,7.794035,-15.990688,6.31,1.791
37927,7.795353,-32.671443,7.41,0.248
37929,7.795891,-16.014483,6.38,1.697
37941,7.799089,-12.192705,5.48,0.478
37944,7.799228,60.296055,7.01,0.587
37947,7.799573,28.66743,7.5,0.934
37954,7.80095,5.409811,6.61,1.58
37962,7.801436,-25.937169,4.4,-0.07
37966,7.802374,-40.652378,6.14,1.591
37971,7.803464,-24.577199,6.85,-0.029
37973,7.804185,-54.714284,6.62,1.111
37975,7.804422,-6.773773,7.17,0.285
37979,7.805417,-56.471075,6.3,1.01
37981,7.805608,-47.077722,4.69,1.039
37982,7.805688,49.756853,7.35,1.092
37984,7.80628,18.336786,6.7,0.927
37993,7.808003,28.764244,6.86,1.001
37998,7.809344,23.14098,6.18,0.571
37999,7.809361,-52.684137,7.41,0.112
38000,7.809882,-22.009246,7.31,1.173
38001,7.810053,74.043208,7.17,1.427
38002,7.810135,-30.755985,7.2,-0.159
38010,7.811589,-31.617811,6.97,-0.106
38013,7.812197,-19.174875,7.39,1.348
38021,7.8137,-38.204067,7.14,0.489
38025,7.81431,-43.31128,7.12,-0.143
38027,7.814916,18.190258,6.91,1.16
38030,7.816173,0.66194,7.46,0.356
38032,7.816383,4.333698,6.55,0.786
38038,7.817132,-24.912208,5.32,0.751
38039,7.817177,13.371869,6.07,1.367
38042,7.818369,-11.181107,6.73,0.286
38044,7.818533,-56.41036,5.57,1.116
38051,7.82024,-46.857717,5.82,-0.142
38052,7.820257,-60.283688,5.78,0.428
38053,7.820331,-10.499344,7.42,0.019
38057,7.820638,-46.373205,4.1,-0.16
38058,7.82064,-40.701064,6.53,-0.151
38059,7.820736,-35.243286,5.94,-0.051
38062,7.821571,-24.859786,3.34,1.218
38063,7.821905,24.488725,7.09,0.488
38071,7.824022,-59.380844,7.49,0.675
38073,7.824344,-54.812292,7.43,0.885
38075,7.824525,-44.751157,6.32,0.962
38076,7.824669,-13.352948,6.23,-0.078
38084,7.825153,-39.001185,7.27,1.1
38088,7.825643,12.81425,6.42,0.984
38092,7.826502,-33.28895,5.61,1.617
38096,7.827444,-55.078959,7.28,0.0
38098,7.827771,-14.085359,6.34,1.66
38099,7.827826,12.148764,7.09,1.238
38101,7.82799,-19.505518,6.49,1.234
38102,7.828054,-66.195974,5.78,-0.04
38103,7.828111,-17.228408,5.17,1.282
38108,7.82924,-20.207629,6.54,0.579
38113,7.829919,26.263823,6.82,0.961
38114,7.830635,-36.093525,6.76,1.553
38116,7.831172,-40.914543,7.08,-0.07
38118,7.83188,-60.051441,6.72,1.239
38120,7.831962,27.363181,6.9,0.682
38123,7.832506,28.198751,6.77,0.089
38127,7.83308,-23.798252,6.73,0.31
38138,7.834908,-19.523548,6.11,1.265
38141,7.835511,60.342127,6.78,0.092
38145,7.836271,-9.183441,5.6,1.446
38148,7.837086,39.770735,6.83,1.635
38153,7.839085,-35.790587,7.21,1.53
38157,7.839677,45.791877,7.06,0.197
38158,7.839957,-50.509468,5.89,1.088
38159,7.840557,-36.241894,7.26,-0.072
38165,7.84184,-3.597717,7.31,0.344
38168,7.842108,14.841588,7.29,0.42
38178,7.844378,24.161026,7.07,0.22
38183,7.845142,-44.579945,6.45,0.899
38191,7.846499,3.277253,6.17,1.106
38192,7.846824,5.85931,6.96,0.04
38194,7.847527,4.459514,6.49,0.944
38197,7.848175,0.079556,6.38,1.237
38198,7.848677,-11.128602,6.16,1.128
38201,7.84912,-59.646218,7.31,0.008
38207,7.850022,-24.528557,6.43,-0.003
38208,7.850055,31.613535,6.83,0.18
38210,7.850655,33.233653,6.06,0.15
38213,7.85072,7.438027,7.44,0.047
38217,7.851591,54.12924,6.03,0.496
38219,7.851689,37.211737,7.37,0.465
38222,7.851749,-18.247293,6.59,0.958
38235,7.853846,-62.930164,7.07,1.02
38236,7.853882,-47.216412,6.53,-0.118
38240,7.854262,37.082085,6.49,1.51
38245,7.855359,54.732296,7.08,1.553
38246,7.85565,-43.095232,6.34,-0.173
38247,7.855688,-9.404693,6.83,0.084
38254,7.857387,29.168008,7.01,0.855
38261,7.861211,-42.888202,6.05,-0.181
38263,7.861358,-12.819405,6.37,0.384
38264,7.861663,1.766868,5.12,-0.116
38266,7.861952,-21.173662,5.62,0.956
38273,7.862862,-13.898029,5.16,0.6
38278,7.863483,-55.702512,7.5,0.948
38279,7.863665,-20.720644,6.78,0.42
38284,7.865732,-9.655756,7.3,0.266
38285,7.865771,19.325085,6.03,1.125
38288,7.866334,5.349677,7.41,0.389
38293,7.867743,45.932989,6.5,0.213
38294,7.867759,59.500569,7.15,1.284
38296,7.868664,3.277342,6.3,1.464
38297,7.868699,-64.294212,7.39,0.121
38299,7.869017,36.169183,6.92,1.63
38300,7.869017,-3.054133,6.94,0.276
38304,7.870288,-40.575786,3.71,1.012
38306,7.870367,-59.613663,7.48,0.013
38312,7.87099,36.269928,7.05,0.589
38313,7.871024,-34.705442,5.01,0.47
38317,7.871911,-14.846175,5.69,0.368
38326,7.874505,57.017647,7.34,1.588
38327,7.874549,-13.862787,6.61,1.084
38328,7.874929,-54.367165,5.7,-0.151
38338,7.876789,55.209443,6.36,-0.003
38342,7.877261,71.784113,7.47,1.241
38343,7.877402,-38.862812,4.49,-0.188
38346,7.87779,39.538269,7.41,0.309
38348,7.878364,3.383843,7.11,0.194
38362,7.879961,-5.428257,5.76,0.412
38365,7.880621,-50.52169,7.1,0.011
38377,7.882072,64.903649,7.45,1.538
38383,7.883614,22.33453,7.05,1.018
38386,7.884308,-36.363769,5.44,1.161
38388,7.884344,-49.613044,4.63,-0.228
38400,7.887117,-34.938528,6.64,0.819
38404,7.887773,-34.038887,7.36,1.641
38406,7.888378,-48.102934,4.22,-0.13
38413,7.889185,28.05199,6.92,-0.006
38415,7.889691,45.741359,7.36,1.031
38421,7.890545,16.845979,7.42,1.11
38426,7.891616,26.765783,4.97,0.098
38439,7.894043,-23.313719,6.95,-0.079
38441,7.894465,-23.187226,7.22,-0.069
38449,7.895401,58.213776,7.39,0.306
38458,7.897018,-26.262086,6.95,0.913
38465,7.899332,16.036187,7.24,0.167
38467,7.899639,-26.348813,7.0,1.337
38471,7.900614,-41.702919,6.85,-0.105
38474,7.901356,-34.022235,7.48,-0.088
38477,7.901995,-18.331034,6.89,1.662
38480,7.903058,-35.877287,5.48,-0.175
38482,7.9031,36.741565,7.15,0.959
38485,7.903284,13.42117,7.2,1.034
38488,7.903696,21.105258,6.84,1.663
38492,7.904003,54.715028,7.25,0.905
38495,7.905701,71.079238,7.35,-0.014
38499,7.906809,-50.170695,7.47,-0.106
38502,7.907089,-28.105345,6.6,0.081
38505,7.907622,-41.658244,7.11,1.066
38510,7.90813,47.385982,6.25,1.133
38512,7.909494,-1.412258,7.43,0.739
38522,7.911088,-34.846713,6.14,1.54
38526,7.911864,47.564596,5.47,1.462
38535,7.913703,18.100218,7.31,1.46
38537,7.913992,-45.664103,7.34,-0.1
38539,7.914235,-31.534753,7.19,-0.108
38541,7.914623,-38.420024,7.44,0.14
38542,7.91482,-57.302806,5.62,1.298
38545,7.915053,32.284706,7.47,0.566
38553,7.916786,-52.58333,6.36,-0.007
38555,7.916832,-23.465371,6.99,0.029
38556,7.91722,12.569493,6.97,0.992
38564,7.918971,28.38418,7.33,0.435
38569,7.919729,9.34997,6.81,1.143
38573,7.920514,-30.917643,6.45,1.474
38577,7.921041,-52.90232,6.99,0.38
38578,7.921432,-11.151471,7.34,-0.116
38579,7.921756,-25.931927,7.44,1.304
38588,7.923348,-47.313082,7.09,1.616
38594,7.924773,-19.047401,6.84,0.134
38596,7.925203,62.043923,7.04,1.227
38599,7.925398,8.86284,5.86,0.369
38600,7.925579,-10.662264,7.33,0.428
38605,7.926603,-15.578801,7.0,0.895
38609,7.927749,19.88397,5.38,-0.035
38610,7.92801,35.412684,6.23,0.277
38611,7.928115,-13.732412,7.26,0.406
38619,7.929608,-43.845054,6.02,-0.111
38621,7.929902,10.443446,7.03,-0.029
38624,7.930593,-45.980055,6.74,-0.125
38631,7.931865,39.286774,7.25,0.044
38633,7.932159,-44.620458,7.44,-0.11
38635,7.932944,-12.608194,6.57,0.964
38642,7.934092,23.692716,7.32,0.629
38648,7.935126,23.623806,6.81,-0.079
38657,7.936543,-51.338417,6.77,0.97
38665,7.937642,29.852077,6.81,1.414
38666,7.937715,-61.099432,6.73,0.001
38670,7.938514,-60.526436,5.74,1.554
38671,7.938498,80.265542,6.55,0.719
38676,7.939364,-20.463276,6.84,0.038
38679,7.939645,-30.28457,6.28,1.476
38681,7.939974,4.485567,6.16,0.957
38682,7.940036,-40.73616,6.78,-0.17
38687,7.940755,56.504444,6.71,0.05
38695,7.942247,-15.524355,7.16,1.307
38698,7.942812,71.847022,7.36,0.386
38704,7.944404,-16.531494,7.23,0.562
38712,7.945871,-12.935336,7.17,1.085
38713,7.946313,-52.98236,3.46,-0.177
38720,7.947486,-59.125765,7.06,2.025
38721,7.94765,-22.880119,4.2,0.718
38730,7.949276,-57.430625,7.46,1.064
38731,7.94939,-43.500411,5.36,-0.166
38732,7.949396,-42.406475,6.09,1.361
38733,7.949774,-49.264944,7.06,1.557
38734,7.949848,15.790281,5.8,1.285
38737,7.95084,-34.378433,6.86,1.58
38742,7.951598,20.966931,7.09,0.92
38744,7.952403,-33.249903,7.31,-0.151
38749,7.953544,-63.296835,6.14,-0.103
38754,7.954411,8.64122,6.03,1.0
38755,7.954451,81.352216,7.16,1.334
38756,7.954526,1.127029,6.35,0.507
38758,7.955118,-44.109859,5.08,-0.166
38765,7.955575,-47.890705,6.21,-0.099
38770,7.957091,6.85168,7.22,0.983
38771,7.957183,-0.635873,7.16,0.005
38773,7.957784,-46.326619,7.08,-0.111
38778,7.959063,32.656707,7.13,0.234
38783,7.960576,-46.593288,7.23,-0.126
38787,7.96104,77.576422,6.87,0.235
38788,7.961141,-30.33457,4.76,0.151
38789,7.961548,-65.90872,6.69,1.605
38791,7.961799,-57.479158,7.41,0.044
38793,7.962562,-60.926462,6.86,-0.009
38794,7.962687,-40.123359,7.36,0.69
38795,7.962946,-60.303072,5.59,0.573
38796,7.963092,-41.535743,7.22,1.311
38807,7.964368,-45.577669,5.14,1.263
38812,7.965025,-20.42869,7.28,2.015
38814,7.965223,-40.784352,6.46,0.979
38832,7.968009,-37.580056,7.48,-0.103
38835,7.968304,7.21353,6.42,-0.031
38836,7.968378,5.011404,7.2,1.024
38843,7.969753,13.329513,7.48,1.049
38847,7.970678,-49.244912,4.47,-0.18
38849,7.971265,43.977374,6.36,1.043
38852,7.972404,2.224767,5.3,0.933
38853,7.972624,-51.448472,6.44,0.26
38856,7.972864,-60.857715,6.73,0.0
38862,7.975092,2.935853,6.65,0.157
38865,7.975409,16.51868,6.05,1.468
38869,7.976353,43.503925,7.3,-0.167
38871,7.977132,-37.02052,6.99,0.979
38873,7.977348,-27.577532,6.98,1.587
38877,7.979216,5.623268,6.95,-0.071
38883,7.980654,-47.682921,7.28,-0.086
38884,7.98071,-60.824462,5.77,-0.082
38890,7.981371,8.453284,7.37,1.103
38891,7.981495,-27.907073,7.44,1.224
38895,7.982567,48.625546,7.35,1.018
38902,7.983537,-48.376311,6.84,-0.125
38904,7.983835,-45.215844,5.98,-0.143
38907,7.984429,-4.332417,6.98,0.297
38913,7.984921,-23.310396,5.09,1.111
38918,7.985449,-39.420306,7.24,-0.09
38920,7.985479,-38.050953,7.27,0.24
38923,7.986184,-51.46592,7.34,-0.07
38925,7.986752,-49.976851,6.35,-0.151
38927,7.986873,5.251583,7.23,0.945
38928,7.9871,-49.973772,6.37,-0.089
38930,7.987715,-73.244171,6.33,0.128
38936,7.988251,16.819051,7.5,0.541
38940,7.989227,-19.466216,7.49,0.008
38941,7.989555,-52.542856,7.45,0.894
38947,7.990298,34.679913,7.3,1.654
38951,7.991217,-39.296944,5.22,0.4
38953,7.991838,-37.302387,7.43,-0.126
38957,7.993071,13.242166,6.05,1.325
38959,7.993544,79.86148,6.84,1.355
38960,7.993762,-60.587061,5.19,1.758
38963,7.994469,-60.207351,6.3,-0.05
38967,7.995169,23.182907,6.92,1.026
38969,7.995598,-3.679583,4.93,1.205
38974,7.996091,-47.303524,6.71,-0.085
38984,7.997605,36.082075,6.5,1.561
38985,7.997792,-18.399228,4.61,0.087
38997,8.000825,-45.025722,7.22,-0.113
39001,8.001548,-48.905418,7.36,-0.063
39003,8.002283,41.422971,7.5,1.535
39005,8.00285,-16.953445,7.02,0.98
39007,8.003264,73.917919,5.37,1.424
39009,8.003481,-55.215834,7.11,1.236
39012,8.004083,-48.981509,6.01,0.042
39013,8.004114,-35.991487,7.18,0.147
39014,8.004169,-45.793323,7.06,1.037
39024,8.005238,8.974279,7.21,0.238
39027,8.005426,-45.456951,6.62,1.272
39028,8.005547,-63.567456,4.81,-0.173
39037,8.006653,64.747175,7.24,0.314
39039,8.007804,-34.123878,7.49,0.05
39041,8.008045,-48.871768,6.13,-0.085
39042,8.008047,-4.879848,7.27,0.523
39044,8.008147,-17.930088,7.46,1.075
39046,8.008929,29.212356,6.97,0.716
39047,8.009004,18.843135,7.1,-0.006
39053,8.01012,12.641795,6.59,1.071
39058,8.011456,18.245563,7.09,0.965
39059,8.011614,-40.19688,7.34,0.061
39062,8.01226,-2.881917,6.41,-0.087
39066,8.013141,17.308703,5.6,1.317
39069,8.013362,19.816216,6.3,1.109
39072,8.013644,12.678441,6.79,-0.065
39073,8.013875,-54.151275,5.87,-0.134
39074,8.014947,-43.060129,7.35,-0.147
39075,8.015078,-15.738889,7.42,0.305
39080,8.01552,25.392836,5.87,1.021
39083,8.016884,23.583093,6.34,1.16
39086,8.01728,-14.138147,7.34,0.267
39087,8.017612,-6.419195,6.45,0.838
39096,8.020042,54.460537,7.07,0.188
39100,8.020371,-1.392608,4.69,1.475
39102,8.020525,4.879824,5.65,0.013
39103,8.020616,-25.41337,7.17,0.229
39106,8.021824,-22.336958,7.06,0.65
39109,8.022246,-49.620544,7.24,-0.11
39110,8.022434,59.047398,5.78,0.421
39113,8.022947,40.856846,7.38,1.006
39114,8.023068,-54.51553,6.12,-0.044
39124,8.02508,16.455309,5.99,-0.024
39125,8.02508,23.912731,7.27,1.1
39127,8.025438,-55.454655,6.28,-0.146
39132,8.025708,41.387119,7.28,0.563
39134,8.026357,-15.25549,7.45,0.983
39135,8.026418,-50.605602,7.2,0.014
39140,8.027091,-37.28372,5.9,0.147
39150,8.028465,60.324353,6.02,0.158
39152,8.028822,25.089465,6.32,0.023
39153,8.029029,-8.593153,7.28,0.677
39160,8.030758,8.913991,6.22,0.57
39161,8.030905,-44.599906,6.56,1.337
39168,8.031996,35.413069,6.34,1.564
39169,8.032109,4.541446,7.14,1.259
39171,8.032532,-27.214787,6.82,-0.04
39174,8.033276,-54.662355,6.67,0.34
39177,8.033479,-9.356776,7.14,0.215
39188,8.035037,-37.050043,6.31,1.599
39191,8.035416,2.960615,6.79,1.552
39199,8.037647,-55.540594,6.7,-0.029
39200,8.03776,2.334571,4.39,1.252
39202,8.037941,60.993476,6.87,0.384
39212,8.039814,-51.440682,7.27,1.09
39214,8.040547,-6.337135,6.34,0.615
39219,8.040859,-44.666955,6.54,-0.049
39229,8.041893,63.090306,6.09,0.58
39231,8.042034,-66.020939,7.18,0.872
39235,8.043247,-25.036932,7.4,0.355
39237,8.043278,57.273627,6.48,0.649
39241,8.043727,-27.544303,6.89,0.752
39242,8.043753,-36.401228,6.59,0.257
39244,8.044706,-49.95046,6.61,0.374
39246,8.045134,48.592543,7.26,1.507
39247,8.045193,14.949319,7.3,0.308
39249,8.045774,-41.309828,5.52,-0.152
39251,8.046225,-6.322464,6.89,1.047
39254,8.047374,-34.545696,7.26,1.632
39256,8.048216,-33.153557,7.35,-0.13
39260,8.04881,-48.324997,6.64,-0.152
39261,8.048948,-40.402553,6.97,1.167
39269,8.051156,-32.463548,5.83,1.225
39274,8.051996,-41.126016,6.83,0.95
39287,8.054027,9.942833,7.48,1.574
39290,8.055136,26.267605,7.07,0.167
39295,8.055881,-69.971588,6.76,-0.072
39303,8.057368,37.136684,6.9,1.482
39305,8.057676,16.847551,7.43,1.183
39307,8.057982,12.181301,6.74,0.571
39309,8.058225,-42.948327,6.28,1.008
39310,8.058251,-49.498556,6.63,1.032
39313,8.058634,27.794332,4.94,1.13
39314,8.05892,-8.173405,7.43,0.508
39317,8.059481,20.338525,7.03,1.0
39318,8.059737,-40.003148,2.21,-0.269
39322,8.061096,36.344874,6.89,1.434
39336,8.064022,22.070807,6.84,1.19
39340,8.064215,-70.337285,7.22,0.061
39344,8.06479,-68.936847,6.84,0.95
39350,8.065566,-47.81581,7.43,-0.109
39351,8.065957,43.839433,7.44,0.308
39357,8.067031,-26.973323,7.17,0.466
39362,8.068025,-29.173297,7.38,0.082
39366,8.068323,13.68752,6.72,0.963
39369,8.068997,33.030744,6.7,0.071
39376,8.071164,-32.674829,5.25,1.882
39382,8.072918,-44.236958,7.39,1.01
39395,8.074956,9.267926,7.26,0.632
39397,8.075054,-42.758734,7.43,0.27
39400,8.075391,-18.983729,7.39,1.25
39402,8.075698,-17.665543,6.54,1.576
39403,8.075733,-25.699737,6.35,1.461
39406,8.076654,53.678522,7.05,0.333
39410,8.077434,-29.965995,7.35,1.572
39412,8.077828,39.740745,6.89,1.058
39413,8.078172,-19.728148,6.12,-0.154
39416,8.078445,-50.590396,5.96,1.213
39419,8.078593,-62.836347,6.25,-0.093
39424,8.079251,18.84202,6.21,-0.042
39427,8.079768,79.479612,5.39,-0.04
39430,8.080321,-5.411757,7.34,1.693
39445,8.082954,-3.49581,6.98,0.011
39447,8.083585,10.500001,7.28,0.899
39451,8.084012,-60.387986,7.25,0.65
39454,8.084251,-33.591322,6.62,0.448
39455,8.084363,-53.107921,5.52,1.347
39456,8.08458,13.118215,5.14,0.018
39461,8.086234,57.77302,7.07,0.399
39473,8.088974,-46.978411,6.18,-0.138
39479,8.090121,5.827486,7.23,0.031
39484,8.091438,-10.123047,6.97,-0.018
39487,8.092136,-13.572528,7.48,0.031
39490,8.092556,13.504147,6.79,1.272
39496,8.093627,27.529736,6.21,0.01
39502,8.095296,-45.171197,7.05,-0.138
39505,8.095801,-33.569435,6.15,1.098
39509,8.096585,2.165089,6.82,0.008
39513,8.09712,-0.57332,6.4,1.058
39522,8.099674,-19.892513,6.97,0.015
39524,8.099809,71.79015,7.43,1.096
39526,8.10057,36.272433,7.07,0.397
39527,8.100707,59.248761,6.69,0.11
39542,8.103892,1.177376,7.32,1.564
39545,8.104351,-40.099649,7.27,0.838
39547,8.10511,22.63549,5.96,1.652
39550,8.105329,-38.89672,6.91,1.135
39561,8.107312,-2.39383,7.32,0.926
39563,8.107615,-9.244457,6.25,-0.006
39569,8.109561,22.456737,7.2,0.769
39572,8.110048,-63.515913,6.66,0.978
39578,8.111206,-45.266015,5.04,1.488
39579,8.111558,-48.497389,6.34,-0.172
39588,8.114317,-27.114269,7.06,-0.077
39597,8.116721,-51.93937,7.13,1.26
39598,8.116804,-29.402937,6.8,0.6
39604,8.118207,-47.793843,6.97,-0.072
39607,8.118468,9.980147,6.81,0.932
39608,8.1191,-36.381413,7.3,0.548
39610,8.119429,43.260365,6.35,-0.02
39618,8.121113,-17.368744,6.5,1.246
39622,8.121678,-20.554342,5.33,0.1
39624,8.121749,-56.647731,7.44,1.626
39626,8.122048,-48.386124,6.69,0.954
39635,8.123717,55.301371,7.19,1.08
39644,8.125737,-24.304324,2.83,0.458
39655,8.127987,-47.254888,7.48,-0.114
39657,8.128148,-3.406693,6.86,1.595
39659,8.128275,-49.010467,6.66,-0.08
39663,8.12885,-41.812275,7.14,-0.119
39667,8.129404,21.581816,5.3,0.642
39672,8.130145,38.58064,7.1,0.337
39681,8.132173,-68.617062,4.35,-0.113
39688,8.133426,-35.211061,7.2,0.346
39690,8.133889,-13.508098,7.27,0.541
39705,8.135781,-78.694894,7.04,0.975
39712,8.13692,-61.077249,6.66,0.86
39714,8.137326,-61.077052,6.77,0.649
39715,8.137351,-33.340041,7.46,-0.001
39719,8.138559,38.524845,7.06,1.589
39721,8.138711,-23.617789,6.56,-0.077
39726,8.139788,13.153357,7.18,1.357
39729,8.140178,49.021078,7.49,-0.034
39730,8.140179,-63.800821,6.32,-0.058
39734,8.140963,51.50667,4.78,0.048
39737,8.141232,-52.617078,7.17,0.351
39739,8.141566,-19.860221,7.07,-0.063
39750,8.143236,-2.983786,4.36,0.97
39751,8.143376,-39.499117,7.16,0.026
39753,8.14379,-37.681221,6.36,-0.054
39755,8.143893,1.89512,7.33,-0.046
39761,8.145124,13.640917,6.25,0.48
39764,8.145439,-20.363173,6.37,0.141
39766,8.145683,-60.625813,7.32,-0.031
39771,8.146872,0.459484,7.47,1.615
39775,8.147111,27.480405,6.88,1.04
39784,8.149085,-68.991604,7.22,-0.1
39785,8.149124,-11.33965,6.31,0.011
39786,8.149126,-71.721833,7.11,1.581
39790,8.150213,-61.302429,4.74,0.437
39793,8.150455,-19.245014,4.4,-0.16
39801,8.151849,-30.32286,6.64,1.398
39805,8.152635,-31.646433,7.34,1.018
39806,8.152641,-48.684413,5.66,-0.101
39807,8.15283,-35.455015,6.21,0.892
39809,8.153375,-64.776216,7.41,1.064
39813,8.154308,-21.576516,7.41,1.029
39815,8.154613,-15.57016,7.32,-0.114
39825,8.156404,42.430609,6.26,1.263
39828,8.156907,24.826128,7.29,1.022
39829,8.157926,-16.248922,5.66,-0.153
39831,8.158017,55.255839,6.83,0.351
39834,8.158362,-51.842754,6.53,0.598
39835,8.158434,32.221138,6.68,0.486
39836,8.158486,-59.541578,6.6,-0.11
39838,8.158674,-52.57447,7.26,-0.035
39840,8.158876,-47.336588,1.75,-0.145
39843,8.159259,65.660946,7.36,1.538
39844,8.159342,-56.085384,5.66,0.204
39845,8.159773,29.093076,6.47,0.804
39848,8.159977,-44.122773,5.2,-0.173
39853,8.161044,35.702365,7.3,1.035
39856,8.161765,25.559057,7.45,1.483
39857,8.161988,-47.937193,5.23,-0.199
39861,8.163249,-42.640803,6.27,-0.036
39866,8.164492,-43.528373,7.17,1.46
39872,8.166085,29.124989,7.49,1.455
39877,8.166919,17.01649,7.34,1.487
39882,8.167719,58.248242,5.91,1.365
39888,8.169848,35.454987,6.65,0.538
39894,8.170308,25.844481,6.44,1.42
39897,8.170998,-22.533303,6.8,0.315
39898,8.171135,-49.03492,7.32,-0.133
39899,8.171644,9.168141,6.8,0.844
39902,8.172303,69.725078,6.54,0.567
39903,8.17238,-49.237347,6.46,-0.14
39910,8.174218,25.507334,5.73,0.825
39922,8.177731,-13.799207,5.53,0.488
39923,8.17788,2.949483,6.94,0.992
39928,8.179122,52.142813,7.41,0.607
39936,8.180953,-32.379568,7.2,1.34
39943,8.182629,-39.078099,7.37,-0.085
39944,8.182898,-6.747878,6.71,1.081
39945,8.183024,14.629474,6.22,0.01
39950,8.183801,-37.292372,6.42,-0.045
39957,8.185397,-40.758282,6.69,1.526
39958,8.186026,53.245087,6.79,0.549
39964,8.186332,-48.461994,5.83,-0.146
39971,8.187863,-12.926999,4.72,0.939
39972,8.187944,9.82123,6.08,-0.104
39973,8.18835,54.540238,6.48,0.94
39975,8.188543,-45.818119,6.94,0.97
39978,8.189304,-39.618545,4.44,1.59
39979,8.189365,-36.800972,7.26,1.085
39980,8.189352,38.731314,6.61,0.593
39983,8.190526,-42.987278,4.73,0.164
39994,8.192501,-7.772539,5.36,0.892
40002,8.19354,16.217691,7.3,1.2
40005,8.194082,32.45713,6.78,0.679
40020,8.196997,16.523862,7.34,0.667
40021,8.197061,13.445603,7.28,0.844
40031,8.198155,-35.773029,6.64,1.53
40034,8.198554,-41.788636,6.7,1.463
40042,8.199991,-46.644351,5.77,0.626
40047,8.201683,-43.40044,6.48,1.704
40052,8.203224,48.959292,6.88,1.315
40054,8.203535,17.647771,4.67,0.531
40064,8.206161,14.004117,6.53,0.155
40068,8.207603,-36.989231,6.54,-0.095
40070,8.208554,-46.264285,6.0,-0.113
40075,8.20909,-54.146452,6.97,0.352
40097,8.212751,-29.910769,6.53,0.057
40100,8.213369,11.184677,7.26,-0.063
40101,8.213552,68.474072,5.34,1.037
40103,8.214077,4.928515,7.26,-0.001
40106,8.214321,-37.92447,6.4,0.108
40117,8.216592,16.51432,6.03,0.89
40119,8.217838,-34.578527,6.99,1.29
40126,8.21913,29.656536,5.62,-0.073
40137,8.220858,-52.236187,7.16,-0.083
40138,8.221232,-24.292584,7.19,0.312
40141,8.221721,-36.341738,7.32,-0.12
40145,8.222213,-15.788221,4.99,1.066
40148,8.222687,56.527856,6.84,0.449
40149,8.222715,-1.165885,6.48,0.918
40154,8.22296,-36.310418,7.34,-0.143
40158,8.224382,48.280817,6.84,-0.027
40159,8.224866,-35.899518,4.78,-0.11
40165,8.226165,10.847158,7.17,0.539
40166,8.226167,-6.594397,7.49,1.004
40167,8.226178,-50.196072,5.52,1.651
40168,8.226259,-31.735381,6.7,0.618
40169,8.226657,10.380661,7.32,0.792
40170,8.22671,-46.991628,5.14,-0.139
40176,8.228075,-33.569528,6.38,1.141
40178,8.228248,23.137729,6.56,0.116
40184,8.229348,-46.578684,6.49,-0.159
40190,8.230607,56.452246,5.88,1.016
40192,8.230762,-35.208269,6.91,0.786
40205,8.232791,-44.750915,7.4,1.116
40206,8.232865,-36.322281,5.09,-0.184
40209,8.232972,-36.340777,6.11,-0.185
40211,8.234143,-40.34789,4.42,1.17
40213,8.234389,-36.952206,7.14,-0.104
40215,8.234761,-44.575795,6.56,0.18
40226,8.236399,-32.140711,6.07,-0.159
40227,8.236428,17.675955,6.47,0.331
40229,8.237017,-35.490019,5.77,1.024
40239,8.239165,13.048296,6.39,1.034
40242,8.239965,-45.834522,5.86,-0.176
40246,8.240846,20.707802,6.93,0.393
40251,8.24157,-40.825873,6.62,-0.148
40257,8.242214,10.188309,7.32,1.021
40261,8.244176,1.157389,7.48,0.187
40271,8.245191,-73.807177,6.64,0.212
40278,8.246947,43.034987,6.83,0.051
40282,8.247567,-46.485892,6.45,-0.149
40291,8.24885,-17.275961,6.98,0.49
40292,8.249084,-35.688702,6.8,1.27
40295,8.249872,16.07864,7.28,-0.081
40300,8.250491,-79.318674,7.03,-0.019
40314,8.254427,-62.915643,5.16,0.086
40316,8.255678,60.017109,7.28,0.983
40318,8.256461,-50.449222,6.44,1.52
40323,8.257005,-52.060299,6.63,0.579
40328,8.257797,-37.372034,7.42,-0.104
40335,8.258728,2.832189,7.5,0.046
40338,8.259317,-13.624266,7.06,1.686
40347,8.261696,66.175583,7.15,0.363
40354,8.263483,2.80138,7.27,-0.012
40357,8.26372,32.177236,7.36,0.519
40359,8.264031,60.380602,6.43,0.21
40361,8.264596,-30.925944,6.22,0.777
40362,8.264681,-46.312283,6.65,0.176
40369,8.26634,-35.903191,6.15,1.549
40371,8.266401,-30.18456,7.01,0.714
40372,8.266483,-19.408235,7.11,1.622
40382,8.268465,57.094139,7.49,0.75
40388,8.269407,46.802205,6.81,1.603
40390,8.27002,-15.68599,7.38,1.19
40391,8.270161,-35.882151,7.29,0.89
40399,8.27151,-86.557293,6.76,0.064
40404,8.27361,-36.202598,7.18,-0.137
40405,8.273658,-39.753088,6.98,1.001
40408,8.27402,-3.226087,7.16,0.583
40411,8.275256,9.185545,3.53,1.481
40413,8.275375,-52.760013,7.13,-0.054
40415,8.275789,11.043606,7.38,1.279
40419,8.276063,11.72624,7.04,1.036
40428,8.279043,-21.882076,6.97,-0.142
40433,8.279898,-9.014306,7.07,0.007
40437,8.281135,-15.151959,7.2,1.48
40441,8.281372,-64.187058,6.67,-0.07
40442,8.281385,-53.626358,7.37,1.1
40444,8.281654,84.057642,6.45,0.052
40446,8.28173,-21.32065,6.6,0.018
40455,8.2828,59.189364,6.58,1.318
40466,8.286001,-3.363724,6.72,-0.061
40481,8.288228,-42.521534,7.16,0.305
40482,8.288462,4.219169,6.53,0.631
40485,8.288772,-47.92008,6.87,-0.116
40488,8.289697,27.049281,7.42,1.289
40489,8.289759,-16.285111,6.32,0.057
40493,8.291208,-32.870046,6.94,0.048
40496,8.291416,-26.302003,7.32,0.507
40502,8.292125,8.86631,6.28,0.98
40505,8.292788,70.177111,7.21,1.407
40506,8.292835,-58.697474,7.0,-0.01
40511,8.29385,6.244961,7.39,1.489
40513,8.294664,9.164713,7.29,1.553
40521,8.295642,-55.891757,7.24,0.988
40522,8.295817,-55.775311,7.07,0.969
40524,8.296153,-36.067591,6.42,1.446
40530,8.297318,35.728393,7.15,0.388
40531,8.297338,59.571133,5.63,0.182
40534,8.297806,-1.804042,7.46,0.855
40540,8.298823,-59.166825,6.47,0.397
40541,8.299522,-30.003697,6.43,1.04
40543,8.299821,6.234113,6.99,1.339
40547,8.300319,-47.091863,7.05,-0.141
40551,8.301397,-60.313899,7.27,-0.013
40552,8.301835,26.424609,7.19,0.157
40558,8.303556,-37.374607,6.67,0.244
40560,8.304006,15.67792,6.42,1.018
40562,8.304388,54.143696,6.26,1.558
40563,8.304832,-35.451703,5.59,1.246
40565,8.305219,-65.613192,5.06,1.129
40576,8.306383,9.15141,7.1,-0.15
40577,8.306452,37.056159,7.45,0.944
40578,8.306651,-12.632173,5.95,0.754
40584,8.308018,54.563844,6.61,0.272
40587,8.308703,-76.919722,4.05,0.413
40591,8.309258,-36.659288,4.44,0.222
40594,8.309708,47.034008,7.38,0.987
40598,8.310372,-14.566421,6.96,0.068
40620,8.314923,-42.526739,7.09,0.951
40624,8.315202,26.335383,7.15,0.346
40625,8.315919,-39.079058,7.08,-0.059
40627,8.316197,-47.210948,7.14,-0.08
40628,8.316378,56.254713,6.84,1.561
40634,8.318219,-48.197853,6.45,-0.131
40639,8.319082,16.121861,6.98,-0.045
40640,8.319174,-46.205247,7.17,1.36
40641,8.319222,24.17473,7.22,0.917
40648,8.320659,-7.558164,6.91,1.652
40650,8.32086,-5.619515,7.43,0.598
40651,8.320856,-10.165754,6.31,0.329
40657,8.321437,62.507159,5.73,0.891
40662,8.32285,-20.16426,6.68,0.028
40672,8.324865,-34.590137,6.44,-0.079
40676,8.325491,35.04567,7.18,0.36
40679,8.32562,75.756907,5.55,0.902
40689,8.328537,-27.081775,7.18,1.301
40695,8.329028,-49.536764,7.13,1.19
40696,8.329288,-37.417745,7.0,0.425
40699,8.329881,35.201326,7.25,0.98
40701,8.330274,-71.514906,5.33,-0.063
40703,8.330518,3.948032,6.04,0.964
40707,8.33164,-12.85695,6.77,1.39
40708,8.332171,39.8847,6.76,0.989
40709,8.332717,-51.941849,6.75,0.263
40718,8.333486,-71.505377,5.63,-0.099
40728,8.334406,27.217707,5.13,0.487
40730,8.334675,-23.461888,7.07,1.636
40731,8.334681,-31.097797,6.9,1.199
40735,8.33535,53.197514,7.19,1.404
40743,8.336944,-0.909314,6.18,0.607
40744,8.338061,-5.32993,6.12,1.329
40749,8.338741,-69.06133,7.07,1.148
40751,8.339158,20.747721,5.8,1.137
40755,8.339845,8.007361,7.35,1.391
40760,8.340564,57.743278,5.89,0.421
40761,8.34093,-22.92468,6.12,1.039
40763,8.341423,53.574092,6.5,0.3
40764,8.341442,9.400118,6.93,1.301
40765,8.341524,-6.62715,7.11,1.585
40766,8.34226,24.022314,5.92,-0.039
40769,8.342934,-44.254995,7.23,-0.121
40773,8.344115,-77.484477,4.34,1.161
40774,8.344533,72.407232,6.0,1.537
40775,8.344722,25.336262,7.27,1.419
40778,8.344837,2.664785,7.42,0.44
40785,8.346645,35.778811,7.15,0.182
40786,8.346665,67.526917,7.03,1.599
40792,8.347987,-4.866092,7.38,0.147
40800,8.35013,-52.227969,6.63,0.147
40811,8.352123,-64.106002,6.11,0.93
40814,8.352591,-52.587459,7.02,0.253
40817,8.353361,-57.97322,5.96,-0.092
40822,8.354327,-8.057861,7.28,1.282
40823,8.354468,1.063775,7.24,0.397
40825,8.355221,-14.975885,6.81,1.324
40826,8.355634,-1.602034,6.52,0.023
40828,8.355846,-36.484177,5.18,-0.187
40829,8.355895,-20.079058,5.58,0.771
40830,8.356397,-33.054366,4.83,1.419
40832,8.356718,-39.620714,6.15,0.172
40836,8.357817,21.909332,7.31,1.071
40837,8.357825,-39.705409,7.17,0.692
40843,8.358429,-20.794462,7.29,-0.011
40847,8.359698,-8.670762,7.08,0.127
40850,8.360084,-11.045682,6.85,0.292
40851,8.360291,33.936783,7.16,0.8
40852,8.360447,-40.454837,7.48,0.109
40871,8.36479,13.624102,7.33,0.351
40875,8.365169,-17.586334,5.71,1.05
40878,8.365833,-10.748118,6.78,0.393
40880,8.365884,14.768134,7.28,1.28
40887,8.367752,19.959187,7.21,1.36
40888,8.367918,-73.399985,5.28,0.014
40889,8.368537,-28.623959,7.14,1.017
40891,8.368941,-40.991455,6.96,0.468
40896,8.369314,74.820364,6.4,1.022
40897,8.369865,2.15141,6.79,1.469
40916,8.374217,5.016077,7.39,1.461
40920,8.375046,-6.179158,6.14,0.227
40921,8.375236,-59.509483,1.86,1.196
40922,8.375471,-48.490381,4.79,-0.146
40924,8.375523,16.162492,6.66,1.168
40926,8.375823,-29.692404,7.02,0.37
40931,8.376465,66.545281,7.44,1.164
40939,8.377146,-44.865687,7.24,0.351
40940,8.377488,40.443827,7.13,0.312
40944,8.378907,60.631236,6.42,0.969
40949,8.379371,-31.607543,7.23,-0.109
40951,8.37968,-13.054793,6.13,0.997
40952,8.379845,-0.867587,6.95,1.119
40954,8.380046,-76.430798,7.25,0.026
40958,8.380538,-26.34822,5.88,0.379
40959,8.380588,43.188131,4.25,1.55
40964,8.381693,-7.54312,5.92,1.635
40965,8.381991,-52.12373,5.89,0.018
40969,8.382546,-43.227874,7.09,-0.114
40991,8.388037,-38.286079,6.28,1.613
41000,8.3894,18.3322,5.94,0.175
41002,8.390372,-70.248655,7.07,1.438
41011,8.391615,85.692145,7.4,0.915
41012,8.391712,6.813204,7.38,1.557
41013,8.391864,-30.801323,6.93,1.201
41017,8.392172,-27.822353,7.09,0.6
41028,8.394991,-30.392069,7.32,-0.073
41031,8.396023,0.059441,7.46,0.33
41034,8.396594,-42.033865,7.47,-0.057
41035,8.396809,53.219712,5.52,0.125
41037,8.39705,-28.970282,6.64,0.016
41046,8.39867,10.632063,6.11,1.507
41049,8.398941,-1.498009,6.91,0.725
41051,8.399695,-32.896888,7.16,-0.14
41052,8.400034,68.92457,7.1,0.458
41056,8.401633,31.300986,7.36,1.036
41057,8.402335,-19.135853,6.88,1.212
41060,8.402517,-35.509017,7.41,0.087
41062,8.403256,-5.679266,7.34,1.504
41074,8.405637,-80.914202,5.67,1.018
41079,8.406252,-55.789647,7.19,1.753
41091,8.409193,82.430759,6.28,0.035
41092,8.409239,-1.148408,7.07,0.589
41094,8.409726,-3.75124,5.61,0.478
41095,8.409801,-40.747011,7.11,-0.158
41097,8.410121,-4.717,6.03,0.46
41104,8.41099,-11.524501,7.09,1.582
41106,8.411385,-55.364356,6.81,-0.108
41107,8.411881,42.005242,6.02,1.591
41109,8.412611,17.181752,7.06,0.539
41115,8.413661,20.152993,7.34,0.644
41119,8.414656,-23.689104,6.97,0.481
41122,8.414784,76.964879,6.96,1.346
41125,8.415328,-23.153745,5.67,0.066
41127,8.415337,23.945453,7.49,0.408
41133,8.415891,-42.769834,5.97,-0.159
41135,8.416209,-15.294144,6.76,0.193
41137,8.416756,-74.912198,7.17,0.671
41138,8.416777,-12.764784,6.89,-0.13
41140,8.416961,9.426056,6.76,1.434
41143,8.417706,-24.046212,5.32,1.476
41145,8.418024,35.011409,6.08,1.261
41149,8.41925,-55.472829,6.61,-0.047
41150,8.419305,53.931646,7.35,0.486
41151,8.419656,-31.940188,6.81,-0.082
41157,8.420578,-7.170236,7.35,0.952
41163,8.421749,-22.140261,6.93,0.969
41165,8.421945,-21.045956,6.01,0.402
41168,8.422848,-55.748612,6.95,0.346
41176,8.425075,-58.133218,6.65,-0.023
41179,8.42537,-51.727415,5.18,-0.164
41182,8.426538,2.102209,5.74,1.528
41185,8.427049,-8.95606,6.51,0.956
41189,8.427601,-17.439405,6.44,1.234
41190,8.427676,-3.906424,3.91,-0.012
41195,8.428951,-66.13689,3.77,1.132
41196,8.429451,-0.411766,7.3,1.062
41198,8.430102,1.574316,6.56,1.16
41200,8.430165,-4.177952,7.39,1.571
41203,8.430523,17.046267,6.11,0.448
41205,8.431002,-64.600618,5.95,0.971
41207,8.431087,-42.153072,5.45,-0.142
41209,8.43188,7.564506,5.13,0.934
41212,8.432108,-14.929661,5.96,0.167
41219,8.433494,-32.169992,7.12,0.36
41220,8.433628,-10.516583,6.58,0.176
41227,8.435067,-8.515106,6.94,0.378
41244,8.438213,-27.144993,6.99,0.459
41245,8.438259,-39.058956,6.07,-0.009
41249,8.438789,70.128068,7.33,0.919
41250,8.438931,2.490043,7.31,1.311
41257,8.440339,-52.8075,6.05,0.062
41259,8.440891,-3.987479,5.6,0.218
41261,8.44103,27.893583,5.58,1.421
41270,8.443252,-49.497221,7.24,-0.061
41273,8.444387,24.534166,6.51,0.349
41275,8.444583,-42.524196,7.24,0.14
41279,8.444987,-12.534602,5.52,1.167
41281,8.445456,7.650664,7.04,0.004
41283,8.445539,12.654612,5.56,1.608
41285,8.446022,-48.956208,7.36,-0.022
41287,8.446412,39.892214,7.08,1.166
41288,8.446408,26.935489,6.3,0.187
41290,8.446453,-55.362901,7.4,0.05
41291,8.446696,-18.173178,7.44,0.14
41295,8.447433,-29.215634,6.73,-0.031
41308,8.449383,-52.70495,6.49,0.419
41312,8.450008,7.221133,7.12,0.203
41320,8.451157,-32.18346,6.8,0.747
41323,8.451504,-15.642661,7.46,1.579
41331,8.454561,-31.672734,6.33,0.897
41333,8.45466,-70.093482,5.51,-0.024
41334,8.454797,-6.409715,6.61,0.523
41345,8.457463,-14.935214,6.68,-0.153
41346,8.457654,-55.011214,6.52,-0.01
41357,8.459243,-20.843958,6.57,0.043
41360,8.459406,-75.358683,6.81,0.118
41361,8.459757,-5.148635,7.17,0.646
41365,8.46017,-53.08848,5.08,0.256
41366,8.460219,45.652987,6.32,0.624
41367,8.460481,-31.99354,7.21,1.292
41371,8.461342,-4.414881,6.83,0.365
41378,8.46291,-24.891517,7.32,1.248
41386,8.464912,-26.132956,6.6,0.11
41389,8.465351,53.457241,7.33,1.313
41390,8.465448,3.218562,6.96,1.088
41397,8.466506,-35.113761,5.75,-0.151
41400,8.467394,11.706427,7.24,1.507
41401,8.467804,35.89181,6.89,0.899
41406,8.468653,21.148478,6.87,1.037
41407,8.468655,46.248784,6.97,1.154
41420,8.47071,0.243944,7.3,1.16
41421,8.471045,-51.770388,7.45,-0.005
41429,8.472163,-8.81628,6.43,1.197
41430,8.472367,33.685292,7.15,1.129
41431,8.472415,49.687319,7.42,0.366
41432,8.47257,6.700709,7.37,-0.096
41446,8.474765,-2.517126,6.42,0.332
41451,8.47588,6.964865,7.15,0.423
41454,8.476669,1.24749,7.4,0.525
41455,8.476678,-23.070981,6.5,0.06
41456,8.476884,24.144934,6.05,0.246
41460,8.477039,14.210822,5.94,0.201
41470,8.478805,-60.122575,7.31,0.72
41478,8.480513,-16.063206,7.29,1.018
41479,8.480834,-9.748582,6.01,0.427
41480,8.481045,53.862205,7.12,0.565
41481,8.481128,-42.587475,6.61,-0.175
41485,8.481508,-20.950401,6.69,-0.066
41486,8.481568,-72.081775,6.88,0.211
41489,8.482088,56.667085,7.05,1.13
41498,8.484654,-47.928923,5.33,-0.14
41500,8.484886,-43.918858,6.78,1.39
41501,8.484959,-5.876064,7.36,0.939
41503,8.485436,-44.160413,5.82,-0.16
41505,8.485872,12.551984,7.26,1.438
41509,8.486353,-28.665718,7.42,0.938
41511,8.486873,32.692306,6.92,-0.083
41521,8.490968,-44.724812,5.03,-0.168
41522,8.490989,-27.332154,6.69,-0.098
41526,8.491613,-54.211761,6.44,-0.108
41527,8.491812,-0.960049,6.7,1.025
41528,8.491918,-34.262299,7.46,1.19
41533,8.493441,8.417213,6.83,1.015
41534,8.493442,-55.190936,6.36,0.799
41542,8.494462,24.344705,7.05,0.986
41549,8.495261,-67.139795,7.28,0.023
41556,8.496011,-46.331693,5.98,-0.127
41558,8.496182,67.297441,5.89,0.972
41561,8.497092,26.192858,6.81,-0.017
41565,8.497425,-10.466639,7.14,1.023
41570,8.498659,0.019286,7.03,0.823
41585,8.504358,-51.134967,7.0,0.203
41586,8.504431,60.718169,3.35,0.856
41601,8.507011,-13.468453,7.33,0.055
41605,8.507948,-32.159285,5.61,1.509
41608,8.508277,-36.721331,6.78,1.903
41611,8.509504,54.119147,6.76,-0.021
41612,8.50956,-40.511663,7.05,-0.081
41619,8.510898,-44.73732,6.3,-0.007
41621,8.511573,46.74958,7.46,0.422
41623,8.512286,68.514934,7.15,0.016
41628,8.512894,-41.51501,6.62,0.9
41631,8.51355,-31.134472,7.41,-0.119
41636,8.514088,-33.644758,7.09,0.282
41637,8.514435,78.228429,7.08,0.932
41639,8.51486,-15.834676,6.75,1.561
41647,8.516797,18.968385,7.43,0.276
41650,8.517707,40.055573,7.06,0.158
41651,8.51772,-14.012066,7.47,0.24
41653,8.517912,38.291567,7.35,1.564
41654,8.517918,-20.304087,7.41,0.108
41656,8.518314,-39.060963,7.32,-0.058
41657,8.5187,59.912577,7.14,0.661
41663,8.51962,-47.86662,6.39,-0.147
41664,8.519624,40.22489,6.71,0.113
41674,8.521157,11.638406,7.4,1.332
41680,8.522213,37.264942,6.18,-0.039
41682,8.522673,-65.522776,7.45,-0.055
41686,8.523309,-19.505691,7.12,0.385
41689,8.523527,-39.06411,6.31,-0.133
41695,8.524883,-54.39401,6.34,1.298
41697,8.525145,24.081105,5.71,0.327
41699,8.525257,-19.577462,5.42,-0.061
41702,8.526396,34.966224,7.26,0.73
41704,8.526592,18.09442,5.33,1.567
41705,8.52686,-45.784785,7.0,-0.106
41707,8.527303,-62.339026,7.42,-0.058
41710,8.52768,-47.241028,6.78,-0.137
41715,8.528138,18.987732,6.5,1.496
41719,8.529066,-74.855021,6.72,1.122
41724,8.531543,72.692094,7.42,1.566
41725,8.531804,9.8141,6.78,-0.037
41726,8.531962,50.616692,7.44,0.63
41732,8.53309,-18.390434,7.06,0.883
41743,8.534712,-53.21192,5.68,0.582
41745,8.53585,-39.952954,7.36,-0.037
41747,8.536495,12.802779,7.29,1.15
41756,8.538038,-41.832377,7.02,-0.054
41757,8.538151,29.319308,7.35,0.955
41758,8.538387,-5.108136,7.26,1.023
41764,8.539828,-49.601326,6.87,0.157
41774,8.5426,-15.030143,6.38,0.275
41775,8.542623,53.114848,6.23,1.008
41777,8.543138,-5.899508,6.88,0.98
41778,8.543223,-55.123558,7.35,-0.038
41779,8.543646,5.717607,7.27,1.118
41780,8.54378,-14.41797,6.62,1.339
41785,8.544409,10.066008,6.48,-0.007
41786,8.544585,-47.042108,6.49,1.293
41787,8.544758,-55.469893,7.45,0.048
41788,8.544957,-73.35679,6.11,0.946
41790,8.545139,20.441162,5.33,1.252
41794,8.545392,15.274594,7.41,1.464
41807,8.547669,-31.500853,6.38,0.78
41808,8.548135,69.319901,6.31,1.36
41809,8.548272,-47.605514,6.57,0.13
41816,8.54861,38.016368,5.88,1.106
41819,8.548991,-49.155068,7.22,1.705
41820,8.549584,-34.634039,6.36,0.951
41821,8.55003,24.08479,6.35,1.032
41822,8.550517,-45.752906,6.36,-0.119
41829,8.551296,67.29288,7.28,1.023
41831,8.551346,-24.60696,6.19,0.27
41835,8.551541,-56.396613,7.49,-0.109
41837,8.552552,-15.764472,7.44,0.988
41839,8.552708,-43.683863,7.13,0.992
41842,8.553013,-5.222647,6.8,0.075
41849,8.554888,-5.32792,7.34,0.525
41851,8.555517,-38.370676,6.48,-0.153
41857,8.556042,36.436429,6.2,0.402
41865,8.557779,-41.616689,7.05,0.735
41867,8.55841,-46.970661,6.25,1.56
41873,8.55931,-16.109615,6.56,1.036
41876,8.56006,-80.158653,7.02,1.399
41882,8.560676,-38.848815,5.92,-0.114
41889,8.562077,4.757,5.89,1.066
41891,8.562513,13.257311,6.26,1.179
41892,8.562701,-23.355549,7.22,0.745
41894,8.562992,-9.998165,7.5,1.626
41900,8.565301,58.60724,6.87,0.003
41909,8.567116,-2.151555,5.8,0.007
41910,8.567144,-25.099399,6.99,0.134
41911,8.567553,-1.568217,7.46,0.612
41914,8.567871,-41.678898,6.74,1.201
41917,8.568929,-44.544832,7.47,-0.168
41919,8.569331,-53.071507,6.79,-0.111
41921,8.569715,-39.729094,7.01,1.212
41923,8.56983,-36.906199,6.69,0.428
41929,8.570245,-42.102526,7.27,1.212
41930,8.570375,8.452339,6.04,0.332
41939,8.573135,-82.566731,6.84,0.436
41940,8.573144,18.397634,7.44,1.295
41950,8.574719,-51.093132,6.58,-0.156
41951,8.574793,-37.611169,6.28,1.562
41952,8.574918,-27.098161,6.4,1.429
41953,8.574936,47.13963,6.68,0.003
41955,8.575458,-0.726067,7.32,0.791
41956,8.57554,-32.598744,6.41,0.752
41957,8.575891,5.503938,6.63,1.587
41959,8.576579,-44.270278,7.31,1.004
41961,8.576711,65.14517,5.47,0.207
41969,8.578778,-49.944203,5.01,1.304
41970,8.578858,36.419619,5.76,0.051
41982,8.581525,48.533721,6.75,0.202
41984,8.581957,73.480373,7.5,1.031
41992,8.584166,41.023788,7.42,1.0
41993,8.584501,11.28372,7.47,0.513
41995,8.584842,-22.255017,7.24,1.245
42000,8.585936,0.362622,6.94,0.956
42002,8.586147,-54.206191,7.06,-0.109
42003,8.586509,-34.024299,6.7,1.355
42004,8.586812,-39.970452,6.44,0.578
42010,8.587658,-58.224735,5.27,-0.133
42014,8.588735,19.590063,6.55,0.681
42015,8.5888,-58.009228,4.84,0.981
42023,8.590266,2.743449,6.35,1.023
42027,8.591166,-7.982292,5.72,-0.004
42028,8.591307,-26.843487,5.95,0.393
42038,8.593664,-42.560459,7.47,0.441
42042,8.594736,-52.322307,7.47,1.634
42044,8.595508,-40.868444,7.41,0.462
42045,8.595854,19.77116,7.48,0.155
42046,8.596237,-28.478593,7.13,1.135
42053,8.597493,6.62022,5.91,0.53
42054,8.597576,6.622776,7.25,0.71
42057,8.597755,-11.291475,7.36,1.638
42058,8.597787,-50.969651,5.79,-0.132
42059,8.597889,-56.372805,7.06,0.427
42065,8.600686,24.051149,6.99,0.084
42068,8.602142,15.313632,6.33,0.338
42072,8.602838,-56.712359,6.97,0.485
42074,8.603042,13.777549,7.4,0.058
42078,8.604323,42.579862,6.98,0.188
42082,8.604845,20.341506,7.47,0.142
42087,8.605752,-70.676671,6.87,-0.061
42088,8.606022,-32.261851,6.69,1.086
42096,8.606437,-38.455363,7.22,0.509
42115,8.61099,-9.714237,7.48,1.138
42120,8.611341,49.376291,7.09,1.675
42121,8.61139,-47.499861,7.39,0.324
42123,8.611874,25.937283,7.47,-0.005
42124,8.611875,-47.998395,7.38,-0.102
42126,8.612694,-52.516401,7.28,0.389
42130,8.613547,74.723677,6.31,0.308
42136,8.616011,-18.681137,7.01,0.927
42138,8.617029,-44.114677,7.12,0.77
42144,8.617705,-26.416397,6.8,1.14
42146,8.61827,9.65558,5.92,0.083
42153,8.619351,-49.425239,7.38,0.164
42154,8.619474,69.698896,7.14,0.928
42160,8.620668,77.046789,7.29,0.54
42164,8.621306,5.991317,7.42,0.982
42166,8.621891,-40.69136,7.29,0.512
42168,8.6219,-62.853465,5.45,1.013
42172,8.622236,-40.147666,6.53,0.598
42175,8.622808,28.294399,6.63,0.833
42180,8.624215,-4.933999,6.18,1.054
42183,8.6249,-33.745683,6.51,0.32
42190,8.626042,-12.585705,6.7,0.284
42193,8.627399,-42.989081,4.11,0.109
42195,8.627602,5.703782,4.14,0.003
42196,8.627692,-40.435577,6.88,1.685
42197,8.627766,-46.28271,6.86,0.044
42208,8.629657,19.26722,6.72,0.193
42214,8.630637,-6.806885,6.74,0.655
42215,8.631154,-26.255,5.24,-0.03
42217,8.631408,-12.705916,7.13,0.955
42222,8.632243,-74.573937,6.62,0.265
42223,8.632272,39.644808,7.47,0.142
42224,8.632655,-8.881591,7.02,0.516
42229,8.633789,-11.743735,6.58,-0.044
42234,8.63477,9.57461,6.54,-0.01
42235,8.634909,-38.009009,7.19,-0.168
42246,8.638607,32.802021,5.96,1.111
42250,8.638966,-6.66232,6.52,0.447
42251,8.639006,0.691051,7.24,1.044
42253,8.639504,53.401539,5.66,0.964
42262,8.641071,-62.843241,6.72,1.593
42270,8.643544,-74.074248,6.82,1.048
42271,8.643921,30.712203,7.44,1.299
42275,8.644526,-19.736904,6.32,1.592
42281,8.645782,-53.090381,6.45,-0.1
42283,8.645955,3.341435,4.45,1.216
42284,8.645979,23.685905,6.89,0.547
42293,8.648972,-6.848338,7.17,0.066
42296,8.649972,52.925079,6.34,1.319
42305,8.651128,-55.942428,7.41,0.441
42306,8.651428,-70.386745,5.19,0.013
42311,8.652198,-22.661875,5.05,0.72
42314,8.652649,-40.419239,7.2,0.393
42315,8.652802,59.939126,6.47,0.035
42319,8.653257,65.020907,5.63,0.618
42321,8.653672,-60.317289,6.35,-0.002
42322,8.653956,-37.470139,6.91,1.678
42323,8.654011,-69.273918,6.99,-0.122
42325,8.654145,-12.737475,6.65,0.032
42333,8.654898,52.711623,5.91,1.167
42334,8.65525,-39.799335,7.28,0.16
42336,8.656144,-36.606685,6.12,0.426
42341,8.656626,-53.439767,5.45,-0.132
42343,8.656821,8.0176,6.46,1.08
42346,8.657591,35.51978,7.37,0.065
42347,8.658021,-18.267471,7.11,0.343
42353,8.658851,32.515615,6.71,1.453
42363,8.661362,-29.082673,6.94,1.118
42364,8.661799,-29.561084,4.86,0.9
42365,8.661841,73.629678,6.16,1.017
42366,8.661849,19.778456,6.65,0.248
42369,8.662168,5.764286,7.26,0.61
42376,8.663923,-34.009811,7.09,1.371
42377,8.664088,19.540818,6.59,0.956
42383,8.664873,-17.302978,6.59,1.334
42384,8.665655,32.727269,6.7,1.122
42385,8.666002,-53.054729,5.18,-0.147
42386,8.66644,-59.546913,6.78,-0.088
42390,8.667076,-12.475372,4.98,1.415
42392,8.667509,-53.851786,7.34,0.275
42396,8.668373,-35.308352,3.97,0.936
42397,8.66845,20.007788,6.39,0.98
42400,8.668988,-51.941559,7.46,-0.114
42404,8.669848,19.971131,6.61,0.006
42408,8.67024,64.327936,4.59,1.179
42409,8.670371,6.565636,6.6,0.899
42415,8.671521,-53.015398,5.56,-0.125
42416,8.671554,-52.921887,3.6,-0.168
42418,8.671679,1.92017,6.76,1.382
42419,8.671748,31.941898,6.21,0.401
42421,8.671996,-40.263875,5.2,-0.027
42423,8.672263,19.348989,6.76,0.271
42425,8.672531,-42.389198,6.85,0.16
42429,8.672802,19.669938,6.42,1.02
42433,8.67337,-14.696948,7.46,0.081
42437,8.67417,19.544808,6.29,0.17
42440,8.675708,10.924139,6.78,1.382
42443,8.676018,33.277252,6.74,1.071
42445,8.676461,-45.191103,5.67,1.664
42449,8.676953,-59.761003,4.31,-0.117
42452,8.677103,-46.648744,3.77,0.67
42455,8.678166,-12.169063,7.25,0.266
42457,8.678605,51.430748,6.88,0.958
42459,8.678669,19.719314,6.83,0.202
42460,8.678761,-57.54549,6.34,0.208
42476,8.681501,-48.225509,6.95,-0.148
42481,8.682306,19.580338,6.77,0.169
42485,8.683629,45.83401,5.35,0.993
42487,8.683784,-9.051999,6.64,0.017
42494,8.684639,-66.816319,6.71,-0.088
42495,8.684812,-48.92268,5.9,-0.186
42505,8.686982,-47.317125,4.74,0.137
42509,8.687586,20.476905,6.72,0.112
42518,8.688773,-78.963359,5.46,-0.101
42525,8.689797,-72.588726,7.07,0.428
42526,8.690293,59.071087,7.04,0.979
42530,8.692359,-73.614596,7.0,-0.001
42534,8.69303,-44.991913,6.7,-0.106
42543,8.695371,-15.943384,4.87,1.063
42554,8.697245,19.87417,6.9,0.959
42559,8.698561,-22.028209,7.49,1.633
42560,8.699142,-45.410714,5.2,0.171
42571,8.701166,-74.609228,7.42,-0.028
42572,8.701239,-89.460534,7.2,1.712
42582,8.702603,-3.04992,7.4,1.482
42583,8.702726,-11.966008,6.46,0.16
42584,8.702768,-52.967682,7.38,0.015
42589,8.703496,-32.231344,7.3,-0.024
42593,8.704498,-48.09909,5.48,-0.172
42596,8.705278,-53.100056,5.49,-0.127
42598,8.705793,-55.774557,6.26,1.178
42607,8.707054,-53.113984,4.83,-0.173
42609,8.707863,-47.521319,6.73,0.232
42614,8.708518,-8.498518,7.01,-0.046
42615,8.70856,34.187697,7.42,0.583
42619,8.709677,-48.163593,7.25,-0.161
42620,8.710276,-4.410225,6.9,1.382
42625,8.711594,39.061456,7.46,1.687
42634,8.712837,31.862602,7.18,0.598
42635,8.713165,-46.807265,6.92,0.274
42641,8.714248,73.169205,6.95,0.012
42650,8.714937,-9.805563,6.9,0.166
42656,8.715833,-35.943301,6.42,0.019
42658,8.716713,46.900845,6.21,0.981
42660,8.716831,70.164534,7.22,1.199
42661,8.717234,60.930085,7.28,0.984
42669,8.718578,-45.561746,6.87,1.51
42675,8.720081,-79.070082,6.05,0.229
42676,8.720091,12.680876,5.62,0.435
42680,8.72041,3.398662,4.3,-0.192
42687,8.721431,21.468501,4.66,0.01
42688,8.721689,-38.882379,6.58,0.917
42700,8.72502,-61.688807,6.85,-0.111
42705,8.726079,36.714942,7.06,1.048
42709,8.726539,-33.186385,3.68,-0.18
42715,8.727854,-49.822802,5.15,-0.197
42716,8.727882,-7.23373,4.63,0.84
42718,8.728171,9.339837,7.23,1.036
42731,8.731758,-68.21158,6.33,1.501
42735,8.733272,4.334558,6.37,-0.04
42738,8.733557,-38.77933,6.99,0.982
42744,8.73446,-4.202153,7.3,0.166
42749,8.736031,-47.116102,7.23,-0.111
42752,8.736149,36.918344,6.54,0.469
42755,8.737455,32.062646,7.03,0.233
42757,8.737624,42.100673,7.07,1.434
42759,8.738455,-20.266821,7.38,1.0
42760,8.738528,-37.526872,6.78,1.404
42765,8.739987,-42.649276,4.05,0.874
42773,8.741094,-32.020928,7.34,1.56
42776,8.74167,-65.825429,6.03,0.217
42780,8.741992,5.285851,6.87,0.118
42789,8.744535,-41.277218,7.34,0.324
42792,8.74475,18.154309,3.94,1.083
42793,8.744854,-23.788411,6.72,1.263
42794,8.745059,-54.708821,1.93,0.043
42796,8.745211,-74.788035,6.66,1.22
42797,8.745825,-42.634563,7.2,0.743
42798,8.745844,10.08167,5.63,-0.069
42799,8.746327,-22.298037,7.47,1.661
42803,8.747447,-44.542596,6.56,0.567
42804,8.747758,-37.147249,5.74,-0.139
42809,8.748653,-21.167826,6.1,0.195
42811,8.750203,-30.978076,7.16,0.036
42812,8.750356,5.680588,6.13,0.2
42817,8.751541,-58.724319,6.2,-0.083
42818,8.752456,-32.249262,6.89,0.325
42822,8.753055,43.649154,7.26,0.496
42830,8.754841,-6.978526,6.66,1.472
42833,8.755769,-2.601062,6.41,0.521
42835,8.755951,30.697752,6.12,0.935
42838,8.756478,0.197764,6.55,1.008
42851,8.75822,18.817489,6.77,0.39
42857,8.758673,28.445306,7.34,0.46
42862,8.759685,4.664376,6.45,1.228
42864,8.760511,37.291595,6.95,0.297
42865,8.760592,-77.075315,6.85,0.059
42870,8.762197,-55.854743,6.77,0.299
42875,8.763033,48.878765,7.47,0.077
42877,8.763167,-40.615579,7.24,-0.038
42878,8.763192,-44.248011,6.7,-0.088
42880,8.763431,-36.742986,7.45,-0.14
42883,8.76369,-25.388088,6.07,0.084
42886,8.764197,-37.877317,6.87,0.041
42893,8.765339,-79.504373,5.79,1.595
42894,8.765727,-32.163827,6.84,1.149
42895,8.76578,73.292557,7.34,0.03
42896,8.766184,-54.960387,6.99,0.837
42898,8.766415,-48.687111,7.46,1.163
42904,8.767124,-46.041527,3.87,0.015
42907,8.767354,-2.048655,5.7,1.097
42911,8.767919,33.586844,7.05,1.442
42915,8.768492,-7.584297,7.49,1.379
42916,8.768576,-11.006768,6.22,1.608
42920,8.769321,-10.829894,6.79,1.579
42922,8.769466,-26.612793,7.09,1.321
42929,8.770645,27.594793,7.29,0.943
42938,8.772058,-47.549877,6.87,0.255
42941,8.772248,0.646848,7.08,0.19
42942,8.77229,20.616538,7.13,0.073
42945,8.772676,-33.902025,7.18,1.05
42948,8.772927,-13.54772,4.32,0.9
42950,8.77299,82.239282,6.86,-0.003
42954,8.773267,-41.125389,6.21,-0.05
42955,8.77347,10.592032,7.34,0.515
42963,8.775152,-45.912504,5.43,0.238
42965,8.775647,8.477944,7.07,0.008
42966,8.775862,-42.566264,7.09,-0.115
42970,8.7765,-8.64091,7.43,1.041
42974,8.776759,-29.728111,7.29,2.087
42981,8.777773,28.765059,6.58,0.051
42984,8.778284,28.759898,4.03,1.007
42986,8.778487,-56.769776,4.5,-0.169
42987,8.778599,-63.191624,7.15,0.988
42988,8.778825,-39.907895,7.06,-0.081
42989,8.779319,-18.757836,6.6,1.032
42990,8.779587,6.418809,3.38,0.685
42994,8.780322,38.042195,7.41,1.409
42995,8.780345,-34.622945,6.33,-0.127
43002,8.782227,12.109952,5.89,0.12
43009,8.784824,-45.07475,6.6,-0.12
43010,8.785358,28.161804,6.6,0.676
43017,8.78624,4.357991,7.38,0.017
43023,8.787496,-1.897033,5.28,0.058
43024,8.78757,7.609347,7.13,1.521
43029,8.788568,-46.155415,5.71,0.554
43033,8.789297,-17.052878,6.48,0.679
43035,8.789438,-39.799754,7.46,0.045
43037,8.789962,-34.600333,6.66,1.429
43039,8.790316,-36.750741,7.42,0.302
43049,8.793131,-13.526668,7.5,0.149
43056,8.794543,-38.991967,6.99,-0.161
43057,8.794554,-41.736792,6.35,0.578
43059,8.795533,-38.941484,6.96,-0.1
43062,8.796649,-42.272854,7.13,-0.12
43066,8.79765,-33.398379,6.81,1.158
43067,8.798309,-43.354172,7.23,0.85
43075,8.800064,-52.850151,6.29,-0.097
43077,8.800227,-49.574844,6.71,0.424
43084,8.801355,-6.558839,6.09,1.282
43086,8.801768,17.394775,7.22,1.426
43089,8.802438,-42.463446,6.43,-0.178
43094,8.803398,2.580119,7.31,0.462
43095,8.804063,-28.6388,6.42,1.364
43104,8.805084,0.555024,7.24,1.47
43111,8.806345,-65.430466,7.1,1.151
43113,8.807214,5.837812,4.35,-0.044
43116,8.807277,-2.5209,7.31,0.928
43117,8.807514,-58.226942,7.32,1.477
43120,8.808563,-42.400655,7.39,-0.112
43121,8.809124,2.563662,6.93,1.082
43125,8.810289,10.433033,6.91,1.555
43126,8.810403,-1.044836,6.42,1.142
43131,8.810982,12.546938,6.66,1.642
43137,8.811927,-39.233871,7.15,0.275
43146,8.813686,66.708083,6.2,-0.106
43151,8.815156,-38.970094,7.04,1.007
43159,8.816763,38.345249,7.27,0.064
43162,8.817281,-39.414718,7.43,-0.065
43164,8.817601,-43.76121,7.33,-0.134
43176,8.820147,3.484755,7.45,0.689
43178,8.820929,-15.564735,7.27,0.536
43182,8.822573,-43.370669,7.48,-0.093
43184,8.822702,-3.443023,5.3,-0.08
43188,8.822867,-10.88433,7.13,1.152
43194,8.824186,-11.019028,7.39,1.297
43202,8.82694,1.482452,7.03,0.02
43203,8.827121,-62.508381,7.42,0.465
43204,8.827545,-40.320158,5.47,0.066
43205,8.827667,-63.181951,7.14,1.065
43207,8.827853,-42.823468,7.47,-0.139
43208,8.827919,-8.638122,6.82,0.244
43210,8.828113,64.264765,7.09,1.284
43212,8.828441,-28.255915,7.45,0.016
43214,8.828629,-5.694451,7.15,0.88
43216,8.829151,-21.04844,6.48,0.256
43218,8.829253,29.448884,7.38,1.164
43224,8.8299,-45.307875,4.94,0.043
43227,8.830211,7.014768,6.67,1.065
43228,8.830593,-72.55124,6.1,0.185
43229,8.830972,-32.780525,5.19,0.876
43230,8.831141,33.720038,7.38,0.898
43231,8.831212,-39.141603,6.38,0.249
43234,8.831759,2.362691,7.24,0.928
43235,8.832121,-36.616119,7.15,0.503
43239,8.832627,6.547174,6.94,0.011
43247,8.833953,-29.462997,5.86,0.948
43265,8.838592,-44.721091,7.5,0.98
43269,8.839172,-42.089791,6.0,-0.114
43271,8.839344,-28.617619,6.17,-0.055
43273,8.83982,-35.930453,6.9,-0.108
43274,8.840201,-4.197586,6.92,0.924
43286,8.842204,-27.709844,4.02,1.272
43287,8.842286,33.285052,6.22,0.549
43290,8.842628,-46.529187,5.09,-0.205
43291,8.842982,-66.792981,5.34,0.423
43294,8.843418,-4.699529,7.02,0.3
43297,8.843992,36.877088,7.49,1.211
43298,8.844558,18.00343,6.7,0.881
43303,8.845632,35.070971,6.86,0.592
43305,8.845868,18.832183,6.41,0.009
43307,8.846144,26.826838,7.44,0.331
43308,8.846278,78.165143,6.93,1.506
43323,8.848669,85.051,7.42,0.483
43328,8.850082,73.752041,7.44,1.555
43331,8.850407,15.350651,6.36,0.669
43340,8.853001,15.999426,7.38,0.911
43343,8.853865,-38.633091,7.0,-0.167
43358,8.85644,45.933207,7.45,1.551
43363,8.857727,-42.504503,6.54,0.043
43364,8.857741,-61.362967,7.16,0.545
43366,8.858119,70.299377,7.12,1.631
43373,8.859559,-7.177226,5.55,0.15
43376,8.860145,-57.633577,5.59,-0.102
43390,8.862655,-55.808854,6.69,-0.043
43397,8.863899,-44.150931,6.38,-0.15
43405,8.865443,-40.986584,6.49,-0.106
43407,8.865646,11.135903,7.47,1.23
43408,8.865787,43.726603,5.15,0.971
43416,8.86761,4.466134,7.2,0.171
43426,8.869351,29.853716,7.08,1.032
43427,8.869453,42.002735,5.98,1.251
43430,8.869936,45.312819,5.96,1.233
43434,8.871219,8.06292,6.57,0.64
43442,8.872337,-12.808694,6.83,0.553
43443,8.872715,-56.242099,7.21,-0.076
43447,8.873384,5.340311,6.34,0.122
43448,8.873532,-55.341654,6.79,0.014
43450,8.873927,-32.509322,6.49,1.451
43452,8.874608,28.259159,6.25,1.552
43457,8.875212,-13.232942,6.12,1.142
43461,8.876284,32.474157,5.67,0.224
43464,8.876625,28.330819,5.96,0.869
43466,8.877391,-48.359097,5.92,-0.148
43467,8.877416,-36.545342,6.41,0.549
43470,8.878005,-52.128906,6.39,0.003
43478,8.879932,-47.394318,6.81,-0.034
43480,8.880005,-38.724086,5.79,1.508
43481,8.880306,-69.830597,7.44,0.007
43493,8.883361,29.961535,7.35,1.091
43497,8.884386,-56.649485,6.02,-0.023
43500,8.88481,-16.952471,6.43,1.082
43501,8.884983,59.05614,6.35,0.414
43502,8.88503,52.390229,6.92,0.498
43507,8.885564,54.95305,7.38,0.612
43511,8.886537,37.070278,7.09,0.609
43512,8.886662,17.368533,6.87,0.404
43520,8.889528,-44.333101,7.42,0.093
43521,8.889601,61.962268,5.72,0.305
43528,8.891488,-11.391864,6.98,1.528
43532,8.893431,-17.359229,7.35,0.497
43543,8.896039,13.830403,7.06,0.189
43546,8.896851,-60.353909,5.78,-0.088
43548,8.897388,-47.520778,5.31,0.275
43549,8.897426,17.545089,7.24,-0.007
43550,8.897433,-40.447542,6.42,0.96
43553,8.897763,1.824328,7.23,0.345
43557,8.898586,-45.377108,7.44,0.86
43560,8.898704,19.967132,6.68,0.701
43562,8.898801,35.538294,6.14,0.059
43567,8.899114,-41.827019,7.37,-0.118
43568,8.899389,8.421557,7.15,0.51
43577,8.900054,-74.884922,7.45,1.293
43579,8.900171,-42.485766,7.16,0.241
43581,8.90031,-35.650469,7.39,0.513
43592,8.902743,-32.155614,7.26,1.052
43593,8.903547,-43.498955,6.97,1.64
43597,8.904091,30.579115,5.4,1.05
43599,8.904116,-8.760856,7.44,0.546
43602,8.904986,-5.434459,6.01,0.661
43605,8.905906,26.923751,7.01,1.596
43612,8.908231,-23.521827,7.23,0.546
43615,8.908563,5.464433,7.23,1.628
43622,8.910624,-11.377443,6.59,1.657
43638,8.914547,-36.057023,7.41,1.145
43639,8.915011,-58.239658,6.36,-0.086
43642,8.915551,26.19829,6.73,0.665
43646,8.915957,52.794636,7.29,-0.02
43648,8.916016,-15.779262,7.1,1.048
43650,8.916217,-3.555583,6.98,0.2
43652,8.916331,32.743836,7.39,0.107
43653,8.916349,-18.812174,7.38,0.842
43656,8.916777,-54.699433,7.21,0.793
43657,8.917127,-34.143201,7.15,1.126
43659,8.917457,-60.644609,3.84,-0.104
43673,8.919936,-54.965768,5.7,0.481
43674,8.920119,-18.241189,5.75,1.327
43676,8.920739,-18.25679,7.06,1.532
43681,8.921415,-11.371693,6.86,0.168
43682,8.921785,-38.327765,7.26,1.484
43683,8.922002,-45.04167,6.26,-0.152
43686,8.922988,-3.147744,7.02,1.129
43687,8.923022,17.231276,6.28,2.975
43689,8.92323,5.945563,3.11,0.978
43691,8.923705,-33.401767,7.07,0.485
43692,8.923918,5.565906,6.68,1.275
43693,8.924279,26.409829,7.36,0.025
43697,8.924891,-7.971153,6.07,0.22
43700,8.925434,-27.681871,4.87,0.142
43709,8.927689,27.927481,5.23,1.0
43712,8.927957,-2.790775,6.93,1.104
43725,8.931802,-15.439536,6.47,1.393
43726,8.932097,11.626023,5.44,1.462
43728,8.932196,-23.818303,6.39,0.157
43746,8.937087,24.447757,6.74,0.403
43750,8.938102,-60.471967,7.38,1.704
43754,8.938686,-52.723475,4.68,-0.115
43755,8.938851,-37.122471,6.85,0.616
43756,8.939576,38.81166,7.38,1.34
43759,8.940104,83.887383,7.48,0.556
43769,8.941814,40.201474,5.9,0.378
43773,8.942729,45.764115,6.84,0.344
43774,8.942813,-16.708748,5.95,1.544
43777,8.943622,4.236581,6.13,1.001
43778,8.943741,64.603831,5.57,0.877
43779,8.944286,33.257759,7.32,0.511
43783,8.944949,-85.663152,5.43,0.306
43784,8.945082,-63.048457,7.2,-0.04
43795,8.947136,-17.433396,6.56,0.413
43798,8.947218,45.631646,5.72,1.125
43803,8.948531,65.525994,7.36,1.1
43805,8.948859,-73.921917,6.99,1.351
43807,8.949056,32.91043,5.44,0.181
43808,8.949149,56.888936,6.97,1.476
43812,8.949562,-59.229338,4.93,-0.182
43813,8.949596,-49.681025,7.16,1.712
43823,8.95136,35.023358,7.17,1.022
43824,8.95143,21.860443,7.04,0.91
43828,8.952076,44.409302,6.93,0.917
43829,8.952098,-43.256186,7.31,0.002
43831,8.9523,17.143751,6.17,1.001
43832,8.952378,-71.016897,7.05,1.438
43836,8.953275,50.74173,7.32,0.064
43840,8.953788,2.524879,6.95,0.364
43844,8.954152,15.322762,5.22,0.149
43850,8.95519,32.445136,6.99,0.302
43858,8.956989,58.21881,6.89,0.168
43861,8.957865,-44.265394,7.39,-0.155
43863,8.958015,-50.7495,7.09,0.119
43876,8.959777,15.581281,5.68,0.209
43881,8.961227,-24.841108,7.11,1.002
43884,8.961673,9.387764,6.19,0.984
43885,8.962158,-38.742555,7.5,-0.074
43888,8.96294,38.258924,7.1,0.476
43891,8.964213,-18.889042,7.11,0.0
43898,8.965434,-48.57291,5.88,1.06
43904,8.96625,-4.859303,6.68,0.386
43905,8.966295,30.233826,6.25,0.474
43915,8.968946,1.541587,6.59,0.064
43925,8.971537,70.654651,7.08,1.217
43929,8.971747,18.308276,6.56,0.021
43933,8.972982,78.145729,7.34,0.354
43937,8.974274,35.802643,6.65,0.012
43939,8.974784,11.857701,4.26,0.141
43948,8.978869,-16.132727,5.8,0.521
43954,8.979456,-64.530505,6.9,1.073
43956,8.979541,-16.748576,6.98,1.358
43957,8.979691,66.001362,7.3,0.241
43963,8.98052,25.404968,7.47,0.68
43966,8.981216,-47.234688,5.17,0.268
43969,8.982045,-15.984903,6.74,1.543
43972,8.982168,-68.139251,6.93,-0.06
43980,8.983507,63.428588,7.17,0.91
43988,8.984933,63.352515,7.07,0.14
43999,8.986314,18.134867,6.3,1.511
44000,8.986828,48.041826,3.12,0.223
44002,8.987228,-16.502612,7.13,1.122
44003,8.987729,-28.806017,6.24,0.997
44008,8.989068,-63.466812,6.93,0.001
44015,8.990089,45.738433,6.64,0.011
44016,8.990078,-59.083712,5.17,0.417
44021,8.990801,13.074391,6.49,1.462
44027,8.992405,32.418559,5.23,0.913
44035,8.994421,-19.208036,6.19,0.461
44037,8.995201,-27.816303,6.88,0.695
44040,8.995952,-51.503827,7.19,0.148
44048,8.998232,-22.691517,6.96,0.43
44053,8.999428,26.434514,6.86,0.264
44054,9.000302,-49.557967,6.88,1.32
44060,9.001241,82.719437,7.13,1.122
44064,9.001505,-41.253605,4.45,0.646
44065,9.001666,-74.399906,6.85,-0.064
44077,9.004604,61.944806,7.42,1.013
44086,9.006183,-43.173991,6.04,-0.154
44103,9.008556,37.604353,6.21,1.572
44109,9.009145,-12.140694,7.38,0.332
44117,9.010554,-51.555573,6.7,-0.148
44118,9.010562,-21.215857,7.11,0.363
44120,9.010685,41.782911,3.96,0.463
44123,9.011685,-38.419483,7.28,-0.127
44126,9.012675,-9.191419,7.19,0.073
44128,9.012707,-60.963828,5.8,1.211
44140,9.014818,-24.153642,6.94,0.097
44148,9.016019,-24.969926,7.49,0.341
44149,9.017253,-9.219683,7.38,0.049
44152,9.018393,1.280151,7.43,0.085
44153,9.018411,-27.515741,7.19,1.727
44155,9.019027,-68.683916,5.89,1.634
44161,9.019838,-26.663716,6.2,1.137
44165,9.020777,-2.561581,7.5,1.128
44169,9.021917,-64.924226,7.2,1.566
44171,9.022462,-41.864254,5.56,-0.135
44179,9.023369,32.252296,5.89,0.088
44187,9.025364,-4.456011,6.65,1.406
44188,9.025385,5.640986,6.08,1.111
44189,9.025443,-49.579325,7.44,-0.115
44190,9.025771,40.940639,7.43,0.418
44197,9.027225,-1.476322,7.36,0.147
44203,9.027991,39.713518,6.39,0.314
44208,9.028793,17.081061,7.39,-0.015
44209,9.029046,-52.188685,5.23,-0.12
44214,9.030234,27.902593,6.07,0.243
44215,9.03028,-26.563513,7.25,0.498
44216,9.030326,5.651693,7.19,0.313
44226,9.032608,-8.374183,7.29,1.096
44228,9.032774,-0.482673,5.64,1.163
44231,9.032996,2.671222,7.1,0.3
44239,9.03511,-39.402164,6.25,1.0
44240,9.035239,-40.554697,6.91,0.416
44247,9.038602,38.656606,7.34,1.522
44251,9.040047,-2.365853,7.46,0.442
44254,9.040777,-66.396076,4.0,0.145
44262,9.04242,67.629619,4.74,1.542
44263,9.042457,25.855413,7.3,1.08
44267,9.043217,-42.70741,7.3,0.028
44274,9.045231,82.744869,6.99,0.401
44277,9.045629,24.452915,5.45,-0.041
44278,9.045783,7.298267,5.85,1.1
44287,9.047727,-32.440056,6.94,-0.018
44293,9.050791,49.948242,6.87,0.078
44295,9.051483,-53.550372,6.39,-0.074
44299,9.052165,-14.003643,7.36,1.658
44303,9.052451,-25.504208,6.72,-0.033
44306,9.053213,-62.351599,7.39,0.393
44309,9.054058,6.81598,6.53,1.04
44313,9.054386,32.881434,7.03,0.497
44314,9.054477,-33.600662,7.15,-0.005
44317,9.055009,-70.60667,6.93,0.305
44322,9.055868,-4.441572,7.46,0.106
44330,9.057526,37.840978,7.04,0.609
44336,9.058964,53.108284,6.87,0.999
44343,9.060427,47.156525,3.57,0.007
44348,9.06206,-5.171363,6.83,-0.059
44350,9.0625,-17.4966,6.58,1.452
44353,9.063086,38.742127,6.7,1.356
44357,9.063768,-64.685188,7.42,0.051
44371,9.066213,71.305473,7.09,0.319
44372,9.066255,-36.73896,7.28,0.445
44376,9.066778,54.283887,5.74,0.034
44381,9.068273,-47.44145,6.46,-0.155
44383,9.069248,-47.097737,3.75,1.174
44384,9.069408,27.898304,6.67,0.022
44407,9.074234,43.441926,7.22,1.357
44414,9.075479,-56.343615,6.81,0.4
44417,9.07579,-56.341041,6.89,0.04
44424,9.077693,3.541091,7.29,0.148
44428,9.078218,-17.236846,7.16,0.358
44436,9.079995,-57.852573,6.43,0.288
44440,9.080556,-46.815979,6.88,0.081
44446,9.081968,32.376833,6.46,0.241
44450,9.082596,-10.121888,7.27,0.311
44453,9.082806,13.343944,7.37,0.995
44457,9.083328,22.832408,7.36,0.613
44466,9.0848,-3.780881,7.23,1.288
44468,9.085165,-29.018182,6.63,1.412
44471,9.085785,-72.602705,4.47,0.607
44475,9.087608,2.414111,7.38,0.156
44479,9.088553,50.823788,6.77,0.411
44480,9.088618,-61.826751,7.38,1.2
44485,9.090028,48.530314,5.48,0.475
44490,9.091814,-50.286858,7.27,-0.118
44492,9.092598,36.180399,7.07,0.286
44497,9.093714,64.054541,7.42,1.285
44498,9.093994,-70.538497,4.66,-0.149
44527,9.099163,-36.095887,7.32,1.31
44531,9.099546,5.092316,4.99,1.189
44537,9.102117,-64.499849,6.37,1.361
44544,9.103494,15.862355,7.41,0.083
44555,9.106227,68.445138,7.08,0.266
44557,9.106259,49.611392,7.49,-0.176
44568,9.108281,-2.599657,7.34,0.646
44572,9.108825,38.452215,4.56,1.037
44580,9.109454,-55.802411,6.1,-0.132
44585,9.110783,-43.491977,7.31,0.664
44589,9.111986,59.34452,6.44,0.045
44600,9.114216,38.278437,6.61,0.446
44601,9.114245,-60.261492,7.38,-0.069
44606,9.115216,-18.201586,6.65,1.036
44610,9.11665,1.462694,6.16,1.648
44620,9.119609,9.671385,7.39,1.061
44624,9.120428,51.629932,7.2,0.96
44625,9.120747,-51.211813,6.72,1.618
44626,9.12076,-13.307229,7.04,0.298
44627,9.121307,2.581643,6.66,0.425
44628,9.121625,-38.817622,7.32,1.406
44629,9.121858,-57.463732,6.61,0.974
44633,9.122831,0.600191,7.16,0.03
44640,9.124143,22.980872,6.39,0.453
44643,9.124596,-30.082873,7.39,0.983
44653,9.127157,31.200555,6.95,1.365
44659,9.127762,-59.184736,7.36,0.182
44662,9.128477,-44.63244,6.78,-0.01
44665,9.1288,-12.020693,7.15,1.468
44670,9.129115,10.668191,5.23,-0.092
44677,9.131446,25.626295,7.04,0.192
44685,9.132795,-7.805045,7.37,0.323
44689,9.133268,-43.432589,2.23,1.665
44690,9.133348,29.654235,5.42,0.888
44692,9.133761,-2.476187,7.09,0.868
44696,9.134133,-25.858536,4.62,1.594
44697,9.13449,32.540399,6.47,0.375
44699,9.134856,-58.129611,6.94,0.928
44702,9.135084,47.423704,7.09,1.175
44704,9.13511,14.042481,7.3,1.619
44705,9.135342,-37.358853,7.32,-0.031
44710,9.135665,14.711396,7.35,1.213
44715,9.136823,11.948202,7.29,0.982
44722,9.138056,-41.426092,7.12,1.146
44728,9.139867,66.873235,5.15,1.514
44732,9.140347,-15.144786,7.29,0.617
44746,9.143509,-25.839403,6.77,0.573
44748,9.143622,-38.784043,7.4,0.233
44751,9.144467,-54.370446,7.44,-0.11
44755,9.14505,-8.589524,5.6,-0.057
44759,9.145426,-26.767598,6.15,0.17
44760,9.145701,-16.277321,6.48,1.1
44764,9.146483,26.629112,5.95,0.654
44768,9.147164,-10.757503,7.15,0.61
44769,9.147526,33.882217,5.95,0.585
44773,9.147863,51.604648,4.46,0.288
44776,9.148175,-53.593426,6.81,0.15
44788,9.150524,7.513189,6.99,0.954
44790,9.150643,17.469652,7.19,1.207
44795,9.15117,-18.328548,5.73,0.0
44803,9.152393,-1.587907,7.44,1.446
44806,9.15268,-20.927258,7.42,0.999
44808,9.153198,-12.357706,5.76,0.937
44819,9.155982,22.045446,5.16,0.97
44832,9.159558,-29.816906,6.67,0.924
44833,9.15988,-8.787648,5.47,1.002
44844,9.161294,-9.937875,7.47,1.284
44846,9.161395,-13.857366,7.44,1.518
44851,9.162499,-49.424383,6.48,0.17
44854,9.162722,-25.803105,7.04,0.077
44856,9.162896,11.564377,6.48,0.355
44862,9.163755,59.153878,7.07,0.982
44868,9.164674,-47.4762,6.83,-0.128
44872,9.16567,-30.365401,5.59,0.179
44874,9.165861,-52.082861,6.19,1.023
44886,9.168381,-49.289753,7.02,-0.111
44888,9.168825,-65.489503,7.3,0.443
44890,9.169541,-16.862609,6.98,0.335
44905,9.172461,21.996415,6.04,0.89
44906,9.172479,-6.159714,7.46,0.885
44909,9.173056,-23.176696,6.53,0.001
44910,9.173204,67.134018,4.8,0.489
44916,9.174602,-26.286879,7.48,-0.112
44924,9.175892,-36.844496,7.49,0.915
44930,9.177444,30.963139,6.04,1.373
44947,9.181941,63.513633,4.67,0.381
44951,9.182699,-43.267481,7.02,0.055
44952,9.182804,-58.966896,3.43,-0.19
44956,9.184002,71.3644,7.02,1.025
44957,9.184556,-44.867902,4.99,0.222
44969,9.186865,80.828909,6.37,0.385
44972,9.187985,-62.316977,3.96,-0.18
44980,9.190605,-35.747804,7.38,0.182
44981,9.190797,8.975987,6.98,1.505
44984,9.191461,0.29126,6.78,1.324
44991,9.192421,-57.968404,6.59,-0.134
44992,9.192607,-46.583911,5.78,-0.218
44995,9.193849,-54.03702,6.73,-0.052
44997,9.194704,-39.258845,6.05,-0.108
45003,9.196239,44.824072,7.22,1.04
45005,9.196618,-69.203396,7.45,0.494
45011,9.197439,-28.314814,7.1,1.057
45020,9.198787,5.468629,6.34,0.328
45022,9.19896,50.439906,6.69,0.033
45023,9.199142,18.044115,6.87,0.087
45025,9.199205,-67.721685,7.24,0.402
45028,9.19965,-19.747628,5.72,0.977
45036,9.203414,-76.663028,6.13,1.09
45037,9.203578,3.866978,6.14,-0.01
45038,9.203845,-45.848422,6.66,0.442
45040,9.204878,14.996037,6.49,0.731
45045,9.206079,-28.947605,6.76,-0.003
45051,9.207048,-81.768552,7.49,0.556
45052,9.207087,-25.600864,7.14,0.619
45053,9.207234,-7.109827,6.1,0.232
45058,9.20848,-43.613262,5.56,-0.107
45072,9.211493,-3.033071,7.1,1.314
45074,9.21276,61.675745,7.37,0.118
45081,9.213974,56.941843,7.03,1.128
45082,9.214061,-60.916769,6.36,-0.044
45087,9.215452,-59.413928,5.54,0.846
45088,9.2156,-31.066106,7.14,1.239
45091,9.215906,-15.419322,7.44,0.398
45103,9.219082,-53.504805,7.27,-0.054
45106,9.220041,-69.717208,1.67,0.07
45110,9.221852,-42.27329,6.27,1.25
45117,9.222652,-29.664369,6.38,1.6
45120,9.22302,5.815525,7.31,-0.053
45125,9.223555,3.824581,7.23,0.279
45127,9.223839,-38.616471,6.31,0.018
45132,9.225326,-49.094539,6.61,1.52
45138,9.226239,-47.338407,5.92,-0.051
45140,9.227017,21.283206,6.48,0.046
45147,9.228373,65.796868,7.48,0.447
45148,9.228452,-28.305208,7.41,0.998
45155,9.229817,-22.869606,7.39,0.969
45158,9.230059,43.217825,5.3,-0.13
45164,9.231093,-61.279777,6.99,-0.04
45167,9.231812,2.862844,7.0,1.531
45173,9.234192,-14.694842,6.46,0.958
45174,9.234231,71.655836,6.52,0.962
45178,9.235244,-60.535428,7.45,0.039
45182,9.235615,-44.145822,5.85,-0.113
45183,9.235618,-68.917448,7.3,1.264
45196,9.238335,-55.569629,5.26,0.98
45201,9.239041,61.423318,5.18,0.605
45203,9.239293,-32.556942,6.61,1.4
45204,9.239405,2.31428,3.89,-0.06
45208,9.239655,-65.053948,7.04,1.068
45212,9.240136,-43.227493,5.24,-0.137
45218,9.24107,25.011494,6.92,1.259
45236,9.245477,-43.464815,6.8,1.132
45240,9.246222,-35.961957,7.28,0.037
45241,9.246517,-55.640915,7.16,-0.109
45247,9.247775,-1.58711,6.97,0.1
45249,9.248072,-8.757943,7.27,0.042
45255,9.249213,-37.602396,5.85,0.827
45257,9.249413,-33.066937,7.4,1.029
45258,9.24941,38.609327,6.75,0.367
45262,9.250486,-20.120262,7.31,0.12
45279,9.253848,14.941507,5.36,1.319
45280,9.253922,-19.596068,7.46,-0.021
45281,9.253963,34.633516,5.98,0.839
45282,9.254066,-45.555498,6.25,-0.07
45286,9.254864,67.138751,7.27,0.293
45287,9.254902,-58.388377,6.02,-0.101
45290,9.255905,84.181013,6.3,0.339
45291,9.256211,-8.482722,6.96,0.315
45293,9.25693,-15.024908,6.32,0.013
45305,9.259605,-33.323963,6.84,1.311
45306,9.259645,-57.577742,6.32,1.037
45308,9.2602,-38.569942,4.92,1.084
45314,9.261394,-13.131327,7.42,1.311
45317,9.262522,-37.413144,4.63,0.473
45324,9.263832,56.741406,5.28,1.568
45327,9.264279,-37.629284,7.06,1.281
45330,9.264639,72.946326,5.93,0.179
45336,9.265219,-49.973493,7.47,1.335
45350,9.267786,-44.898723,6.02,0.269
45352,9.26789,-8.350358,7.26,0.344
45356,9.268783,-28.886334,7.36,0.051
45363,9.269808,54.021857,4.8,0.199
45365,9.270024,-57.541473,4.34,1.602
45374,9.273066,-44.265735,5.12,1.636
45375,9.273828,-19.458929,7.28,0.397
45379,9.274198,18.810255,7.03,0.317
45380,9.274318,-13.834113,6.82,0.191
45390,9.277772,0.729038,6.73,0.443
45391,9.277798,-49.578704,6.96,0.721
45395,9.278158,-8.744759,5.49,-0.081
45396,9.27826,-6.353144,5.24,1.172
45401,9.2796,-84.660301,7.14,1.134
45410,9.282115,-63.775137,7.42,0.0
45411,9.28222,-40.11658,7.11,0.98
45412,9.282514,-11.103111,6.45,1.172
45413,9.282523,-39.401539,5.31,1.166
45414,9.282774,-45.011969,6.75,-0.008
45419,9.283723,77.074192,6.98,0.08
45425,9.284838,-59.275229,2.21,0.189
45428,9.285478,-14.574069,5.83,1.049
45434,9.28674,1.929635,6.82,0.273
45435,9.287123,-67.676459,6.79,1.308
45440,9.288149,-68.689642,5.38,0.415
45441,9.288314,33.500775,6.85,1.012
45443,9.288671,23.652715,7.32,0.512
45450,9.290334,-74.894313,5.28,0.021
45454,9.291005,-74.734591,5.86,-0.024
45457,9.291445,-11.961968,7.07,1.033
45459,9.291989,69.873519,7.09,1.084
45460,9.291993,46.817228,5.96,0.063
45461,9.292481,0.554881,6.96,0.174
45464,9.293305,27.422184,6.77,0.409
45472,9.295082,-54.494829,6.33,1.403
45475,9.296014,23.078818,6.97,1.154
45482,9.297454,7.946072,7.08,0.922
45483,9.297599,11.501146,6.4,0.095
45484,9.297684,-67.050868,6.14,1.254
45486,9.298181,28.560517,7.2,0.992
45492,9.298988,-37.397887,7.07,0.665
45494,9.299925,-45.636277,7.21,-0.146
45500,9.301633,-51.050859,5.26,-0.062
45509,9.302867,-18.247676,7.49,0.259
45515,9.304622,-65.430767,7.5,1.219
45527,9.306924,-57.273055,6.78,1.469
45529,9.307199,35.36408,5.94,0.177
45536,9.30887,-39.043827,6.89,0.06
45544,9.311766,-51.560651,5.83,0.474
45548,9.312121,-34.095915,7.48,1.545
45557,9.314069,36.802597,3.82,0.066
45559,9.314349,-45.007962,7.2,1.095
45566,9.316111,-16.8008,6.98,0.179
45568,9.316342,17.705354,6.61,0.487
45571,9.3166,35.682471,7.34,1.582
45572,9.31675,-47.967778,7.02,0.992
45581,9.318851,-22.55309,7.19,0.033
45583,9.319272,-56.365535,6.84,0.161
45591,9.320927,46.94377,6.91,-0.019
45592,9.320934,26.251841,6.61,1.426
45595,9.32221,-58.929351,7.04,0.538
45607,9.324774,-67.431252,7.47,1.631
45609,9.325153,9.790148,7.17,0.995
45611,9.325689,-55.186471,6.28,-0.099
45612,9.32587,-15.834663,5.79,1.285
45613,9.326082,-11.314964,6.62,0.086
45620,9.329551,-11.974853,4.77,0.927
45623,9.329982,-34.103339,6.4,-0.087
45627,9.330883,5.216046,6.62,0.259
45632,9.331974,-13.30586,7.09,1.029
45633,9.332156,74.016601,6.42,1.05
45635,9.332612,-35.498074,7.09,1.008
45645,9.333627,-46.95041,7.27,-0.1
45664,9.337566,-45.17322,6.7,1.227
45670,9.339169,-9.610176,6.99,0.39
45671,9.340375,-75.713425,7.41,0.048
45673,9.340645,-29.126801,7.03,1.284
45679,9.341394,-9.555695,4.8,0.913
45681,9.341514,52.450979,6.54,0.085
45682,9.341576,-37.581688,6.04,1.396
45685,9.342181,-61.993047,6.91,-0.088
45692,9.343523,0.181704,6.66,1.57
45694,9.34386,19.090632,7.24,0.924
45697,9.344343,-80.389866,7.41,0.965
45704,9.345493,51.266066,6.14,0.436
45705,9.345642,-31.760215,6.8,0.008
45706,9.345651,-7.730131,7.39,0.478
45722,9.348749,-15.617826,6.3,0.468
45724,9.349117,-62.404632,4.79,0.926
45726,9.349828,38.188262,6.12,0.38
45728,9.350925,34.392562,3.14,1.55
45734,9.352494,2.941011,6.99,0.385
45736,9.352879,-35.357229,7.43,0.403
45737,9.352944,25.163221,7.26,0.627
45738,9.353286,34.947701,7.45,0.442
45742,9.354263,15.371352,6.57,-0.003
45743,9.354301,39.666482,6.66,0.93
45746,9.355072,-42.824507,7.27,0.989
45747,9.355144,13.111452,6.67,0.507
45756,9.356557,45.370101,6.4,1.305
45761,9.357052,40.283913,7.11,0.317
45762,9.35708,16.598298,6.98,0.28
45764,9.35755,32.902151,6.16,1.097
45770,9.35822,-25.965439,4.71,1.633
45771,9.358514,-34.336545,7.47,1.141
45773,9.359534,-60.830518,7.38,0.1
45778,9.360948,32.264243,6.79,0.138
45779,9.361141,-56.903433,7.22,0.99
45783,9.362026,56.699219,5.79,1.511
45784,9.362442,-2.792892,7.21,-0.02
45787,9.36356,88.570346,7.1,0.174
45788,9.363909,-55.514686,5.61,0.19
45792,9.36416,-42.19486,5.56,1.637
45806,9.367139,74.912712,7.43,0.297
45809,9.368562,-55.010668,2.47,-0.141
45823,9.372447,-39.380143,7.48,1.518
45828,9.373036,48.410109,7.46,0.458
45829,9.373064,-6.060619,7.33,0.234
45830,9.373331,-46.047445,5.74,0.903
45836,9.374827,-17.894025,6.97,0.402
45842,9.375613,49.544822,6.94,-0.026
45843,9.375622,-15.234838,6.72,0.978
45848,9.376829,-39.775289,6.53,1.125
45863,9.38045,-35.523203,7.21,0.557
45865,9.380719,-5.039327,7.39,0.943
45867,9.380793,-9.838798,6.51,0.246
45885,9.384996,-53.820172,6.81,1.036
45894,9.386739,-28.833873,4.71,0.892
45895,9.387384,-21.03773,6.83,1.574
45897,9.387711,3.501387,7.31,0.345
45898,9.388008,69.353249,7.36,1.416
45913,9.390381,-48.286942,6.27,-0.144
45914,9.390378,-77.89052,7.08,0.629
45917,9.390924,-60.302314,6.3,1.477
45921,9.39154,7.713745,6.82,1.589
45922,9.391742,-16.666245,7.33,-0.041
45926,9.392162,25.18284,6.41,0.856
45932,9.394093,2.409951,7.41,1.113
45933,9.394315,-33.200475,6.73,0.114
45935,9.394378,-46.90875,6.21,-0.093
45936,9.394518,5.219553,6.86,0.214
45943,9.395799,-37.7569,6.47,0.193
45949,9.397159,-35.247526,6.57,0.052
45950,9.39734,34.548168,7.18,1.05
45958,9.398569,-5.361456,7.48,1.435
45961,9.399816,-51.73708,6.05,0.528
45969,9.401526,-61.648902,5.99,1.06
45973,9.402217,25.918343,6.79,1.264
45975,9.40268,-80.786876,5.34,0.454
45976,9.403254,60.44711,7.33,1.403
45982,9.404523,-39.425502,6.05,0.193
45987,9.405184,23.579204,7.24,1.107
45993,9.406249,36.587092,6.68,0.215
45995,9.406346,-29.180761,7.48,1.648
46002,9.407937,6.350112,6.73,0.513
46005,9.40867,18.141378,7.18,0.749
46011,9.410315,-70.075779,6.45,1.275
46014,9.410906,26.182324,4.47,1.222
46017,9.411652,17.710558,7.13,1.508
46023,9.412594,19.786629,6.53,0.933
46024,9.412878,50.278292,7.03,0.86
46027,9.413616,-23.82631,7.35,1.012
46030,9.414397,-15.638484,7.32,0.912
46033,9.414786,-4.282934,6.92,0.436
46036,9.415463,51.573896,6.3,0.774
46041,9.415656,-64.708131,7.43,0.115
46049,9.416663,-17.218724,7.28,0.387
46062,9.418852,-43.976603,6.31,1.526
46072,9.420988,-46.942899,7.12,1.36
46076,9.42128,-65.270264,6.91,0.299
46082,9.422021,-54.463766,6.9,1.395
46085,9.42296,6.258272,7.36,1.186
46088,9.423343,-5.117394,5.6,1.523
46091,9.424176,-6.404521,7.01,0.28
46093,9.424253,-61.950476,5.77,0.137
46100,9.425695,16.585588,6.31,0.968
46103,9.426641,-5.876905,7.5,0.491
46104,9.426759,-53.251824,6.98,0.507
46106,9.426962,-25.337096,6.72,-0.033
46107,9.427183,54.015918,7.36,0.173
46112,9.427636,-40.314116,7.38,1.524
46114,9.428939,63.940939,6.24,1.465
46116,9.429173,32.762141,7.39,0.921
46126,9.432182,-20.761762,7.24,0.257
46127,9.432443,-17.947354,6.95,0.983
46132,9.433065,-56.089417,7.31,-0.004
46141,9.434392,-1.23494,6.58,1.417
46142,9.434491,-59.744081,7.26,1.326
46147,9.436395,-30.034801,7.19,0.046
46148,9.436512,70.34941,7.34,1.058
46150,9.438324,-53.378909,5.09,-0.102
46156,9.43953,-1.464078,6.01,1.313
46158,9.440161,-42.251151,6.67,0.435
46164,9.441068,-54.874373,7.16,-0.101
46165,9.441238,-40.501706,6.19,0.251
46172,9.442904,19.059933,7.5,0.205
46173,9.443127,-33.897396,7.0,1.172
46181,9.444363,-24.167855,6.91,-0.003
46187,9.444611,-44.239595,7.5,0.02
46188,9.444732,-16.444462,7.43,0.973
46189,9.444777,36.457451,6.99,0.458
46196,9.445596,-64.929701,6.05,0.147
46197,9.445806,-28.787696,6.12,-0.089
46201,9.446404,-59.578776,6.52,-0.08
46204,9.44692,-19.155121,6.96,0.168
46205,9.446969,41.024184,7.43,1.4
46210,9.448147,-54.351733,6.86,1.063
46213,9.449085,14.303111,6.83,1.387
46216,9.449703,-48.694062,6.81,-0.036
46218,9.450227,-16.013172,6.97,1.483
46226,9.451788,-71.601895,5.46,1.079
46231,9.453936,-33.791348,7.16,1.154
46233,9.454067,-9.223712,6.53,0.053
46235,9.454641,6.232823,6.9,0.519
46239,9.45511,-22.343783,4.72,1.154
46255,9.458816,42.764316,7.43,0.29
46256,9.458809,-58.094552,7.2,0.605
46259,9.45979,-8.658603,1.99,1.44
46260,9.460093,12.400215,7.46,1.154
46264,9.460669,-35.007409,6.63,0.207
46270,9.462893,-42.578333,7.34,0.046
46272,9.462995,-6.071187,5.38,0.642
46275,9.463651,-71.781101,6.33,0.413
46278,9.464338,75.098341,6.2,0.115
46280,9.464733,-22.528546,7.22,1.039
46281,9.464985,-14.868255,7.43,0.534
46289,9.465941,-53.517303,6.74,0.443
46297,9.468399,-10.024602,7.26,1.168
46303,9.470353,-7.720738,6.99,1.609
46306,9.470719,-34.90413,7.38,-0.013
46311,9.472367,-9.986874,6.78,1.014
46312,9.472474,-49.654828,7.27,0.409
46322,9.474278,9.056778,5.4,0.605
46324,9.47461,-59.149904,7.41,1.268
46325,9.474771,8.188298,5.72,1.045
46328,9.47516,-66.701877,5.9,0.012
46332,9.475963,12.385313,6.88,1.04
46333,9.476162,-45.49776,7.13,-0.124
46337,9.477434,-25.433557,7.12,0.228
46339,9.477775,45.601483,5.4,0.993
46350,9.479763,-62.273134,5.91,1.102
46364,9.483111,50.031121,7.07,1.54
46371,9.483972,-1.256913,6.27,0.274
46376,9.485805,-2.768964,4.59,0.411
46378,9.486845,-20.749127,5.66,1.587
46382,9.487423,-35.951335,4.51,1.408
46384,9.487831,-38.403542,6.15,0.216
46385,9.487861,-52.424573,7.25,-0.062
46386,9.488112,-13.736816,7.13,1.659
46388,9.488358,-33.672537,7.48,1.634
46389,9.488465,-3.165437,6.95,0.29
46390,9.488528,-44.538946,7.01,0.54
46391,9.489318,56.240916,6.89,0.388
46393,9.489585,-43.190251,6.6,0.479
46396,9.490123,-2.205172,6.14,0.222
46400,9.490756,-17.505294,7.09,0.11
46402,9.491276,-44.532352,6.98,0.502
46410,9.492338,-4.246636,6.25,0.838
46412,9.492483,17.651864,7.26,1.489
46413,9.49254,-62.360905,6.54,0.109
46419,9.493449,-3.122427,7.41,0.659
46420,9.493523,-58.299129,6.75,1.014
46421,9.493693,-50.603726,7.11,0.386
46425,9.494569,-26.594235,6.52,0.923
46431,9.496076,-25.528217,7.46,1.136
46433,9.496609,55.745233,6.5,0.394
46436,9.497187,-23.345342,6.26,1.559
46438,9.497395,-43.958912,7.25,0.076
46445,9.498474,-26.589616,5.49,1.345
46447,9.498563,5.655134,7.2,1.002
46448,9.498774,33.551584,7.46,1.149
46452,9.499509,-28.242984,7.33,-0.013
46460,9.501391,-28.59366,7.4,1.252
46461,9.501421,-51.517164,5.45,-0.078
46476,9.503917,-24.274066,6.57,1.422
46483,9.50548,-33.403871,6.87,1.291
46484,9.506089,-31.549956,7.17,0.376
46485,9.506246,-15.577352,5.86,1.193
46487,9.50651,-58.361839,5.88,1.676
46488,9.506542,21.812688,6.94,0.24
46497,9.509202,-45.57056,6.62,1.174
46500,9.509745,1.257256,7.43,0.053
46509,9.510646,44.769407,7.34,0.205
46513,9.511182,-28.766483,6.57,1.226
46515,9.511487,-4.065393,7.09,1.419
46518,9.511674,-40.466769,3.6,0.371
46519,9.512006,33.655711,5.87,1.032
46524,9.512804,-31.889222,5.75,0.066
46536,9.515319,-5.661502,6.84,1.05
46557,9.518386,3.079798,7.27,0.511
46560,9.518919,73.958294,7.42,1.432
46567,9.520359,58.756523,7.44,1.397
46568,9.520371,-57.034377,3.16,1.538
46571,9.521497,27.387242,6.64,0.08
46575,9.521936,-47.952509,6.53,0.267
46579,9.522245,-24.343726,7.39,1.45
46580,9.522272,12.858849,6.92,1.055
46587,9.523593,-73.747033,7.33,0.402
46592,9.524586,-12.062387,7.0,1.028
46597,9.525221,-36.750465,7.17,0.958
46599,9.52535,1.465257,6.81,0.552
46600,9.525453,63.061861,3.65,0.36
46601,9.525601,-31.871831,5.91,0.258
46602,9.525671,35.103273,5.39,1.543
46603,9.52584,-35.71475,5.86,1.287
46604,9.525844,-66.719026,6.27,1.348
46606,9.52638,20.270656,7.32,1.028
46608,9.526752,-73.080913,5.46,1.556
46611,9.527497,-10.552013,6.13,0.261
46616,9.528445,36.429091,6.89,1.435
46617,9.528675,22.967971,4.32,1.541
46618,9.528891,20.005489,7.39,1.281
46622,9.529314,-70.469616,7.03,-0.037
46632,9.531567,-56.9889,7.13,-0.018
46635,9.532142,-10.370341,6.12,1.183
46637,9.532428,11.299827,4.99,1.046
46641,9.53266,9.715767,5.07,1.364
46643,9.533036,-1.184664,4.54,0.109
46653,9.534188,-61.23489,7.14,0.054
46671,9.537007,21.856394,7.48,0.99
46673,9.537396,-62.788874,7.43,0.906
46677,9.538443,-28.627769,6.43,0.358
46678,9.538688,-40.649335,5.35,0.897
46680,9.539003,-19.400303,5.74,0.135
46692,9.542206,-60.523443,7.38,0.574
46693,9.542321,7.063436,7.31,1.555
46706,9.544771,-54.83079,7.15,0.068
46707,9.544832,1.864151,6.11,0.614
46708,9.544854,-27.414813,7.38,1.634
46710,9.545492,26.98853,7.05,0.779
46714,9.546375,-57.094296,7.14,-0.056
46720,9.547715,51.6773,3.17,0.475
46722,9.548581,-14.000689,7.1,0.993
46726,9.548826,-13.516804,5.95,1.501
46736,9.550548,-8.505374,6.12,0.974
46740,9.552051,49.43867,6.76,0.12
46741,9.552135,-39.129073,6.43,0.337
46746,9.553126,45.513758,6.49,1.141
46747,9.553461,-21.115722,5.02,1.023
46755,9.554693,-38.637547,7.24,0.663
46756,9.55482,-57.963427,6.82,0.019
46757,9.55491,-21.392038,6.68,0.012
46758,9.555016,-86.010069,7.08,0.431
46759,9.555082,28.36794,6.5,0.128
46760,9.555529,-7.190204,6.25,1.17
46764,9.557237,-22.863883,5.92,0.023
46771,9.558433,36.486949,6.19,1.264
46779,9.56218,-60.627701,6.99,1.137
46780,9.562374,-49.005072,5.12,-0.114
46795,9.564857,-80.941258,5.07,-0.139
46805,9.566429,23.453919,6.26,1.453
46809,9.566864,-32.022772,7.44,1.201
46817,9.56911,-51.255266,5.01,-0.18
46819,9.570384,36.397558,4.54,0.914
46829,9.571917,54.046469,7.2,0.941
46831,9.572106,46.902076,6.54,0.234
46838,9.573254,71.088027,7.29,1.141
46841,9.574071,-59.229753,4.08,-0.013
46844,9.574703,69.830343,4.54,0.781
46845,9.574946,-66.122235,7.45,0.004
46849,9.575736,-5.914948,5.56,1.159
46850,9.575762,-3.487983,7.14,0.799
46852,9.576375,-64.03082,7.41,-0.031
46861,9.578184,8.187459,7.35,1.67
46863,9.578498,-44.816247,7.19,0.041
46867,9.579241,-52.028254,7.35,0.429
46873,9.580405,52.051477,4.47,0.027
46874,9.58076,-12.129546,6.54,0.623
46880,9.581508,72.205679,5.77,0.53
46887,9.582554,-34.367401,7.32,0.028
46889,9.583248,12.654507,6.81,-0.023
46894,9.584009,-4.8892,7.4,1.07
46896,9.584399,39.621493,4.81,0.992
46898,9.585283,-5.368946,7.16,1.102
46906,9.58662,-35.82375,6.48,0.417
46910,9.587255,60.891814,7.28,0.345
46920,9.589583,39.96327,6.76,0.346
46923,9.590177,-22.685985,7.0,0.998
46937,9.592723,-19.583394,6.33,0.069
46945,9.594334,35.810133,5.4,0.77
46949,9.594797,-44.188116,7.03,0.119
46950,9.594862,-68.210242,7.16,0.0
46961,9.597428,48.491602,7.04,0.43
46963,9.598024,14.379588,6.32,0.027
46971,9.600592,20.045585,6.97,1.039
46973,9.600814,-27.522018,7.5,0.151
46974,9.600933,-31.232298,7.25,0.493
46978,9.601221,4.514403,7.41,1.355
46981,9.601448,-64.950243,6.55,0.092
46986,9.601884,74.318805,6.46,-0.083
47001,9.604519,-21.997207,7.41,0.295
47008,9.605867,62.790615,7.41,0.315
47012,9.607058,-48.751179,6.18,0.277
47014,9.607173,-36.301902,7.5,1.021
47017,9.607707,-2.777882,7.03,1.017
47026,9.609352,-24.702823,6.54,0.389
47032,9.611394,69.636607,7.2,0.3
47035,9.611903,31.161734,5.57,1.594
47036,9.611911,56.970161,7.06,0.156
47039,9.612872,-52.94367,6.18,1.051
47040,9.613601,27.758507,6.96,1.172
47042,9.613772,-49.355026,4.34,0.173
47049,9.614892,35.599317,7.44,0.435
47052,9.616023,82.925382,7.02,0.427
47054,9.616725,-25.296759,5.68,1.116
47056,9.617384,16.437952,5.73,1.223
47060,9.618151,81.326382,4.28,1.488
47065,9.619309,72.080337,7.43,0.483
47066,9.619413,-32.178646,5.62,1.023
47071,9.620184,-53.668508,5.44,0.137
47072,9.620185,6.835802,5.0,1.051
47075,9.620604,-30.211081,7.45,0.195
47077,9.621369,-30.970147,7.01,1.008
47091,9.624557,-36.095994,5.96,1.118
47092,9.62463,-49.990936,6.97,0.584
47093,9.624702,-29.802317,7.02,0.992
47094,9.625329,-59.889903,6.91,0.265
47098,9.627088,60.213682,6.41,0.921
47105,9.627933,1.696032,6.85,0.939
47109,9.629427,-3.170642,6.45,0.986
47114,9.630527,24.670277,6.61,0.567
47116,9.630974,-9.424446,6.4,-0.04
47125,9.632295,73.080394,6.39,0.352
47130,9.633392,-59.399195,7.49,0.722
47133,9.633687,14.34727,6.63,0.438
47134,9.633736,-43.190944,5.51,0.985
47138,9.634228,-54.219107,6.88,-0.099
47158,9.637794,12.736296,6.74,0.912
47160,9.638078,70.266111,6.99,0.386
47165,9.639236,-81.709366,6.72,1.018
47167,9.639383,40.239793,5.28,0.223
47168,9.639423,-64.402454,6.69,-0.007
47170,9.63961,7.709026,7.44,0.273
47177,9.640913,4.649293,4.68,1.31
47186,9.642091,-59.175195,7.34,0.098
47195,9.644644,-39.614139,6.69,0.491
47197,9.644984,75.205415,6.64,1.057
47202,9.645904,-66.859075,7.39,0.299
47203,9.646026,10.777718,6.66,0.184
47210,9.647173,-64.489168,6.83,1.161
47219,9.648517,20.297553,6.79,-0.071
47230,9.650027,-17.624169,6.74,0.255
47231,9.650204,58.548183,7.32,1.641
47236,9.651136,-2.839486,7.21,0.137
47247,9.652987,43.144173,6.59,0.947
47249,9.65356,25.367377,7.22,0.322
47254,9.654785,13.312566,7.02,0.475
47257,9.655839,-61.32806,4.51,-0.07
47260,9.656493,-52.943301,7.42,1.62
47262,9.657387,-54.753368,6.83,-0.126
47267,9.65775,67.27223,5.96,1.528
47269,9.657793,35.243096,7.12,0.544
47271,9.658174,72.746836,7.12,0.157
47277,9.660999,3.195318,7.31,1.015
47278,9.661244,-48.237008,7.37,0.407
47288,9.662538,-62.942923,6.4,-0.084
47293,9.66317,-10.570271,6.31,-0.029
47294,9.663206,-40.822485,7.35,1.16
47297,9.664267,-1.14281,3.9,1.313
47298,9.664842,-43.510503,7.37,1.12
47302,9.666059,35.335957,6.9,0.504
47303,9.666415,53.496962,7.44,0.911
47306,9.667442,-12.997307,7.05,0.478
47312,9.669552,8.278109,7.2,1.029
47317,9.671362,-30.921739,7.27,1.583
47318,9.671768,-14.332292,5.07,-0.149
47320,9.672241,-10.769185,6.37,0.083
47334,9.676457,13.053783,6.96,0.477
47335,9.676419,71.755393,7.46,0.53
47345,9.678494,-57.983553,5.3,0.195
47357,9.681086,75.430527,7.31,1.158
47360,9.682238,-54.983431,6.93,-0.11
47363,9.68393,-57.259542,5.8,1.083
47370,9.685121,-66.080197,6.85,0.861
47373,9.685843,9.892308,3.52,0.516
47376,9.686166,-36.028597,7.32,0.438
47384,9.687398,8.995419,6.83,0.271
47386,9.687985,55.866491,6.5,1.15
47387,9.688058,-23.591514,4.76,-0.117
47392,9.689423,38.950206,6.91,0.73
47395,9.69023,-33.396325,6.9,0.026
47399,9.690977,-10.502567,7.25,1.503
47409,9.693087,31.277817,5.9,1.579
47414,9.693699,-68.504989,7.11,-0.065
47415,9.694024,25.912876,6.26,1.251
47421,9.695832,82.365145,7.49,0.172
47424,9.696648,-55.213762,5.99,-0.119
47425,9.696988,43.63723,7.06,1.091
47429,9.69786,-30.303381,6.59,1.3
47435,9.700098,39.757851,5.61,0.951
47436,9.700392,-42.282632,7.03,0.111
47456,9.703605,-66.91482,6.33,0.075
47457,9.704011,-23.915569,4.93,0.534
47458,9.704137,69.237537,5.72,1.131
47467,9.705894,25.590161,7.26,1.089
47469,9.706488,-0.27942,6.64,0.863
47470,9.70696,48.776075,7.16,0.828
47473,9.707751,-46.865156,6.97,1.628
47482,9.709618,32.994881,6.93,1.042
47488,9.710925,-72.190804,6.54,0.01
47490,9.711363,-55.832009,7.16,0.621
47492,9.711487,-35.501709,6.39,-0.053
47496,9.711873,35.093371,6.12,0.386
47498,9.711973,48.431,6.36,0.01
47500,9.712189,51.268547,7.14,1.671
47501,9.712379,30.11145,6.73,0.3
47517,9.715291,32.264758,7.26,0.433
47519,9.715895,72.252618,5.15,1.029
47523,9.717147,-79.591618,7.3,1.14
47525,9.717816,37.128622,7.4,1.31
47529,9.718605,54.363703,6.5,0.121
47549,9.722908,20.193192,6.71,1.208
47558,9.724238,2.627519,7.41,0.546
47559,9.724331,-51.228136,6.15,-0.098
47563,9.72517,-20.365839,6.58,0.91
47566,9.725906,29.974473,5.64,0.111
47569,9.726469,10.518869,7.01,0.572
47571,9.726782,13.442019,7.06,1.182
47582,9.728406,-53.891282,5.56,-0.042
47584,9.728547,34.097179,7.23,1.193
47588,9.728862,14.021692,5.36,1.61
47617,9.735244,42.050868,6.84,0.309
47623,9.736694,-27.769471,4.78,0.516
47627,9.737672,-39.571177,6.81,0.332
47643,9.74075,74.587592,6.78,0.31
47644,9.741668,18.863492,6.49,1.158
47655,9.743444,-22.751863,6.76,0.967
47656,9.743498,64.984112,6.18,0.419
47658,9.743707,-48.548864,6.7,-0.093
47660,9.743912,3.353316,7.19,1.385
47676,9.746618,-27.630477,7.12,0.364
47682,9.747656,-17.706403,6.78,1.441
47689,9.748122,-50.010236,7.45,0.99
47691,9.748251,-57.569297,7.01,1.114
47714,9.753169,-0.464878,7.19,1.108
47718,9.754091,23.474565,6.55,1.092
47719,9.754117,-62.507903,3.69,1.01
47721,9.754238,-66.808763,7.4,-0.056
47726,9.754648,8.882778,7.08,0.486
47727,9.754851,-54.247434,6.91,0.078
47733,9.756113,-30.20275,6.45,-0.137
47737,9.756741,-32.682696,6.9,0.468
47738,9.757028,-8.482522,7.22,1.064
47743,9.757956,10.221928,6.9,1.62
47748,9.758601,78.134709,6.25,1.353
47755,9.761211,-70.118242,7.14,-0.016
47757,9.761286,-57.186041,6.47,-0.108
47762,9.762193,-41.666978,7.49,-0.061
47772,9.764188,23.774255,2.97,0.808
47773,9.764427,18.683585,6.78,1.36
47775,9.765382,63.653313,6.51,0.367
47776,9.7654,-43.678736,7.24,1.141
47777,9.76549,-58.793828,6.22,0.461
47783,9.766602,-35.86379,6.88,0.403
47790,9.766954,-59.046313,7.29,1.087
47793,9.76743,65.627116,6.97,1.707
47798,9.768178,39.83805,7.3,0.44
47802,9.768583,-19.728016,7.07,0.016
47804,9.769164,-45.917956,6.6,0.94
47807,9.769457,6.708556,5.8,1.639
47810,9.770344,20.4892,7.41,0.942
47813,9.770695,-14.58998,7.3,1.33
47814,9.771148,-33.508255,6.94,-0.012
47817,9.771539,-22.652554,7.31,1.075
47820,9.772352,-76.77612,5.43,0.901
47821,9.772685,-27.276118,7.01,0.419
47823,9.773147,11.810043,5.67,1.489
47824,9.773225,1.785586,5.65,0.342
47826,9.774025,-59.352672,6.86,-0.021
47827,9.775104,-44.75506,5.58,-0.176
47829,9.775462,57.12807,5.09,1.594
47837,9.778464,45.114395,6.81,0.949
47838,9.778667,-3.211366,7.5,0.374
47847,9.780392,-39.325588,7.49,0.421
47859,9.783925,7.090988,7.28,1.367
47863,9.784433,-31.268119,6.97,0.05
47865,9.784754,-10.523002,7.0,0.389
47866,9.785036,-65.072007,2.92,0.273
47871,9.786181,-10.743827,7.04,0.413
47874,9.787241,-17.205898,6.72,1.572
47879,9.787926,8.570489,7.02,0.329
47881,9.788366,79.13668,6.09,0.303
47887,9.789499,23.647686,6.49,1.093
47893,9.790546,11.568165,6.44,0.255
47898,9.791845,63.247806,6.94,0.945
47901,9.79301,-38.189712,6.83,1.352
47906,9.793473,-33.243691,6.63,1.004
47911,9.794525,-28.379791,7.27,0.523
47915,9.79523,20.604765,7.37,0.433
47918,9.795542,-49.943298,6.52,0.127
47936,9.800055,-38.364247,7.39,0.59
47940,9.801069,-8.168644,7.45,1.617
47951,9.803528,-7.245736,7.04,0.019
47952,9.803625,-54.39658,7.37,0.979
47959,9.805956,-75.777865,6.8,0.483
47969,9.807791,-37.636088,7.07,1.468
47977,9.80981,46.021008,5.08,0.619
47983,9.811118,-56.41189,6.05,0.937
47984,9.811184,-55.495229,7.44,1.726
47989,9.811903,-26.414444,6.63,0.7
47990,9.81208,-9.918645,6.98,0.009
47991,9.812207,-60.132616,7.49,0.946
47995,9.812568,-35.020197,7.32,0.288
47996,9.812996,64.894322,7.11,0.465
47999,9.813066,-19.313588,7.02,1.068
48002,9.813795,-22.018848,7.49,0.113
48004,9.813913,60.096905,7.0,1.14
48028,9.817458,34.085392,7.2,0.233
48037,9.819147,-43.482829,6.53,1.293
48044,9.820579,-24.646248,7.4,1.201
48048,9.821453,-8.835065,6.85,1.303
48055,9.824471,-37.186765,5.95,1.245
48056,9.824568,36.747385,6.61,1.57
48062,9.825876,-11.78495,6.8,1.232
48075,9.829359,52.890972,7.12,0.935
48076,9.82963,31.077015,6.82,0.223
48082,9.830582,21.179422,6.1,0.257
48083,9.830931,-36.268463,6.36,1.008
48087,9.831925,-68.419431,6.7,0.905
48088,9.832541,-45.732736,5.09,-0.098
48112,9.836207,24.562048,6.89,0.495
48116,9.836727,-0.228491,7.12,1.107
48119,9.83697,0.104469,7.4,0.483
48120,9.837185,39.631708,6.64,1.63
48128,9.839358,35.873502,7.12,1.208
48130,9.839898,65.593226,6.27,0.29
48136,9.841604,45.083681,7.43,0.387
48137,9.841689,4.34365,6.24,0.479
48145,9.843858,-60.52769,7.16,0.011
48150,9.844746,-7.382177,7.11,0.425
48151,9.844985,-46.933923,5.72,1.085
48156,9.845838,31.392749,7.07,1.681
48162,9.84702,11.84242,6.86,-0.042
48173,9.848775,-62.745116,5.56,1.316
48181,9.849837,-15.879613,7.47,1.023
48182,9.849867,59.038735,3.78,0.291
48183,9.850222,-80.061059,6.47,0.074
48188,9.850551,13.066239,6.45,1.624
48190,9.851032,-23.017316,6.85,3.435
48197,9.852221,-18.658734,7.37,0.501
48202,9.853347,-59.425774,5.79,1.354
48204,9.853898,-4.24335,6.01,0.171
48210,9.855436,-1.858417,7.34,1.187
48211,9.855481,-46.193871,5.62,1.166
48214,9.856005,-6.181928,6.42,0.577
48219,9.85797,-14.846603,4.11,0.918
48234,9.860782,-46.512284,6.71,-0.083
48237,9.861298,-46.54762,4.58,1.172
48238,9.861449,-11.340507,6.48,1.61
48239,9.861481,-54.659629,7.34,0.546
48240,9.861489,-60.593652,7.25,0.95
48253,9.864732,24.395369,5.29,0.229
48255,9.865476,-32.979962,7.2,1.011
48259,9.866537,-16.534775,6.08,1.035
48265,9.868433,54.064332,4.55,0.038
48276,9.869996,0.07561,6.34,0.934
48277,9.870045,2.454131,6.02,-0.04
48291,9.872677,37.914466,6.71,0.258
48293,9.873969,-71.943378,6.91,-0.03
48299,9.875036,35.524622,6.93,1.595
48300,9.875121,-8.10503,5.07,0.038
48303,9.876765,-51.713052,7.49,-0.131
48318,9.879398,26.006951,3.88,1.222
48321,9.880157,-71.454505,7.25,1.15
48331,9.882791,-27.332172,6.28,0.622
48332,9.88336,-55.373208,6.5,-0.145
48346,9.887813,-44.58459,7.05,0.543
48347,9.888065,19.937835,7.41,1.029
48348,9.888119,50.621203,7.25,1.011
48354,9.889418,-9.903688,7.09,0.022
48356,9.8897,-38.40892,7.49,0.551
48374,9.893598,25.667374,7.02,1.189
48375,9.893603,-42.310395,7.41,0.447
48376,9.893614,34.983815,6.76,1.297
48381,9.895183,-3.862008,7.4,-0.02
48382,9.895257,5.958573,5.9,1.662
48385,9.895607,-41.846848,7.38,0.303
48386,9.896571,-69.895254,7.04,-0.055
48390,9.897251,-51.146713,5.95,-0.152
48394,9.898338,64.788877,7.39,1.147
48401,9.899427,57.683705,7.45,0.798
48410,9.901427,-27.999017,7.2,0.65
48415,9.901848,8.074499,7.01,1.099
48416,9.901862,4.945414,6.72,1.565
48422,9.903425,-25.932345,4.87,1.199
48425,9.904882,59.920362,6.84,1.406
48427,9.904905,-45.283516,5.72,-0.114
48428,9.905043,-42.917103,7.32,0.97
48434,9.906403,-46.636854,6.65,0.985
48447,9.908838,-22.487456,6.23,0.052
48450,9.909024,-34.906934,7.25,0.0
48452,9.909413,-58.421274,6.64,-0.173
48455,9.90962,-12.951518,6.87,0.551
48461,9.910861,-43.321149,7.18,1.255
48476,9.914234,-50.243959,5.71,0.006
48478,9.914503,-19.00936,4.94,1.559
48481,9.914773,-86.910256,7.31,1.401
48493,9.916699,-16.193866,6.51,0.807
48501,9.917598,61.116123,6.29,1.036
48504,9.918243,-69.188974,6.73,-0.07
48505,9.918316,24.637172,7.07,0.586
48506,9.918336,-57.382921,6.74,-0.119
48508,9.919658,-33.690659,7.24,0.951
48509,9.91998,-33.363373,7.42,1.02
48511,9.920445,-11.034347,7.34,1.296
48524,9.92392,-41.586884,6.69,3.761
48533,9.926495,-17.46947,6.85,1.517
48535,9.926941,-4.976241,7.23,1.182
48540,9.928348,-59.106677,7.24,-0.074
48543,9.928612,49.819843,5.27,0.086
48544,9.928763,-19.677086,7.43,0.114
48548,9.929166,-8.836496,6.68,0.33
48560,9.931943,7.677209,6.79,1.025
48564,9.93306,-39.553274,6.99,0.978
48567,9.934816,-40.824546,6.39,1.612
48572,9.935008,52.268983,6.63,0.984
48573,9.935556,-7.645314,6.74,1.477
48576,9.936042,-71.3893,6.3,-0.056
48581,9.937177,-53.619198,6.8,-0.088
48584,9.937662,-31.091485,6.93,0.003
48590,9.93937,-47.753892,7.09,0.907
48591,9.939416,-51.336158,6.39,-0.162
48595,9.940549,8.933157,5.85,1.129
48596,9.940624,54.243767,6.59,1.6
48602,9.941927,-13.463863,6.78,1.376
48603,9.942041,32.384659,6.55,0.429
48609,9.943192,-33.418496,5.83,1.202
48612,9.943718,14.724198,7.36,0.917
48624,9.946347,-26.549672,6.27,0.219
48629,9.946835,4.242075,6.7,0.476
48630,9.946925,77.938192,7.47,1.119
48635,9.947708,-54.56779,3.52,-0.067
48637,9.94836,-27.475154,6.32,0.173
48641,9.9494,-15.895122,7.41,0.51
48642,9.949654,-34.825627,7.4,0.514
48643,9.949952,-69.101804,6.18,-0.1
48660,9.95304,-52.638783,6.13,-0.115
48661,9.953511,-49.870367,7.25,-0.017
48663,9.953776,57.418196,5.97,0.895
48666,9.954089,28.561285,7.37,1.132
48667,9.954253,-64.48935,6.59,1.122
48668,9.954606,-32.857825,7.18,0.125
48684,9.959365,16.459078,7.29,1.297
48691,9.961021,-16.522133,6.62,0.314
48693,9.96141,41.055633,5.11,0.481
48695,9.961833,-48.414075,6.06,-0.127
48699,9.962195,-1.94175,6.43,0.7
48709,9.963709,-61.931934,7.04,-0.028
48711,9.96377,35.124526,7.18,1.564
48722,9.96579,45.414298,6.34,1.096
48733,9.968658,-62.585358,6.87,0.933
48735,9.968786,8.313979,6.05,1.357
48737,9.968902,-13.129086,7.43,1.408
48741,9.969918,15.221332,7.45,0.921
48742,9.969966,-72.064692,7.47,-0.025
48743,9.970382,12.4448,5.26,-0.035
48744,9.970553,-25.131117,6.77,0.069
48753,9.973019,72.879509,5.86,1.155
48755,9.973902,27.758999,6.48,0.362
48761,9.975163,-13.941622,7.27,1.565
48765,9.976159,58.951857,6.72,1.312
48771,9.9776,10.960463,7.44,0.29
48776,9.978796,-29.304768,7.01,0.937
48777,9.979011,50.125156,6.7,-0.059
48778,9.979143,6.114689,7.31,0.956
48779,9.979225,-41.359512,7.4,0.987
48781,9.979358,10.458631,7.14,1.483
48783,9.980214,4.808536,7.19,1.64
48786,9.981191,-35.890973,5.23,0.3
48795,9.983856,-3.02159,7.48,0.398
48802,9.984897,-63.345314,6.68,0.908
48803,9.985085,-23.95077,6.11,-0.101
48815,9.986769,-47.092322,7.26,1.5
48816,9.986961,-58.128201,7.11,-0.031
48823,9.988486,-3.074864,7.41,0.372
48824,9.988533,-20.35679,6.7,1.46
48835,9.990615,-44.955449,6.72,-0.059
48837,9.991147,21.321501,6.74,0.205
48841,9.993172,56.474528,7.24,1.224
48842,9.993395,29.645233,5.75,1.059
48850,9.995301,3.384792,6.69,0.288
48865,9.997695,56.811807,5.5,1.487
48866,9.997798,-26.397811,7.36,1.35
48873,9.999064,-31.349542,7.23,1.567
48880,10.000922,42.316655,7.42,1.08
48885,10.001652,-36.043234,7.38,0.58
48889,10.003557,8.044223,4.68,1.589
48907,10.007492,-42.886377,7.46,0.203
48912,10.009597,-56.946108,6.5,0.979
48925,10.012191,-82.21467,5.53,0.035
48936,10.016275,-50.477708,6.91,-0.148
48937,10.016446,-3.189275,7.07,1.544
48941,10.016864,31.923672,5.37,0.676
48952,10.02,-56.096559,6.42,-0.013
48955,10.020757,-39.450758,7.23,-0.04
48963,10.021758,28.784411,6.93,1.275
48964,10.021761,-70.728148,7.34,0.486
48985,10.026508,-1.018132,7.19,0.3
48989,10.027114,-17.333022,7.47,1.068
48997,10.027977,-53.364115,6.2,-0.137
49001,10.028974,-23.806868,6.8,1.004
49005,10.030242,-42.485446,7.08,1.199
49013,10.031397,23.98124,7.41,1.492
49020,10.032797,-57.349789,6.2,1.108
49023,10.033167,74.759089,6.91,1.043
49024,10.033361,-60.42089,5.93,0.263
49025,10.033454,-34.173567,7.09,0.291
49034,10.035025,31.531207,7.39,0.911
49036,10.036148,-10.430474,7.46,0.99
49045,10.037949,-65.918033,7.26,0.023
49062,10.042551,-13.296514,6.98,0.529
49065,10.043052,-56.256682,7.46,1.064
49069,10.043623,-20.424015,6.82,0.181
49080,10.046931,21.949258,5.68,-0.178
49081,10.047011,-1.067843,6.7,1.064
49082,10.047028,-30.577523,6.54,1.189
49083,10.04706,-62.156667,6.41,1.688
49084,10.047119,49.878379,7.48,0.953
49090,10.049001,-5.617894,7.33,1.536
49093,10.049985,-60.178675,6.18,0.175
49099,10.051512,-39.423499,7.34,1.336
49106,10.053324,58.097803,7.48,0.583
49113,10.053804,50.109229,6.9,1.465
49115,10.054819,-43.840078,7.49,1.18
49119,10.055719,-46.636191,6.11,0.041
49120,10.055832,-10.72744,7.08,1.049
49121,10.056067,-82.508222,7.34,1.079
49124,10.056541,-33.238287,6.62,1.254
49128,10.056817,42.009347,7.13,0.569
49131,10.057676,41.30474,7.36,1.579
49137,10.058471,62.565839,7.36,0.951
49139,10.059229,9.89899,7.14,0.435
49141,10.05948,-61.88404,6.14,-0.032
49148,10.060785,-12.877245,7.09,1.389
49149,10.060787,3.971957,7.23,0.904
49150,10.060828,-60.199824,7.31,0.888
49152,10.061062,-26.909474,7.4,0.337
49153,10.061385,-9.573792,6.09,1.671
49155,10.061561,-25.316721,6.71,0.02
49168,10.064864,38.020436,6.75,0.533
49179,10.067039,-18.101057,7.14,-0.025
49181,10.067448,-18.101406,6.3,-0.06
49186,10.068706,-81.565492,6.6,0.919
49188,10.068994,11.628512,7.13,0.163
49189,10.069009,3.201055,6.43,0.398
49194,10.071133,32.452448,7.34,1.125
49196,10.07161,-28.378778,7.27,0.473
49198,10.072419,-48.44573,6.83,1.015
49199,10.072486,-24.285534,5.7,0.303
49202,10.073158,-39.975858,6.42,1.311
49210,10.074107,-7.218385,7.49,0.689
49211,10.074404,-51.798384,6.99,0.098
49219,10.076134,-64.647726,6.91,-0.059
49222,10.076759,53.891716,5.71,0.507
49233,10.07987,5.004025,7.35,0.625
49234,10.080283,-28.188688,6.99,-0.038
49239,10.081509,-52.025269,7.41,1.319
49252,10.083845,-56.897919,6.86,0.37
49253,10.083846,-51.31362,6.23,-0.054
49255,10.084576,7.990872,7.31,0.481
49259,10.085005,-45.896198,7.18,1.102
49261,10.085408,-13.064626,4.6,-0.087
49267,10.086219,52.371302,6.31,0.135
49270,10.086671,-28.19704,6.97,-0.015
49271,10.086757,-3.517357,7.32,1.629
49272,10.086862,67.27973,7.06,1.098
49273,10.086873,-42.172299,6.53,1.055
49274,10.087042,50.551249,7.29,0.956
49275,10.087179,-79.062238,7.32,0.248
49277,10.087578,-36.384381,6.27,1.112
49287,10.090705,-34.88267,6.6,1.097
49293,10.092433,-33.392201,6.99,0.313
49302,10.094225,-84.088928,7.18,0.591
49304,10.0947,15.757506,6.36,0.387
49309,10.09591,-30.891668,6.62,1.0
49313,10.09696,35.002362,7.29,1.06
49316,10.097621,-68.298033,7.17,1.159
49318,10.097904,-27.275059,7.49,1.206
49321,10.098032,-63.83512,6.91,0.885
49325,10.098856,39.582079,7.33,0.233
49334,10.101128,-42.524859,7.43,0.431
49335,10.101524,-29.118704,7.21,1.378
49336,10.102009,-52.187939,6.5,0.997
49340,10.102427,-20.948707,7.29,1.538
49343,10.10298,21.514551,7.01,1.21
49344,10.103115,-47.369995,5.06,0.88
49365,10.107983,55.769493,7.24,1.193
49377,10.110346,12.782072,7.37,0.23
49389,10.113174,5.611493,6.2,0.939
49392,10.114023,-24.715569,7.15,0.544
49396,10.11446,-51.077725,7.09,-0.032
49400,10.114958,-17.44418,6.72,0.23
49405,10.116636,-71.478031,6.58,0.48
49419,10.118779,-21.255737,6.66,0.417
49423,10.118984,29.512545,7.42,0.463
49427,10.119305,-17.141733,5.59,1.49
49436,10.120581,60.919869,7.13,1.613
49441,10.122209,16.762664,3.48,-0.031
49445,10.122841,-19.70869,7.41,0.118
49451,10.123821,35.244693,4.49,0.19
49468,10.125603,-22.489618,6.99,1.538
49469,10.125785,-53.260148,7.01,2.276
49471,10.125926,0.918321,6.67,1.64
49477,10.126589,-48.26082,6.4,-0.15
49482,10.127595,15.157498,7.14,0.656
49492,10.129342,-7.630769,6.63,1.61
49496,10.131742,9.997508,4.39,1.448
49500,10.1323,-0.371637,4.48,-0.032
49501,10.132398,-62.221416,6.45,-0.095
49504,10.133793,-37.333445,6.34,0.98
49517,10.137749,31.604053,6.23,0.469
49521,10.138368,-58.198582,6.63,0.616
49527,10.139274,-19.75522,7.26,0.622
49528,10.139532,11.967207,1.36,-0.087
49529,10.139732,-35.013692,7.2,0.178
49534,10.140753,-56.436896,7.46,1.381
49539,10.141622,33.514603,7.49,0.708
49547,10.142888,83.918372,6.31,1.549
49548,10.143174,-15.611939,6.25,-0.007
49553,10.144795,1.160757,6.68,0.366
49554,10.144953,-65.511102,7.39,-0.03
49557,10.145223,-65.815438,5.26,0.973
49560,10.146015,-10.884801,6.54,0.02
49570,10.148688,-61.192481,7.5,1.08
49571,10.148957,-51.811261,4.85,-0.12
49579,10.151585,-48.30652,6.76,0.314
49581,10.151852,-43.695131,7.27,1.069
49582,10.15193,-58.040471,7.5,-0.06
49583,10.152128,63.952426,6.53,1.64
49588,10.152342,18.530589,6.92,1.067
49592,10.152786,71.68763,7.49,1.305
49599,10.154131,6.170902,6.6,1.352
49601,10.154323,-18.138957,7.13,0.453
49606,10.155449,20.332351,6.68,0.553
49610,10.156098,-61.54901,6.94,1.5
49614,10.15637,-13.36231,7.09,1.652
49622,10.158386,-68.682779,5.8,0.015
49624,10.158639,68.664,7.11,1.039
49625,10.15874,9.593089,7.09,1.645
49626,10.158831,-32.846665,7.45,0.558
49627,10.158841,-35.856771,6.14,0.615
49633,10.160564,-11.895212,7.43,1.202
49647,10.163388,-47.446172,6.97,0.925
49653,10.164308,-45.194363,7.34,1.444
49659,10.165553,63.754691,7.44,1.032
49661,10.165691,-12.095305,6.24,0.184
49663,10.165894,-66.597619,7.34,0.939
49668,10.168302,-12.815923,5.3,0.368
49671,10.168761,-8.40817,5.91,0.026
49681,10.17067,-48.014082,6.82,0.886
49684,10.171363,49.507337,7.16,0.413
49687,10.172563,-67.263395,6.88,0.034
49688,10.172852,62.915626,7.1,0.965
49690,10.172963,20.945571,7.43,0.402
49692,10.17341,-64.384229,6.89,-0.02
49694,10.174964,-67.841318,7.1,-0.047
49695,10.175266,-45.307805,7.13,0.134
49698,10.176238,-18.603285,7.14,0.279
49700,10.176467,-12.354083,3.61,1.007
49703,10.177142,-41.715247,5.98,1.239
49708,10.178247,-38.910892,6.76,0.317
49717,10.181184,-15.709186,6.96,1.519
49722,10.182168,-59.154359,7.46,0.044
49723,10.182184,-8.418462,5.64,1.304
49724,10.182187,36.468125,7.19,1.096
49726,10.182553,-16.930814,7.12,1.43
49729,10.183047,40.661608,6.34,1.277
49739,10.185031,5.252242,7.26,1.093
49740,10.18507,70.839926,7.43,1.021
49741,10.185711,20.696146,6.64,0.364
49751,10.186874,-67.892358,6.83,1.172
49752,10.186884,37.4019,5.86,1.282
49753,10.18741,-61.768377,7.47,1.039
49758,10.188193,-17.635511,7.46,0.948
49759,10.188268,-7.316626,6.23,0.026
49761,10.188631,-18.957157,6.74,1.54
49767,10.189602,49.454237,6.6,1.326
49785,10.193187,-58.827762,6.07,1.647
49789,10.193947,13.355114,6.43,0.468
49794,10.19624,-58.060544,5.7,-0.118
49802,10.196918,-34.334032,6.66,0.44
49804,10.197184,-61.541932,7.18,-0.084
49808,10.197684,-40.874337,7.19,0.993
49809,10.198283,-35.324735,6.68,2.269
49810,10.198609,-44.728626,7.09,0.91
49812,10.199206,-39.994431,7.42,1.098
49816,10.199634,-54.985001,7.36,0.004
49824,10.200793,-28.605956,6.28,0.019
49826,10.200823,20.118554,7.42,1.214
49853,10.206373,-52.163242,6.16,1.168
49854,10.206648,-15.068041,7.1,0.065
49855,10.207184,-66.691476,7.5,1.445
49856,10.207278,-32.68944,7.37,1.302
49872,10.210547,-19.15304,6.45,0.494
49877,10.211816,28.242012,6.86,0.931
49884,10.213234,-29.499201,7.37,0.985
49886,10.213435,4.61468,5.77,1.178
49889,10.21401,-32.515612,7.08,1.134
49893,10.215441,82.400927,7.37,1.246
49897,10.215934,-65.166479,7.0,-0.026
49902,10.216939,-19.689167,6.87,1.525
49903,10.216988,-59.918088,6.07,-0.072
49906,10.218023,-47.919621,7.21,1.545
49916,10.22036,3.072725,7.39,0.353
49925,10.222069,-27.028891,6.23,0.316
49926,10.222553,-61.658829,6.42,-0.111
49928,10.222861,-56.586697,6.48,1.45
49929,10.223016,-51.232971,5.27,0.257
49934,10.223548,-33.031722,6.38,0.592
49936,10.224448,-51.755788,5.78,0.136
49938,10.224668,57.993763,7.01,0.105
49940,10.225001,9.186028,7.43,0.975
49942,10.225184,-66.372811,5.15,0.217
49943,10.22536,-5.087345,7.45,0.417
49956,10.228844,50.496525,6.63,0.257
49958,10.228961,-70.037903,3.29,-0.074
49959,10.228995,-7.384048,7.21,0.496
49962,10.229427,-40.346056,5.91,1.204
49964,10.229545,-5.219778,7.5,0.168
49967,10.230347,-68.059832,6.73,-0.017
49968,10.230474,27.135819,6.05,0.844
49981,10.232379,-40.310774,6.33,0.94
49994,10.235031,-54.993706,7.49,-0.095
49999,10.235667,-7.993501,6.97,1.03
50001,10.235823,-23.813946,6.36,1.639
50007,10.236928,-39.343869,7.42,1.494
50008,10.237141,-39.10372,6.53,0.961
50021,10.239248,-42.808598,7.22,-0.028
50030,10.241194,-51.814328,7.4,-0.145
50033,10.241598,21.168058,6.02,0.573
50034,10.242166,16.138346,7.09,1.39
50050,10.245607,-42.121942,3.85,0.051
50055,10.247286,-41.726074,6.54,0.176
50059,10.248246,-42.383043,6.75,-0.054
50069,10.250224,-44.467812,6.59,1.319
50076,10.251737,-67.285709,7.31,0.931
50077,10.251762,31.468066,6.47,0.858
50079,10.252078,-55.549272,6.64,1.108
50081,10.252127,59.985539,6.18,1.621
50090,10.254624,-54.974207,6.16,-0.155
50092,10.255799,-36.517717,6.17,1.058
50099,10.258767,-43.112369,5.59,1.52
50100,10.258823,-62.537004,7.03,-0.027
50121,10.263483,-50.177777,7.0,1.029
50137,10.265775,-55.519651,6.85,0.058
50144,10.267534,60.150614,6.77,0.423
50145,10.267565,-59.903411,6.22,0.194
50146,10.267803,-28.61396,7.24,0.544
50150,10.269166,-11.203419,6.08,1.096
50151,10.269267,35.16448,7.35,0.171
50161,10.270677,29.310501,5.49,0.02
50163,10.271124,17.740344,6.6,0.3
50164,10.271198,-16.142089,7.29,1.005
50166,10.271446,78.946973,6.85,0.105
50169,10.272747,-36.908244,7.41,0.999
50174,10.274469,28.682479,6.46,0.635
50176,10.275341,45.043508,7.25,0.52
50177,10.275639,23.503095,5.95,0.655
50178,10.275778,-19.308158,6.7,0.14
50183,10.277259,41.275852,7.36,0.478
50190,10.277819,-51.204636,6.2,1.435
50191,10.277983,13.728334,5.42,1.65
50193,10.278171,23.417311,3.43,0.307
50194,10.278268,25.370705,5.84,1.206
50198,10.279411,-20.669684,6.57,0.477
50202,10.279682,-13.099513,7.18,0.994
50207,10.281039,-34.127329,7.41,0.01
50224,10.283579,47.308449,7.3,0.49
50229,10.28472,-61.332304,3.39,1.541
50230,10.284952,42.914365,3.45,0.029
50242,10.287378,23.10622,5.81,0.5
50247,10.288234,41.46743,6.55,1.565
50249,10.288941,-46.834942,6.48,0.329
50260,10.291766,55.898496,7.22,1.263
50261,10.292102,-65.429507,6.79,0.149
50266,10.292631,-23.876275,7.32,1.018
50272,10.293834,-8.068914,5.25,0.336
50273,10.29392,-48.417913,7.41,1.664
50275,10.294478,-21.588863,7.31,0.227
50291,10.297387,71.060699,6.66,0.342
50293,10.297594,71.05618,7.36,0.295
50297,10.298164,-21.026298,7.33,1.399
50305,10.300321,73.073513,6.53,0.336
50306,10.300583,65.108351,5.74,0.163
50314,10.302109,-28.992,5.52,0.277
50317,10.302921,27.415479,6.53,-0.024
50319,10.303036,-82.910779,6.68,0.996
50331,10.305914,12.621108,7.02,0.594
50334,10.3066,-13.304757,7.01,1.008
50338,10.307847,-41.66849,5.97,-0.063
50343,10.309123,43.048445,6.48,0.925
50350,10.310516,-36.804572,6.31,1.282
50351,10.310561,-56.110393,5.8,0.481
50363,10.314426,44.048323,6.66,0.653
50366,10.315964,17.705889,6.85,0.031
50367,10.316317,46.760778,6.42,1.19
50371,10.316607,51.405488,6.81,0.644
50374,10.316864,24.712138,6.42,1.388
50376,10.317292,-56.020719,7.01,0.2
50377,10.31738,-50.7161,6.89,-0.143
50378,10.318083,-64.676258,5.66,0.042
50383,10.319664,-34.616485,6.73,0.098
50384,10.320038,72.437125,7.0,1.05
50394,10.321353,-12.528132,6.01,0.258
50404,10.324117,48.396762,6.0,1.022
50410,10.325651,-5.106148,6.38,0.894
50413,10.326877,-55.029305,4.59,1.6
50417,10.32757,-30.995661,7.41,0.89
50419,10.327974,-59.146093,6.95,-0.12
50420,10.328344,-65.137238,6.35,1.556
50422,10.328938,19.470914,4.78,0.452
50429,10.330238,-22.971264,7.36,1.619
50431,10.331049,-47.961268,6.7,0.122
50432,10.331202,-51.56785,6.88,0.439
50440,10.332873,19.841489,2.01,1.128
50441,10.333189,-9.059004,6.31,0.338
50446,10.334319,-67.167919,7.07,0.1
50447,10.33478,-39.702514,7.31,-0.002
50455,10.336595,-52.60171,7.21,0.153
50456,10.336656,-31.582931,7.34,0.979
50458,10.336995,-23.102569,7.48,0.958
50459,10.33713,-33.128709,7.41,0.198
50463,10.337452,53.779391,6.45,0.58
50464,10.337469,-81.648433,7.23,0.239
50466,10.337977,-47.69909,5.66,1.667
50483,10.340954,-72.130244,6.96,1.578
50492,10.34199,54.216839,6.01,1.128
50493,10.34231,6.429769,7.35,0.491
50497,10.342814,-31.813671,6.57,0.506
50505,10.344118,-6.192827,7.25,0.312
50514,10.345632,-5.382068,6.97,0.188
50517,10.34614,-19.050229,7.49,0.486
50520,10.346755,-47.565909,6.64,1.576
50522,10.346775,-42.872414,7.32,-0.027
50527,10.347218,-15.479913,7.17,0.553
50529,10.347552,30.663908,7.13,1.1
50532,10.348557,-56.04322,4.5,-0.102
50540,10.350557,2.289724,6.66,-0.094
50541,10.350943,68.747651,5.88,0.241
50543,10.351019,41.849395,6.77,0.033
50548,10.351993,-5.41496,6.69,1.569
50549,10.352211,-17.984959,6.5,0.402
50551,10.352298,-58.483824,7.25,0.872
50561,10.35404,-13.786528,6.56,0.099
50575,10.355982,-25.37301,6.71,1.039
50584,10.357963,-23.710834,6.47,0.193
50590,10.359837,-3.859443,7.46,1.238
50595,10.359961,-22.52851,6.52,0.068
50607,10.363197,60.912837,7.39,1.004
50610,10.363973,14.975773,6.16,0.018
50611,10.364034,-24.435878,7.45,0.649
50619,10.3665,-18.034481,7.12,-0.109
50623,10.367084,-20.575771,7.12,1.17
50627,10.367616,-0.751537,7.31,1.034
50633,10.369042,68.926006,7.47,1.136
50640,10.369569,-58.265572,6.34,0.884
50641,10.369607,41.22953,5.73,0.531
50642,10.369659,-13.409726,6.91,-0.064
50645,10.370261,-19.866571,6.12,0.035
50647,10.370603,8.96437,6.63,1.557
50653,10.372108,-41.64996,4.82,1.095
50655,10.372155,41.499516,3.06,1.603
50659,10.372735,-29.555899,7.5,0.545
50660,10.372767,-47.971494,7.38,0.116
50673,10.376191,42.616527,7.48,0.355
50682,10.378272,-9.395135,7.05,1.638
50684,10.378836,15.344403,7.26,0.6
50698,10.381623,-59.62455,7.42,0.881
50702,10.382824,-66.901498,4.97,-0.128
50703,10.38312,19.130949,7.12,0.983
50704,10.383129,-24.333677,6.83,-0.053
50706,10.383458,6.542643,6.06,1.119
50710,10.384778,-61.265676,7.48,1.247
50712,10.384806,35.217614,7.1,0.199
50715,10.385091,33.908145,5.89,0.147
50716,10.385292,-50.527123,7.19,0.375
50723,10.386983,-30.162263,6.25,0.304
50725,10.387392,5.694263,6.54,0.448
50728,10.388096,-40.695492,7.24,1.397
50729,10.388209,-13.377153,6.61,0.511
50734,10.389125,78.342736,7.32,1.14
50740,10.390688,-4.074035,5.93,-0.048
50742,10.391214,-0.902244,6.45,0.918
50743,10.391478,-38.009839,5.34,0.251
50745,10.391666,-26.056269,7.16,0.445
50748,10.392405,-3.642854,6.39,1.601
50758,10.394624,-41.953189,6.24,0.884
50760,10.394933,29.615856,6.36,1.09
50769,10.396909,-2.276027,7.24,1.042
50770,10.397088,25.568178,6.76,1.18
50771,10.397401,-57.953933,6.34,1.517
50776,10.398688,-29.645529,6.92,0.659
50784,10.40169,34.193216,7.09,1.547
50785,10.401768,-4.92737,7.28,1.167
50788,10.402182,65.566423,4.94,-0.052
50790,10.40239,33.718531,5.52,1.186
50794,10.40366,2.368018,6.33,0.991
50796,10.403849,-24.606519,7.12,0.665
50797,10.403933,-69.917677,7.11,1.654
50805,10.405424,10.587777,6.8,1.11
50806,10.406164,34.176402,6.95,1.476
50809,10.406592,-74.031612,3.99,0.369
50813,10.407019,2.393252,6.61,1.004
50814,10.407248,-25.565741,7.05,1.283
50825,10.411012,-54.321932,6.8,1.51
50826,10.411597,82.801664,6.84,0.999
50830,10.412375,-73.971732,6.18,0.071
50842,10.415824,-38.303267,7.03,0.029
50847,10.416516,-58.576303,5.93,0.315
50855,10.417989,-26.358064,7.43,0.993
50856,10.418496,-50.106782,6.78,0.436
50863,10.420887,8.784845,5.61,1.63
50866,10.421166,-58.87246,7.0,-0.088
50869,10.421449,-42.467404,6.18,1.006
50876,10.423257,-29.193842,6.62,1.491
50881,10.42445,-12.762694,7.23,0.865
50884,10.425159,36.204553,6.64,0.982
50891,10.426422,8.776491,7.5,0.25
50892,10.426692,-19.599711,7.13,0.04
50901,10.428964,-7.059829,5.6,1.528
50902,10.429149,35.42543,6.49,1.089
50904,10.429558,-54.988703,7.0,1.603
50907,10.430843,-20.325308,7.21,0.987
50909,10.431067,-13.132708,7.48,0.398
50911,10.431895,33.79612,4.72,0.26
50916,10.432962,2.929211,6.97,0.055
50917,10.433042,52.621736,7.39,0.448
50920,10.434077,39.267221,7.23,1.367
50924,10.434842,-16.83629,3.83,1.456
50930,10.435889,3.932534,6.67,0.136
50932,10.43607,-42.738494,6.13,1.129
50938,10.437121,-63.298569,7.05,0.006
50941,10.437632,24.715336,7.2,1.159
50942,10.437678,-53.891462,6.99,1.972
50945,10.438465,-6.427222,7.0,0.069
50952,10.439676,54.40748,6.98,0.886
50959,10.440445,-39.361996,6.8,0.972
50960,10.440713,10.502887,7.2,1.27
50972,10.443587,-0.988055,6.33,1.443
50985,10.445542,-47.659823,6.56,0.295
50986,10.445677,-64.3517,7.42,0.007
50988,10.445893,13.626424,7.31,1.54
50990,10.446354,-4.388339,6.55,0.92
50995,10.446924,-54.877302,5.58,1.556
50996,10.447027,-73.167951,6.61,1.725
51000,10.448057,17.21944,7.34,0.491
51001,10.448293,-0.148508,7.22,1.532
51004,10.448795,-57.607042,7.07,0.468
51016,10.450135,19.364538,6.15,1.141
51027,10.45253,-31.067779,4.28,1.429
51028,10.452683,-42.053043,7.1,0.103
51034,10.453398,11.317094,6.64,0.855
51047,10.456798,-57.638805,4.65,0.474
51048,10.457047,-18.286801,7.09,0.038
51049,10.457042,-65.704664,6.0,0.091
51055,10.457792,41.601035,6.0,0.166
51059,10.458392,3.563546,7.23,0.97
51066,10.459868,-0.962912,7.5,1.086
51068,10.460831,9.762396,6.01,-0.043
51072,10.461506,-44.342266,7.1,0.896
51077,10.46219,41.235858,7.06,1.026
51079,10.462753,59.597242,6.86,1.022
51081,10.462962,-45.098796,7.33,1.127
51082,10.463199,-38.703751,7.46,0.485
51087,10.464649,-58.739403,3.81,0.317
51089,10.464727,36.707212,4.2,0.908
51091,10.465512,-48.02097,7.36,0.469
51100,10.467247,-49.405801,6.1,1.506
51101,10.467462,-57.198461,6.83,-0.141
51102,10.467577,48.963967,6.75,0.919
51103,10.467738,48.784901,6.42,0.61
51114,10.470712,-36.220187,7.45,0.412
51120,10.471742,-63.164565,6.42,-0.039
51134,10.473988,15.755815,7.32,0.461
51145,10.476812,45.212211,6.37,1.33
51146,10.476909,-19.524812,6.7,1.01
51149,10.478449,-43.838341,6.68,0.068
51150,10.478469,13.28888,7.12,0.15
51154,10.478744,17.133496,7.03,0.789
51157,10.478878,-3.742385,6.05,0.059
51162,10.480006,-57.233002,6.69,1.058
51164,10.480146,14.343701,6.85,1.014
51168,10.481274,-64.172278,5.27,1.856
51176,10.482964,2.646629,7.44,0.341
51180,10.483776,29.727516,6.61,1.18
51182,10.484362,-65.176244,6.42,1.675
51188,10.485255,-38.059114,7.23,0.873
51215,10.490451,12.187002,7.25,0.441
51217,10.491306,-2.739078,5.19,-0.05
51219,10.491383,-29.663832,5.58,1.42
51228,10.492697,-32.941794,7.37,1.27
51231,10.493161,-30.607065,5.57,-0.041
51234,10.493961,-43.050813,6.81,1.583
51236,10.494124,-22.247001,7.41,0.077
51239,10.495044,-22.044503,7.12,0.281
51240,10.495037,84.252009,5.52,0.244
51241,10.495064,1.491118,6.88,0.562
51246,10.496631,54.825721,7.35,0.986
51254,10.498248,28.581221,6.88,1.114
51256,10.498453,65.626233,6.32,1.141
51257,10.49861,-54.978237,7.36,0.115
51269,10.501226,40.469882,7.01,0.622
51275,10.501792,38.925132,5.79,0.087
51279,10.502196,-70.888101,7.17,1.7
51280,10.502445,-66.984654,6.19,-0.004
51287,10.50424,50.569124,6.74,0.386
51288,10.504472,63.348754,7.33,0.993
51290,10.504855,-0.637026,5.08,-0.138
51291,10.505581,-71.992793,4.72,0.042
51297,10.506226,-57.077389,6.62,-0.099
51301,10.507396,64.257689,6.07,0.178
51303,10.508567,-39.063858,7.47,0.838
51304,10.50861,2.150203,6.98,1.03
51305,10.509132,-10.807938,7.35,1.641
51310,10.510015,36.273479,6.85,0.324
51312,10.510461,55.980536,4.82,0.541
51314,10.510901,-61.356474,6.41,1.65
51325,10.513688,-86.090685,6.64,0.119
51327,10.514277,-26.483769,6.51,0.534
51339,10.5159,-44.367824,6.84,0.861
51343,10.516323,-7.63755,6.2,1.377
51344,10.516622,-13.58847,5.59,-0.028
51348,10.517242,-73.22149,4.94,1.677
51349,10.517465,39.020712,7.38,1.132
51354,10.518048,82.558587,5.25,0.399
51359,10.518727,-68.897255,7.39,0.078
51360,10.518734,-67.70238,7.23,0.04
51364,10.520365,-42.229359,7.35,-0.04
51369,10.521955,66.312227,7.24,0.427
51373,10.522842,73.330805,7.01,1.187
51375,10.522775,-53.715484,4.89,0.5
51382,10.525046,-35.128345,7.24,1.117
51383,10.52555,46.874204,7.28,1.47
51390,10.526738,2.844767,6.57,1.12
51394,10.527187,-14.885082,7.09,0.048
51400,10.528856,-44.484838,7.22,-0.144
51403,10.53019,-28.237103,6.04,0.501
51406,10.530722,-63.940467,7.49,0.215
51408,10.530937,32.379554,5.9,0.114
51409,10.531039,-81.921086,7.05,-0.067
51410,10.531054,-52.23195,7.2,-0.054
51412,10.532401,-45.06966,6.04,-0.096
51413,10.532622,-45.06671,5.76,-0.194
51427,10.533727,-11.424449,7.42,0.425
51428,10.533743,-61.685332,3.3,-0.089
51437,10.536604,14.13727,5.43,1.696
51442,10.538146,24.442272,7.18,0.253
51443,10.538471,4.645358,7.09,1.111
51444,10.539191,-58.545848,7.36,-0.11
51453,10.541261,-6.07508,6.82,1.065
51454,10.541293,44.181743,7.36,0.213
51456,10.541576,-81.615774,7.39,0.991
51461,10.54267,-44.618508,5.91,0.92
51474,10.546615,-58.666745,5.98,0.29
51475,10.546853,9.306586,3.84,-0.148
51484,10.548508,-22.527614,6.97,-0.028
51486,10.54913,-47.003353,5.02,1.045
51502,10.552473,39.22156,7.19,1.029
51507,10.553491,-13.404238,6.52,1.416
51509,10.553865,40.42556,4.72,0.222
51510,10.554077,-5.362479,7.12,1.007
51512,10.554206,-55.386889,6.68,0.99
51513,10.554637,-55.3807,7.32,0.04
51527,10.557054,-58.190149,6.09,0.325
51536,10.558587,34.988695,5.57,0.029
51537,10.558645,-40.238437,6.68,0.918
51539,10.559004,-46.975902,7.09,-0.092
51548,10.562163,53.49739,6.52,-0.007
51550,10.563134,23.350658,7.27,0.24
51551,10.56402,49.186174,7.5,0.562
51552,10.564013,20.304104,7.3,0.548
51554,10.564263,-27.349683,7.42,1.339
51564,10.565711,-80.516765,7.18,0.415
51569,10.566912,-23.745165,5.08,1.596
51583,10.570199,-60.987629,6.25,1.399
51590,10.571384,-37.386792,6.9,0.023
51601,10.572482,49.107306,7.12,1.45
51603,10.573335,21.594027,7.43,1.097
51626,10.580004,6.953749,5.07,0.921
51628,10.580255,-31.346283,7.37,0.443
51632,10.580559,27.961576,6.82,1.063
51635,10.580616,-3.899691,6.67,0.506
51643,10.582357,-64.134003,7.39,0.047
51646,10.582696,-23.176248,6.1,0.496
51653,10.583933,8.650425,5.67,0.059
51657,10.584609,-55.409851,7.2,0.815
51658,10.58462,-57.677132,6.84,0.861
51659,10.584878,75.712948,4.86,0.957
51660,10.585027,2.204539,6.65,1.267
51661,10.58506,-69.351475,6.87,1.715
51664,10.58572,41.908926,6.94,1.51
51665,10.586017,57.082637,5.16,0.349
51667,10.586229,-43.664587,6.09,0.94
51670,10.586434,84.399322,7.29,0.819
51672,10.586905,-39.562589,5.5,3.015
51683,10.589507,-12.859448,6.79,0.365
51686,10.59022,-76.308986,6.29,1.205
51688,10.590371,-5.36182,7.31,0.19
51689,10.590994,-37.361392,7.13,0.215
51690,10.591166,-78.607786,4.11,1.58
51697,10.592016,45.653691,7.22,1.06
51700,10.59314,-57.557636,4.45,1.604
51703,10.594129,-18.568978,6.49,0.199
51708,10.595003,-58.192883,6.68,0.042
51711,10.595404,-13.95665,7.44,0.491
51717,10.597034,-58.224283,6.52,0.009
51721,10.597678,-49.231068,6.95,0.13
51724,10.598331,-75.793164,7.42,1.187
51734,10.600558,80.494629,6.48,0.963
51736,10.601252,-26.675479,6.29,0.475
51743,10.601872,11.61455,7.25,1.198
51756,10.604628,-16.344326,6.01,1.638
51758,10.60483,-10.583403,6.58,0.296
51759,10.6049,-47.849883,7.3,0.58
51761,10.605077,52.109486,7.44,0.138
51763,10.605706,-59.564392,5.08,1.172
51765,10.605949,36.326927,6.29,0.436
51784,10.608994,-12.230121,5.71,0.528
51785,10.609109,-59.190331,7.04,-0.104
51787,10.609828,-28.771817,6.83,0.066
51788,10.609969,-33.272606,7.13,0.089
51794,10.61183,-27.656352,6.65,1.523
51798,10.61224,-47.254968,7.21,0.934
51809,10.614209,-22.665283,6.98,1.548
51814,10.616117,-41.341141,7.01,1.212
51817,10.61667,-8.839941,7.05,0.625
51818,10.617095,-71.69157,6.92,1.083
51824,10.619635,46.548067,7.19,1.09
51825,10.619862,-11.748617,6.52,0.291
51828,10.620234,-31.762695,6.77,1.367
51830,10.620481,-27.412634,4.87,1.626
51834,10.621144,-53.85526,6.43,-0.15
51837,10.621717,-48.22562,3.84,0.3
51843,10.622381,56.431341,6.55,1.186
51849,10.62311,-43.523359,7.18,0.366
51853,10.624178,-12.393942,6.87,1.356
51854,10.624187,-58.733339,5.47,0.5
51860,10.625909,-13.384543,4.89,2.8
51862,10.626608,-23.38222,7.36,1.042
51872,10.628352,-35.720032,7.0,0.004
51882,10.631185,34.078623,6.42,1.364
51893,10.63407,-57.256309,5.89,-0.128
51909,10.638213,-65.041934,6.73,-0.075
51914,10.638856,60.124539,6.77,0.465
51925,10.641005,5.913633,7.38,0.262
51934,10.643043,-16.876572,4.91,0.922
51946,10.645322,5.734,7.13,0.446
51947,10.645337,31.976237,4.68,0.823
51951,10.645834,-59.182997,4.69,1.562
51952,10.645941,-59.26242,6.5,-0.098
51961,10.64731,-42.753443,6.1,0.661
51962,10.647337,-12.443618,6.04,-0.007
51965,10.647609,-64.498014,6.97,0.023
51969,10.648482,16.127424,6.61,0.407
51977,10.649906,-58.816854,5.96,1.692
51978,10.650125,-55.113747,7.05,0.083
51980,10.650503,-75.157489,6.75,0.169
51985,10.651581,53.6683,5.55,1.27
51988,10.65213,37.91,5.84,0.595
51994,10.65268,-25.851456,7.19,0.456
51995,10.652752,-54.86122,7.49,1.558
51999,10.654424,-74.493384,6.08,1.683
52000,10.654522,-36.677147,6.69,0.908
52003,10.655112,-55.603268,4.29,1.025
52009,10.656346,-64.111788,6.33,-0.072
52010,10.656364,-55.989815,7.11,-0.1
52011,10.65667,-67.165414,7.45,0.938
52036,10.661699,8.842998,7.49,0.447
52038,10.661794,-22.530594,7.12,1.069
52048,10.664623,-33.612796,7.27,1.3
52052,10.666088,-52.284118,6.88,0.021
52053,10.666158,-49.279652,6.97,1.58
52065,10.668769,46.840767,7.27,0.173
52070,10.669848,-65.100209,5.51,-0.158
52079,10.670814,-47.160249,6.99,-0.07
52089,10.672551,27.52527,7.11,0.063
52110,10.678366,-64.653189,6.81,-0.023
52120,10.680552,-48.025103,7.08,1.342
52122,10.680984,-35.741718,6.36,0.917
52123,10.681405,-57.935595,6.9,0.947
52142,10.685119,-64.474382,6.73,-0.049
52157,10.6882,-59.676916,6.35,0.088
52158,10.688282,52.970601,7.22,0.228
52165,10.690052,-1.741491,6.25,0.88
52169,10.690589,-56.068722,6.81,-0.004
52173,10.691762,-35.731127,6.82,0.051
52176,10.693097,-64.10639,7.16,0.0
52181,10.694679,-45.768575,7.43,0.461
52187,10.696747,68.443499,5.74,1.315
52189,10.697657,-79.783288,5.97,-0.071
52192,10.697878,-8.056132,7.24,1.307
52193,10.697949,-26.046658,7.36,0.136
52196,10.698259,-6.57482,7.41,0.573
52201,10.698892,-40.691342,7.45,0.444
52202,10.69908,65.71628,5.12,1.207
52206,10.699909,-63.507295,7.31,0.21
52215,10.70313,31.696998,6.02,1.617
52218,10.703699,-13.787713,6.79,0.622
52219,10.703926,-64.466426,4.76,-0.139
52222,10.704632,10.355518,7.08,1.74
52227,10.706108,-47.220281,6.96,1.33
52234,10.707577,-8.72719,6.86,0.994
52240,10.708715,-13.974514,6.24,1.54
52241,10.70881,18.219924,7.12,1.131
52246,10.710005,-75.463761,6.85,0.126
52250,10.710412,3.58311,6.57,0.507
52254,10.711269,-59.215759,5.36,0.213
52256,10.711997,-32.715673,5.63,0.006
52258,10.71348,-2.183756,7.31,0.694
52262,10.714507,50.799251,7.33,0.246
52263,10.714537,-23.549032,6.79,0.911
52265,10.715063,55.890823,7.39,1.543
52268,10.715949,-64.39445,2.74,-0.22
52269,10.716954,-49.057044,6.99,1.636
52271,10.717191,26.325577,5.51,0.16
52274,10.717789,69.076214,5.01,1.406
52276,10.718053,-72.195109,7.48,0.534
52284,10.719257,-35.004126,7.5,0.98
52285,10.719287,-61.168532,6.62,-0.011
52296,10.721646,-31.759721,6.55,1.073
52301,10.722478,4.747669,5.77,1.168
52302,10.722843,-32.137196,7.16,0.0
52306,10.7236,23.188404,5.08,0.042
52313,10.724874,80.427107,6.7,0.062
52317,10.725639,-60.566619,4.58,1.7
52318,10.725822,46.203877,5.18,0.324
52321,10.72674,-39.058427,7.03,0.641
52327,10.728702,57.199203,5.79,-0.038
52333,10.730303,18.312986,6.51,1.31
52336,10.73089,-64.249042,5.74,0.012
52337,10.731184,-60.117783,6.45,-0.017
52344,10.732347,49.800908,7.03,1.16
52347,10.733524,46.206651,7.28,0.565
52351,10.735258,-63.961072,4.8,-0.134
52352,10.735333,-48.896711,7.18,0.483
52355,10.736006,-51.923721,6.87,1.219
52356,10.73612,-72.064476,7.47,1.649
52362,10.737375,19.758834,6.27,0.196
52369,10.73891,-70.859721,6.25,0.208
52375,10.739699,-59.99332,6.32,-0.31
52384,10.74088,-72.443498,6.26,0.51
52385,10.74114,-23.985427,6.63,1.28
52386,10.742331,-70.855255,6.43,0.227
52399,10.744276,-36.930634,6.69,0.519
52405,10.745516,41.714616,7.49,1.528
52407,10.745842,-59.56519,7.35,0.145
52423,10.750632,3.306679,7.09,0.49
52426,10.751118,67.411384,5.95,2.382
52433,10.752627,2.48797,6.27,1.212
52443,10.754546,-80.469597,5.46,0.957
52447,10.755695,45.566323,6.97,-0.003
52450,10.756499,41.307677,7.12,0.275
52459,10.758219,-55.791418,7.2,1.487
52463,10.759134,-25.026078,7.27,1.049
52470,10.761401,-47.459809,6.64,1.571
52476,10.762257,-59.407818,7.26,0.219
52480,10.762932,32.597326,7.42,0.451
52481,10.763087,-80.540188,4.45,-0.188
52482,10.763394,-10.713583,7.45,-0.078
52484,10.764045,-40.973376,6.84,1.033
52486,10.764416,30.682313,5.36,-0.05
52487,10.764426,72.287953,7.0,1.597
52498,10.766629,56.920843,7.11,0.311
52508,10.768245,6.373183,6.38,1.121
52518,10.770182,-61.941663,7.32,-0.059
52524,10.770868,-41.464368,7.49,0.595
52526,10.771269,-64.514559,5.33,-0.096
52527,10.771414,-60.602872,6.26,0.038
52528,10.771476,-26.726067,7.26,1.325
52531,10.772032,12.747847,6.9,0.132
52533,10.772919,57.365914,6.34,1.568
52534,10.773484,18.891523,5.5,1.134
52536,10.773563,-13.459857,7.26,0.02
52537,10.773689,14.194645,5.49,0.908
52538,10.773879,-63.299693,6.97,0.934
52541,10.774082,-15.03411,7.41,0.028
52542,10.774244,-42.643427,7.0,0.382
52546,10.774619,-19.760597,7.17,1.18
52549,10.774889,-64.263242,5.23,-0.077
52552,10.775766,-18.873966,7.44,1.152
52557,10.776984,-43.192673,6.29,0.202
52558,10.777082,-42.610372,7.22,0.935
52569,10.778537,-26.048153,6.7,1.038
52575,10.779488,-49.420255,2.69,0.901
52576,10.77961,-25.533832,7.36,1.512
52578,10.780024,-69.209786,6.34,0.18
52584,10.780898,-64.383474,4.87,-0.149
52585,10.781127,-17.296874,5.44,0.112
52587,10.781749,43.026796,7.3,1.416
52590,10.782634,-56.757192,5.14,-0.08
52591,10.782894,-15.731901,7.24,0.092
52608,10.788633,-57.325422,6.96,0.15
52610,10.788655,6.346233,7.13,0.171
52617,10.78969,26.910598,7.19,1.568
52632,10.791836,-69.437733,6.35,-0.085
52633,10.79184,60.123921,7.35,0.273
52636,10.79261,-31.603229,6.97,1.626
52640,10.793535,65.616639,6.94,1.522
52642,10.79387,-15.261954,6.67,-0.019
52643,10.794001,-57.467411,6.29,1.673
52646,10.794423,-64.547178,6.54,-0.002
52650,10.795236,-15.109798,6.96,1.112
52652,10.795646,-59.875257,6.47,-0.121
52661,10.798206,-64.262842,6.46,0.008
52662,10.798742,-52.246096,6.74,-0.008
52668,10.800212,39.742327,6.78,1.279
52669,10.80071,41.109953,7.0,0.202
52673,10.801503,-59.919163,5.98,0.274
52687,10.803921,-31.68785,5.87,0.028
52695,10.806531,37.570303,7.03,-0.227
52704,10.809741,-48.350515,7.05,0.422
52709,10.811266,-1.958896,5.92,1.608
52711,10.811525,-47.749895,6.51,0.946
52723,10.813852,65.132491,6.4,-0.022
52727,10.815899,29.416057,6.15,1.144
52729,10.816016,-27.917794,6.94,0.233
52730,10.816087,-9.100017,7.07,0.915
52734,10.816806,-31.059145,7.48,0.596
52739,10.817572,10.157903,7.42,0.243
52740,10.818024,-30.750659,7.32,1.011
52756,10.820837,-26.81512,7.41,0.407
52757,10.820953,10.545202,5.32,0.035
52759,10.821465,-4.02393,6.61,0.211
52762,10.822526,-39.170308,7.17,0.037
52768,10.823457,-59.323793,5.85,0.008
52770,10.823803,-42.367429,6.77,1.195
52772,10.824115,17.146453,7.1,1.0
52775,10.824669,63.810029,6.42,1.287
52789,10.827079,-16.193648,3.11,1.232
52794,10.828747,-9.852695,5.85,1.074
52805,10.831591,27.973948,6.05,0.399
52806,10.832033,-35.80447,7.34,0.088
52811,10.832506,-34.058183,5.61,0.038
52823,10.836946,-62.635717,7.16,0.08
52825,10.837104,-8.988398,7.5,1.021
52826,10.838349,-8.897763,5.8,0.156
52851,10.843491,23.406287,6.59,0.333
52853,10.844453,-61.269547,6.84,-0.024
52868,10.848423,-14.891354,7.47,0.465
52872,10.849174,3.590674,7.2,0.14
52875,10.849619,-59.957313,6.79,-0.044
52881,10.851502,-3.092667,5.95,1.475
52882,10.851645,56.237718,7.45,0.043
52883,10.851665,-18.332213,6.56,0.092
52885,10.852365,11.578777,6.85,1.205
52889,10.853067,56.58225,5.66,1.132
52901,10.855126,-4.736508,7.16,1.29
52903,10.85584,-66.814875,7.45,0.073
52908,10.856418,75.994778,7.17,0.246
52910,10.856594,59.320119,5.57,1.16
52920,10.858415,-75.882765,6.68,0.087
52931,10.860349,-21.250089,7.0,2.6
52946,10.863028,-57.272315,6.29,0.226
52952,10.864815,-49.157562,6.56,0.513
52955,10.865612,-58.415456,6.88,0.423
52958,10.866281,-55.138332,6.53,1.482
52967,10.867354,-61.429164,7.46,0.013
52980,10.869477,50.265458,6.63,1.431
52987,10.87047,1.024973,6.37,0.087
52997,10.874628,-79.559437,6.36,1.46
53000,10.875236,-57.240405,5.26,0.13
53001,10.875247,52.565349,6.76,1.071
53003,10.875578,52.503605,6.44,1.114
53006,10.875764,45.777837,7.47,0.089
53013,10.876692,-0.201657,6.31,1.503
53020,10.87761,52.071196,7.02,0.373
53028,10.878476,40.171159,7.15,1.078
53033,10.879279,2.112366,7.37,1.565
53036,10.879572,-68.210339,6.7,1.678
53041,10.880236,27.865205,7.48,0.437
53042,10.880263,-6.821992,7.18,0.56
53051,10.882085,-69.121616,7.44,1.386
53052,10.882392,-17.277134,7.13,0.679
53056,10.883654,-63.087823,7.32,0.477
53057,10.883695,-35.489049,6.79,-0.065
53063,10.884599,-20.628159,7.02,0.645
53075,10.888526,34.214871,3.79,1.04
53077,10.889215,-58.893453,6.26,-0.104
53086,10.890267,-2.255209,6.12,0.913
53098,10.891536,-20.138731,5.23,0.48
53099,10.891559,-58.853171,3.78,0.945
53103,10.891986,69.853881,5.91,1.01
53105,10.892473,-15.445825,6.34,1.176
53106,10.892615,-56.420501,6.45,1.392
53107,10.892911,54.585128,5.12,1.355
53108,10.893013,26.207768,7.04,1.568
53115,10.894734,-51.49921,7.31,0.942
53118,10.895031,-70.720337,5.99,-0.02
53119,10.895476,-2.129205,5.45,0.966
53128,10.896762,-43.117494,7.48,1.064
53135,10.898991,-36.456878,6.73,0.466
53136,10.899089,-12.434542,7.38,0.364
53140,10.89962,-26.746106,7.5,-0.067
53141,10.899648,43.189956,4.66,-0.039
53142,10.900044,-72.155298,7.39,0.0
53161,10.904938,-13.758036,5.65,0.832
53179,10.908222,-61.826622,5.95,1.736
53189,10.909824,29.630075,6.53,0.556
53190,10.909853,-38.754435,7.02,-0.046
53192,10.910316,-55.619,6.76,1.256
53200,10.911714,25.490722,6.19,0.291
53201,10.912017,-42.018146,6.95,1.036
53205,10.91244,36.758794,7.39,0.352
53207,10.912659,5.847862,7.38,0.797
53222,10.916163,34.034798,5.73,1.032
53224,10.916948,-42.251098,6.08,-0.061
53232,10.919881,-20.664963,6.45,1.098
53234,10.920305,77.087568,6.81,1.532
53239,10.921456,-60.517003,5.93,1.065
53252,10.923758,-54.079608,7.27,-0.068
53256,10.924228,-43.020528,6.4,0.068
53257,10.924525,-26.978941,7.08,1.334
53262,10.92689,24.749718,4.3,0.016
53268,10.928444,0.736922,5.91,0.425
53271,10.928999,33.506929,5.02,1.101
53274,10.929406,-16.367797,7.5,0.419
53278,10.930891,-31.786306,7.34,0.029
53282,10.931655,-35.114345,7.37,0.752
53284,10.932248,18.152991,7.25,0.942
53294,10.933742,6.185371,5.91,1.256
53305,10.936258,0.432934,6.66,1.348
53306,10.93655,-60.45356,7.09,0.54
53308,10.936714,64.538047,7.22,0.959
53310,10.937365,42.008155,6.03,1.123
53315,10.937846,-58.053107,7.16,1.589
53317,10.938015,22.351682,6.17,1.549
53319,10.938824,-10.624965,7.38,1.286
53321,10.939307,23.250645,7.32,0.932
53324,10.94013,-57.551341,7.32,0.462
53326,10.94078,57.502959,6.8,0.995
53330,10.941889,7.388474,7.37,0.92
53337,10.942897,25.500244,6.36,1.036
53345,10.944562,-50.607775,7.28,0.441
53347,10.945289,-37.137765,4.6,1.006
53361,10.947811,-31.204692,7.43,0.355
53369,10.950851,-68.667347,7.36,0.23
53375,10.952183,-50.765018,5.9,0.173
53377,10.952207,-0.311965,6.88,0.421
53387,10.953126,-44.809716,7.37,0.338
53391,10.954389,-75.099761,6.16,1.531
53401,10.955613,-69.038055,6.48,0.0
53420,10.960509,-45.875879,6.83,1.142
53433,10.963386,-59.73219,6.36,0.84
53439,10.965246,-22.020936,7.48,0.433
53449,10.966371,-42.039383,7.07,0.175
53454,10.96801,-55.783733,7.03,1.444
53481,10.973229,-44.934572,7.42,1.176
53498,10.977088,19.622046,6.8,1.336
53519,10.982421,-19.604794,6.84,1.062
53525,10.983493,45.197813,6.91,1.214
53526,10.983827,69.989047,7.12,1.589
53529,10.984587,-53.539209,6.81,0.501
53537,10.985628,17.826821,7.44,1.13
53543,10.98715,-33.737595,5.7,0.374
53544,10.987168,-81.556164,6.7,0.534
53545,10.98723,-61.320739,6.16,-0.064
53546,10.987258,-84.593893,6.19,0.1
53549,10.988292,-10.325439,7.25,-0.015
53550,10.9883,51.882359,6.22,1.352
53553,10.989118,79.675876,7.32,0.551
53565,10.99112,40.430257,5.03,0.624
53567,10.991925,-16.353701,5.88,1.6
53570,10.992438,36.0931,5.99,1.595
53571,10.992516,9.930795,7.24,0.255
53573,10.992847,-43.501607,7.32,1.46
53578,10.993705,-62.484178,7.29,1.399
53581,10.994748,11.705868,6.53,0.443
53584,10.996244,-18.298783,4.08,1.079
53594,10.997077,58.906475,7.12,1.2
53605,10.99916,77.770174,6.18,0.966
53606,10.999831,-43.80711,5.81,-0.064
53609,11.00057,-3.471319,7.27,0.563
53610,11.000709,22.02605,7.29,1.122
53616,11.002306,-51.8178,6.15,0.188
53618,11.002572,-42.225859,4.37,0.116
53622,11.003248,-14.083368,5.86,1.501
53625,11.004084,45.526276,5.47,1.466
53626,11.004304,-44.910725,7.33,0.6
53635,11.00575,42.911724,6.03,0.584
53642,11.007101,51.502101,6.41,1.007
53651,11.009347,3.617494,4.84,1.144
53655,11.010078,-53.111831,6.44,1.28
53659,11.010523,-19.343009,7.09,0.778
53660,11.010561,-66.030185,7.41,1.614
53662,11.011331,-31.839368,6.06,0.527
53665,11.011681,42.73142,6.69,1.114
53669,11.012445,6.101449,4.98,0.166
53680,11.013829,-52.074982,6.82,0.004
53682,11.014009,39.212092,5.06,0.255
53684,11.014216,-40.498112,6.77,0.532
53693,11.015941,-15.792682,6.35,1.172
53701,11.017698,0.047039,7.28,0.124
53704,11.018249,63.42111,6.38,0.169
53712,11.020825,-9.771818,7.46,1.593
53720,11.022431,46.563635,7.01,0.911
53734,11.026538,52.702417,7.08,1.092
53747,11.029372,36.678244,7.45,0.397
53750,11.030359,29.871323,6.95,1.1
53751,11.030465,-2.484585,4.73,1.593
53752,11.030481,-64.303914,6.94,0.467
53754,11.030677,56.382427,2.34,0.033
53765,11.033734,-73.487884,7.25,0.495
53769,11.034194,-71.747077,7.38,0.154
53784,11.03718,-41.114145,6.48,1.474
53794,11.038236,58.666404,6.63,1.574
53798,11.038827,20.179842,4.42,0.053
53807,11.040125,-26.831505,6.21,0.307
53814,11.040756,-21.411173,7.28,1.004
53820,11.042013,-9.994852,7.32,1.488
53821,11.042459,9.172964,7.22,0.114
53828,11.043553,-3.512616,6.81,0.95
53840,11.046171,-59.74099,6.96,0.313
53850,11.048556,-72.242223,6.78,0.017
53857,11.049429,-2.635352,7.19,0.999
53863,11.051401,-25.575037,6.72,0.275
53865,11.051711,-60.910731,6.67,2.033
53868,11.053189,28.930131,7.06,1.047
53871,11.054039,-0.752344,6.12,0.269
53873,11.054133,-11.30347,5.51,0.938
53874,11.054461,-31.960849,6.44,1.616
53875,11.054637,-27.517977,7.5,0.237
53879,11.055632,35.969877,7.49,1.502
53882,11.057604,70.03074,6.44,1.28
53883,11.057767,75.441108,7.24,1.275
53892,11.060149,-13.43492,6.34,0.86
53893,11.060164,-0.000833,5.95,1.218
53897,11.060886,44.329586,7.33,0.873
53901,11.06147,7.581968,7.25,1.045
53904,11.061859,-51.352657,6.74,0.328
53905,11.062155,61.751033,1.81,1.061
53907,11.062451,25.774646,6.97,0.265
53913,11.063908,-7.688215,7.38,0.946
53915,11.064058,-51.029297,7.21,1.282
53918,11.064775,-33.444521,7.27,1.252
53919,11.065059,-19.649956,6.64,0.206
53924,11.066361,3.638772,7.23,0.347
53927,11.066733,-57.955331,6.16,-0.167
53931,11.067475,-54.197764,6.54,1.11
53939,11.068719,-40.308586,7.42,0.369
53950,11.071294,-36.721515,7.11,0.234
53951,11.071723,38.868248,7.14,0.215
53954,11.072007,-1.278227,6.89,0.054
53960,11.07332,-42.677577,7.07,0.927
53980,11.075344,38.241365,6.01,0.165
53981,11.075343,-47.679103,5.67,0.256
53985,11.075927,12.666983,6.87,0.042
53993,11.077514,31.436708,7.21,0.874
54009,11.080179,-75.155192,6.9,0.118
54011,11.080544,-64.615729,7.23,0.01
54016,11.081721,-35.804678,5.43,0.021
54021,11.082658,-59.858898,6.57,0.186
54022,11.082866,-48.197167,7.29,0.024
54024,11.083619,7.336007,4.62,0.332
54027,11.084478,-49.392299,6.11,-0.019
54034,11.086762,-30.435652,7.49,1.098
54046,11.088867,-27.293612,4.92,0.369
54056,11.092776,-11.088901,6.09,0.301
54060,11.093387,64.803982,7.36,0.372
54064,11.094588,-43.118674,7.36,0.427
54073,11.096042,-47.442296,6.82,0.043
54074,11.096096,44.301558,7.43,1.503
54075,11.096164,50.172458,7.04,0.524
54077,11.096768,38.394355,6.92,1.301
54092,11.098061,52.326727,7.26,1.22
54097,11.099324,-27.287853,5.69,-0.067
54102,11.100622,1.210664,6.98,1.588
54106,11.101595,-51.21292,6.28,0.943
54108,11.101619,-59.949876,6.7,-0.137
54115,11.102612,7.139752,7.28,0.43
54118,11.103227,-68.781948,7.3,1.702
54121,11.10372,-85.748841,7.26,-0.03
54128,11.105419,-50.447554,7.05,1.656
54129,11.105479,-44.37332,7.23,0.68
54131,11.106747,-64.839972,6.39,0.114
54132,11.107225,-16.531024,7.18,1.491
54133,11.107648,-50.956725,6.31,1.156
54135,11.108137,-58.675021,6.07,1.21
54138,11.108398,-13.417508,7.32,1.064
54143,11.109015,-62.424113,4.62,0.988
54144,11.109132,-21.166877,7.33,0.065
54147,11.109767,1.880276,7.31,1.153
54153,11.110792,-28.727597,6.76,0.035
54156,11.11138,56.091605,7.29,1.39
54157,11.111535,-13.002829,6.51,0.311
54159,11.111926,-52.950702,7.43,1.547
54160,11.112196,15.182066,7.43,1.615
54161,11.11223,17.737364,6.4,1.555
54169,11.113866,-70.87793,5.58,-0.07
54174,11.114539,-30.554973,6.68,1.086
54178,11.115058,1.955525,5.52,0.955
54179,11.115164,-58.79338,7.39,0.013
54180,11.115371,20.483509,7.5,1.058
54189,11.11802,25.537127,6.86,0.513
54191,11.118989,-32.587026,6.58,0.363
54197,11.120354,10.212233,7.31,0.458
54199,11.120538,-59.873105,7.42,0.138
54201,11.121308,-42.638681,5.15,0.029
54213,11.124387,-28.491266,7.46,1.16
54218,11.12515,21.150774,7.38,0.14
54221,11.126149,-48.639982,6.44,1.486
54224,11.126724,13.85882,7.32,0.551
54229,11.127696,23.323762,6.48,0.164
54236,11.13106,-38.407419,7.33,1.358
54241,11.131798,-30.174567,6.51,0.606
54248,11.133357,52.821647,7.36,0.583
54261,11.136157,-21.518581,7.5,1.057
54264,11.137086,-52.4022,6.85,0.408
54271,11.137715,-29.972486,6.47,0.029
54273,11.13804,-1.903114,6.66,0.997
54283,11.139404,71.958981,7.06,0.385
54286,11.139884,-0.840734,7.45,1.535
54290,11.140661,-65.428536,7.08,1.105
54302,11.142778,-61.947175,5.11,0.195
54304,11.143165,-58.975037,3.93,1.225
54306,11.143266,36.010831,7.32,0.941
54308,11.144308,-39.472239,7.11,0.068
54309,11.1444,-29.747345,7.23,1.069
54311,11.144665,17.200743,6.8,1.025
54313,11.144811,-86.23093,6.87,1.741
54316,11.145172,-57.065811,7.09,0.08
54318,11.145557,-28.08067,5.43,0.069
54328,11.146969,24.658464,5.7,0.081
54334,11.149173,-19.41647,6.92,0.019
54336,11.149323,59.215289,7.16,0.989
54345,11.150711,30.040442,7.1,0.868
54356,11.153794,-1.333259,6.82,0.165
54358,11.154285,57.87641,7.03,0.923
54359,11.154651,51.378987,6.82,1.484
54363,11.155291,-11.677781,7.35,1.56
54364,11.155302,36.309379,5.71,1.4
54378,11.160699,43.207736,5.89,1.564
54380,11.161062,44.498487,3.0,1.144
54381,11.161074,67.210208,6.07,0.225
54383,11.161398,-54.714809,7.07,-0.061
54384,11.16143,-58.837724,6.79,0.831
54393,11.16309,54.106586,6.9,0.866
54401,11.164831,-32.367529,5.79,0.027
54408,11.165439,32.531123,7.16,1.07
54411,11.166318,-29.794173,6.83,1.335
54412,11.167092,77.786795,7.03,1.607
54417,11.16806,-25.607553,7.25,1.103
54423,11.170374,-7.389401,6.81,0.613
54433,11.172503,22.701932,7.5,0.344
54434,11.172614,-36.095168,7.47,1.536
54439,11.174277,47.798011,7.25,0.469
54445,11.175219,7.891716,7.48,1.625
54446,11.175511,-25.99609,7.33,0.282
54452,11.176279,-32.563921,7.24,0.456
54454,11.176882,11.30164,7.16,1.504
54465,11.180572,-45.584332,7.08,1.386
54467,11.181029,21.335556,7.31,0.882
54471,11.18189,-58.455252,6.88,-0.087
54473,11.18207,81.731663,7.15,0.7
54496,11.188696,-1.394595,7.49,1.104
54513,11.191545,-71.436189,6.34,1.373
54514,11.192032,54.14939,6.68,0.225
54522,11.194302,-22.825847,4.46,0.025
54524,11.194554,-60.310819,6.68,-0.025
54527,11.195435,58.899798,7.35,0.644
54528,11.195488,14.400153,6.3,0.209
54532,11.196937,42.832109,7.19,0.553
54543,11.199401,-26.806114,6.43,0.924
54544,11.200326,-26.136667,7.05,0.76
54548,11.200991,-58.423355,6.24,1.495
54552,11.201536,-71.217458,7.01,0.024
54556,11.202832,61.204382,7.38,0.187
54558,11.202837,-46.266761,6.27,0.155
54561,11.203031,68.27187,6.4,0.127
54565,11.204108,-32.433793,6.35,1.683
54566,11.204116,36.892703,7.45,1.005
54571,11.205275,-29.782493,7.11,1.654
54574,11.206316,34.784659,6.93,1.103
54583,11.208437,-18.499862,6.11,-0.004
54585,11.208996,35.81408,6.41,0.6
54586,11.209191,-49.100996,5.37,0.175
54588,11.209667,-21.749339,6.39,1.381
54591,11.210005,-60.317625,4.59,0.541
54603,11.2123,-59.677608,7.23,-0.024
54604,11.212302,35.83013,7.2,1.024
54605,11.212347,54.894287,6.63,0.098
54607,11.212568,-64.16977,5.22,-0.082
54616,11.214019,-13.933463,7.09,0.512
54622,11.215721,-12.785237,7.22,0.315
54623,11.215757,-49.73609,6.12,1.055
54635,11.218086,-47.0552,6.65,0.634
54640,11.218518,-56.410058,7.41,1.682
54641,11.218769,67.322934,6.6,0.931
54647,11.220138,-26.46507,7.27,0.137
54651,11.220746,-44.372216,5.77,1.661
54653,11.221524,-50.122507,6.87,0.426
54656,11.221681,10.447278,7.45,1.22
54658,11.222147,33.44374,6.62,1.007
54668,11.225219,-59.619318,5.74,-0.106
54674,11.2263,55.415861,7.44,0.469
54679,11.227611,-53.231813,5.75,1.309
54681,11.227804,41.088837,6.33,1.15
54682,11.22806,-22.99874,7.29,0.232
54683,11.228053,20.128832,6.93,0.75
54688,11.22932,-0.069502,5.4,-0.02
54689,11.229946,49.856205,7.41,1.28
54693,11.230761,-52.855894,6.82,0.258
54696,11.231393,2.268483,6.75,0.398
54702,11.233843,8.060695,5.79,1.128
54712,11.235138,20.523717,2.56,0.128
54715,11.236265,-16.886147,7.08,1.001
54716,11.236902,-8.327821,7.12,1.603
54718,11.237335,15.42957,3.33,-0.003
54734,11.240121,20.030835,7.34,0.96
54740,11.241837,85.640133,7.31,0.236
54742,11.24231,-42.853041,7.29,0.367
54743,11.242373,5.99279,7.08,1.132
54747,11.242606,52.946901,7.46,0.881
54749,11.243812,-1.270824,6.63,1.112
54768,11.248368,-43.733703,6.22,1.606
54770,11.248531,-68.327887,6.98,1.627
54777,11.250671,-33.317744,6.98,0.374
54787,11.252381,-39.476955,6.87,0.108
54789,11.253397,23.095502,4.56,1.657
54798,11.254886,-19.63754,6.89,0.08
54805,11.255824,27.570999,7.13,0.267
54809,11.256156,-66.51194,6.86,1.9
54812,11.256556,-11.588182,6.86,1.589
54813,11.257097,15.113042,7.43,0.886
54819,11.258128,-41.057192,7.15,1.542
54821,11.258534,-42.612912,7.43,0.503
54824,11.259468,-38.258358,7.36,1.127
54836,11.261047,-12.592571,6.51,1.517
54839,11.261833,-22.915978,7.07,0.226
54840,11.261877,-57.355882,6.42,0.098
54850,11.263624,-39.323504,7.36,0.626
54853,11.264417,13.307578,5.31,1.189
54856,11.264913,-47.920858,6.54,-0.022
54867,11.265649,12.613575,6.82,-0.026
54870,11.266057,12.844803,6.66,0.29
54875,11.266711,-47.305784,7.28,1.071
54876,11.267103,64.907619,7.02,1.188
54881,11.26777,52.773161,6.51,0.437
54883,11.268788,-41.021639,7.01,0.094
54884,11.268917,-68.198361,7.18,1.52
54886,11.269187,78.308955,6.89,1.315
54889,11.26992,-3.47197,7.4,-0.21
54897,11.271946,59.943201,6.91,0.172
54900,11.272169,-34.667892,6.8,0.16
54905,11.274405,-45.880012,6.3,0.403
54912,11.27568,-28.129751,7.5,0.511
54918,11.276793,-3.966781,6.76,0.182
54921,11.277695,-3.651601,4.45,0.21
54923,11.278299,49.47625,5.88,1.102
54932,11.280139,-14.508341,7.37,1.292
54936,11.281117,-27.239529,7.26,0.94
54937,11.28142,-38.39874,6.88,1.1
54942,11.282662,-34.927339,6.89,1.384
54943,11.282827,-7.134689,6.11,0.211
54946,11.283346,-54.777046,6.77,0.423
54950,11.284113,-55.622583,7.41,0.015
54963,11.286282,-41.390472,6.85,0.328
54967,11.286672,-38.014367,6.24,0.105
54970,11.287315,-41.934326,6.46,0.015
54974,11.288167,2.010556,5.18,1.511
54977,11.288619,-67.823515,6.06,1.753
54985,11.290818,60.271783,6.65,1.037
54986,11.290986,-59.105394,6.7,-0.01
54990,11.291938,-63.476357,7.44,0.12
55001,11.29413,-34.737348,6.44,0.408
55002,11.294222,-33.547139,6.84,0.508
55003,11.294704,25.460394,7.38,0.139
55005,11.295245,-36.534227,6.67,0.976
55007,11.295642,27.362222,6.96,0.2
55010,11.296416,-22.145863,7.34,1.309
55012,11.296616,-59.207753,7.02,-0.08
55016,11.297598,-45.505786,7.2,1.071
55018,11.298253,-59.236402,7.14,-0.041
55030,11.300384,22.179948,6.84,0.925
55038,11.302486,-31.752318,7.36,1.129
55039,11.302584,-62.975333,7.38,1.213
55044,11.305504,-48.787417,7.31,0.051
55045,11.305845,11.984512,6.66,0.059
55046,11.306114,-5.067302,7.29,0.732
55054,11.307975,42.316355,6.94,1.009
55055,11.307983,33.094306,3.49,1.4
55058,11.308705,-60.244,7.46,0.222
55059,11.308837,56.194757,7.38,1.108
55061,11.309511,-79.668651,6.35,0.266
55064,11.310147,-24.343283,6.69,1.18
55074,11.312156,-58.186413,6.61,1.324
55077,11.31298,66.684241,7.1,0.279
55079,11.313441,35.489359,6.67,1.118
55085,11.315266,1.650395,5.9,1.04
55090,11.316639,14.268597,6.6,0.586
55092,11.317657,62.182674,6.93,1.117
55093,11.317724,-75.824893,7.37,1.728
55098,11.318505,13.390752,7.12,0.507
55102,11.318864,38.185557,4.76,0.113
55107,11.319627,-40.499908,7.36,0.251
55113,11.320986,0.723335,7.36,1.073
55116,11.321297,-64.582491,5.99,0.471
55118,11.322347,-14.778541,3.56,1.112
55124,11.322955,-1.654886,6.61,0.57
55129,11.323996,-28.475714,7.32,0.903
55138,11.325485,32.825133,6.57,1.035
55139,11.32564,-47.396335,7.15,1.261
55144,11.326824,-75.142452,6.26,-0.016
55152,11.328198,38.100877,7.21,0.404
55155,11.328288,-52.491909,7.32,1.187
55164,11.329892,-28.188902,7.06,1.129
55168,11.330781,-72.958291,6.46,0.004
55178,11.333484,-59.188056,7.3,-0.005
55186,11.334486,-71.994337,6.41,0.019
55192,11.335106,-67.049394,7.5,0.11
55198,11.336438,30.120487,7.22,1.566
55211,11.338586,-28.332234,6.68,1.124
55218,11.340686,17.311283,7.14,0.12
55223,11.341651,-45.728818,6.91,0.37
55225,11.342012,-10.294534,6.54,1.084
55226,11.342223,44.998288,6.73,0.34
55236,11.345246,-58.316793,7.47,1.258
55248,11.348259,67.100734,6.2,1.018
55251,11.348661,-58.703613,7.02,0.996
55254,11.349115,51.761192,7.32,0.399
55258,11.349731,4.88051,7.16,0.43
55260,11.350117,-54.491019,3.9,-0.157
55269,11.352276,6.029322,4.05,-0.058
55271,11.352424,-35.523932,7.4,0.276
55272,11.352449,-14.081276,7.44,0.356
55290,11.357442,6.634956,6.69,0.523
55301,11.359366,-61.226217,7.36,1.095
55305,11.359954,40.430983,7.23,0.522
55309,11.360482,-43.557716,7.12,1.025
55315,11.362769,-22.105247,7.34,-0.061
55318,11.363276,87.638483,7.5,-0.009
55320,11.363699,57.074857,6.43,0.161
55323,11.363945,9.168367,6.69,0.298
55332,11.365851,-77.608369,6.43,0.202
55351,11.370776,-56.602769,7.23,1.446
55353,11.370988,-58.386043,6.64,0.948
55361,11.372635,-39.104944,7.34,0.006
55363,11.373089,-44.645924,6.1,0.926
55366,11.374646,-8.84264,6.91,0.149
55368,11.374708,17.437007,7.03,1.064
55372,11.375466,-53.369848,6.77,0.037
55381,11.377814,35.026228,7.44,1.415
55384,11.378264,40.175472,6.58,0.483
55387,11.378972,-42.948012,7.41,1.673
55395,11.380442,43.482703,4.99,0.998
55396,11.380478,77.373444,7.44,0.464
55398,11.380883,31.828083,7.41,0.335
55399,11.380902,64.330513,6.02,0.085
55404,11.381869,-50.786684,6.87,1.067
55405,11.382507,-20.625506,7.48,0.216
55416,11.385596,-56.779355,5.82,-0.004
55423,11.386857,-36.164769,5.0,1.464
55424,11.387542,6.585819,6.9,0.864
55429,11.38815,-58.787467,7.14,1.22
55430,11.38832,0.13205,6.05,1.464
55431,11.388427,-23.706472,7.16,0.941
55432,11.389283,-64.954714,5.09,-0.061
55433,11.389415,-18.779973,5.08,0.439
55449,11.393916,17.142106,7.22,0.141
55463,11.396536,-36.089211,6.99,0.011
55475,11.39815,37.234831,6.93,0.259
55476,11.398736,10.529509,4.0,0.423
55479,11.399042,-57.880437,6.5,1.504
55484,11.400646,1.407765,5.39,0.938
55491,11.4031,-72.256608,5.55,0.017
55500,11.406044,-5.909976,6.94,0.541
55501,11.406127,-42.669102,6.13,-0.175
55507,11.407214,17.343672,7.44,0.982
55516,11.409586,48.605776,6.78,1.598
55521,11.410164,-10.859323,4.81,1.556
55525,11.411291,-61.647566,7.22,1.271
55534,11.413185,-22.832782,7.41,0.271
55539,11.414702,-17.68401,4.06,0.216
55541,11.415345,-63.432108,7.4,0.318
55547,11.416162,-2.212373,6.75,0.277
55550,11.416369,11.430292,5.8,1.376
55567,11.419784,5.739462,7.4,1.452
55569,11.419948,-73.632358,6.88,0.378
55574,11.420867,-18.607114,7.03,0.252
55590,11.424852,-36.063062,5.21,0.979
55597,11.425862,-37.747575,5.87,1.503
55599,11.426771,16.456539,5.58,0.39
55600,11.427282,29.987339,6.88,0.322
55604,11.427625,3.301137,6.73,0.207
55610,11.428322,-45.880373,7.04,0.965
55611,11.428437,-14.537327,7.16,1.454
55613,11.428717,-63.972475,5.18,0.495
55615,11.429372,26.747227,7.3,0.241
55625,11.430571,3.86011,6.35,0.345
55629,11.431667,-13.751317,6.52,1.72
55630,11.431982,52.132045,7.32,0.437
55631,11.43254,55.850459,5.73,0.988
55636,11.433885,-20.582285,6.72,0.203
55642,11.435752,22.708284,7.41,0.333
55650,11.438343,8.659555,6.73,1.407
55655,11.440434,33.450608,6.33,0.454
55663,11.442785,-21.356501,6.88,-0.011
55664,11.443174,-61.115167,5.22,-0.077
55679,11.445923,3.013102,6.49,0.778
55682,11.446467,-53.159915,5.8,0.517
55696,11.449907,-61.369321,6.72,1.983
55698,11.450228,-56.280171,6.68,1.197
55700,11.450662,-19.200592,7.24,1.24
55707,11.452644,-12.356749,5.93,0.49
55710,11.453384,33.124434,7.23,0.99
55725,11.455847,-24.169719,7.48,1.606
55732,11.458162,-39.876501,7.32,0.079
55733,11.458395,-12.435948,7.4,0.722
55739,11.459299,1.301497,7.41,1.003
55740,11.459449,0.956155,7.15,0.975
55745,11.460457,-25.860852,6.75,1.032
55761,11.461967,-60.49584,6.86,1.551
55763,11.462439,37.938192,7.27,0.573
55769,11.463995,45.185213,6.68,1.53
55774,11.464919,-1.699946,6.23,1.037
55777,11.465569,44.565829,6.84,0.387
55779,11.465622,2.856265,4.95,1.0
55783,11.465805,44.878492,6.9,1.131
55786,11.466297,-35.328849,6.44,1.614
55790,11.46724,11.973094,6.55,1.599
55793,11.467651,-0.897853,7.11,0.032
55812,11.471791,-72.473977,6.09,0.101
55814,11.473151,-23.826697,7.26,1.415
55815,11.47362,2.782969,7.24,0.503
55819,11.474223,-66.489269,7.5,0.082
55832,11.476227,-58.141998,7.2,-0.017
55833,11.476413,-42.674203,5.14,-0.028
55838,11.477295,-54.883582,6.79,0.167
55851,11.480848,42.79331,7.18,1.292
55852,11.481175,-16.594832,7.5,1.556
55857,11.482109,-43.479252,6.96,1.26
55861,11.483135,10.037925,6.97,0.482
55866,11.484412,-58.791839,7.47,0.23
55867,11.484481,39.336974,5.3,0.019
55868,11.484621,61.778368,5.83,0.382
55875,11.486008,67.458299,7.1,1.238
55882,11.487359,-4.451657,7.42,0.569
55883,11.487539,-63.553937,6.45,0.32
55887,11.488564,30.424539,7.18,0.472
55890,11.489219,-57.832441,7.21,0.042
55894,11.490072,-0.848897,7.03,1.355
55906,11.493279,3.779926,7.45,1.019
55909,11.493759,-28.030588,6.67,1.35
55910,11.493812,-10.062662,7.26,0.298
55911,11.494061,-24.464011,5.77,0.067
55912,11.494443,7.599373,6.73,0.521
55913,11.494957,15.413269,5.74,1.371
55914,11.495041,-38.456863,6.74,0.944
55916,11.495446,56.737573,6.29,0.157
55918,11.49593,-25.001966,7.2,0.636
55921,11.496727,-51.663007,7.39,0.419
55937,11.500207,-44.690739,7.45,1.547
55942,11.501201,29.96463,6.9,0.371
55953,11.503574,54.362235,6.52,0.937
55954,11.504559,37.953816,7.11,1.252
55959,11.505248,-3.003501,4.77,1.529
55962,11.50545,47.244606,7.43,0.96
55963,11.505742,-25.798607,6.59,1.055
55968,11.506896,46.657533,6.3,1.265
55970,11.507106,-59.627316,7.33,1.431
55978,11.507919,43.578489,6.67,0.912
55979,11.508065,18.409801,5.54,1.056
55980,11.508287,48.935711,7.39,-0.044
55981,11.508651,43.173242,5.94,0.524
55987,11.510769,-13.050263,7.06,0.384
55991,11.511883,56.746381,7.11,0.309
55993,11.512198,-39.235487,7.23,0.967
55998,11.513859,41.286874,6.95,0.456
56000,11.514302,-60.318064,7.26,-0.046
56003,11.514726,47.928918,6.4,0.879
56011,11.515247,28.45157,6.74,1.523
56013,11.515681,-41.926306,7.21,-0.055
56019,11.516969,32.316635,7.17,0.476
56026,11.519324,-44.967771,7.14,0.933
56027,11.519518,48.789575,6.54,0.937
56034,11.520847,-61.278463,6.28,0.473
56035,11.521823,59.70091,7.31,0.244
56042,11.523156,3.062703,7.47,0.316
56044,11.523407,69.331076,3.82,1.613
56051,11.52549,17.749804,7.1,0.007
56060,11.526542,-44.738465,6.96,1.531
56075,11.529153,14.364505,6.27,0.57
56076,11.529464,-59.442061,5.07,1.026
56078,11.529877,-20.776472,6.24,0.537
56079,11.529966,-73.902665,6.88,0.204
56080,11.53001,-60.606368,7.22,0.039
56083,11.530223,-59.515648,5.12,0.432
56086,11.530832,81.127257,6.12,0.264
56088,11.531012,24.311441,7.14,1.371
56090,11.531645,41.439395,7.35,0.617
56093,11.532391,-6.470528,6.74,1.05
56097,11.533272,-1.782379,7.34,0.003
56107,11.536814,36.247253,6.59,0.956
56112,11.53764,-12.396569,7.34,1.361
56113,11.53789,-29.261022,4.93,0.54
56119,11.538888,-66.961823,5.89,1.136
56120,11.539013,56.095366,7.5,0.488
56121,11.539097,61.08252,5.46,0.515
56124,11.539802,-26.746805,6.15,1.67
56131,11.542108,-29.141887,7.36,1.602
56132,11.54234,-59.717836,6.78,0.164
56149,11.546538,-7.827523,5.94,1.38
56150,11.546693,-40.436194,5.64,1.578
56152,11.547166,18.00235,7.26,0.513
56157,11.547618,-36.209201,6.68,0.593
56163,11.54837,-31.087226,5.13,1.581
56170,11.549419,-23.44382,7.45,0.262
56171,11.549458,84.706271,7.22,0.965
56174,11.550038,-31.857625,3.54,0.947
56177,11.550576,34.051457,7.22,1.32
56195,11.554117,-16.280381,6.05,0.59
56202,11.555483,3.362497,7.27,1.154
56210,11.557079,-70.194789,6.69,0.009
56214,11.558176,19.679936,7.01,1.28
56219,11.560096,2.499034,6.49,1.601
56222,11.560337,-40.586637,5.39,0.117
56241,11.565639,36.815614,6.38,1.057
56249,11.567713,-16.045915,6.99,1.463
56253,11.568597,-59.681512,7.26,0.473
56254,11.56864,65.242531,7.29,0.549
56260,11.56943,11.023864,6.54,0.188
56274,11.572607,-36.204559,7.42,1.291
56275,11.572598,-5.527104,6.76,0.343
56276,11.572764,3.060165,5.76,0.48
56283,11.574878,-32.83134,5.96,0.811
56296,11.577226,-57.152536,7.41,1.26
56304,11.57847,16.796915,5.95,-0.156
56311,11.579355,-54.264091,4.62,-0.077
56325,11.581911,-12.087424,7.24,1.083
56328,11.582473,-49.13649,5.5,1.041
56331,11.583029,-4.361291,6.43,1.167
56334,11.583787,-30.031886,7.22,1.086
56335,11.583803,30.508814,7.39,1.069
56336,11.584132,-30.724534,7.23,0.401
56337,11.584251,-53.242196,6.91,1.278
56338,11.584294,-56.122324,6.97,0.917
56339,11.584377,20.441545,6.45,1.01
56341,11.584695,54.785419,5.63,1.032
56349,11.58703,-47.37258,5.64,1.682
56350,11.587175,-60.894554,6.57,0.363
56351,11.587258,-35.612041,6.88,0.109
56366,11.592197,11.188607,6.61,1.039
56367,11.592466,-12.411172,7.15,0.459
56379,11.594675,17.874863,7.27,1.18
56381,11.595094,-61.28787,6.23,0.131
56384,11.595394,10.911281,6.57,0.139
56388,11.595822,-61.578061,7.34,2.215
56389,11.595912,-72.84194,6.53,1.161
56392,11.596363,-63.019841,3.11,-0.044
56404,11.598771,-47.641643,5.26,0.257
56414,11.600744,69.322952,5.19,0.974
56429,11.604059,3.301118,7.18,0.931
56432,11.604987,27.781351,5.8,0.248
56437,11.606215,-61.052433,5.84,-0.102
56443,11.607882,-61.665145,7.13,0.083
56444,11.607925,25.029799,7.01,0.199
56445,11.607975,-16.850106,7.08,0.561
56449,11.609489,6.106442,6.83,0.952
56451,11.609706,-33.570057,5.71,1.02
56452,11.609833,-36.121296,6.81,0.258
56453,11.609938,56.13535,7.16,0.71
56462,11.611294,-9.313072,7.4,0.061
56463,11.611313,-37.237187,6.3,0.062
56464,11.611365,-9.802247,4.7,-0.073
56470,11.612685,-24.439173,6.97,1.423
56478,11.615814,-0.823749,4.3,0.983
56480,11.616116,-38.959542,6.95,0.045
56486,11.616631,-22.948084,6.51,1.259
56487,11.616852,-61.283442,5.14,1.105
56488,11.617005,-32.988184,6.32,0.439
56497,11.61913,85.617323,7.32,0.39
56504,11.620749,-69.674216,6.62,0.518
56506,11.621074,-75.896544,5.64,0.362
56510,11.621624,6.270035,7.12,0.217
56514,11.622254,-12.347197,7.15,1.089
56517,11.623487,62.196371,7.33,1.577
56529,11.625721,-39.358842,6.85,1.571
56531,11.62611,-60.364906,7.05,0.228
56532,11.626114,-47.747309,5.46,1.23
56533,11.626138,-60.90323,6.56,1.276
56537,11.626425,-85.486474,7.47,0.409
56539,11.626876,44.716318,6.84,0.027
56541,11.627044,62.713076,7.24,0.38
56542,11.627199,-60.983146,7.34,0.01
56547,11.62842,77.595699,6.49,1.61
56552,11.629628,-31.218656,6.92,0.858
56557,11.630122,-63.323201,7.14,-0.012
56558,11.630127,-67.620379,5.94,1.013
56562,11.631395,50.618211,6.14,1.068
56570,11.633479,12.957442,7.41,1.394
56574,11.63439,-65.655875,7.4,0.1
56577,11.634707,-18.1918,7.42,0.079
56581,11.634887,31.880838,7.11,0.411
56585,11.635371,-61.826563,5.15,-0.04
56587,11.636064,8.883792,6.18,1.081
56588,11.636088,-63.196835,7.32,0.003
56590,11.636368,-45.749528,7.16,0.27
56600,11.638991,-63.372747,6.46,0.043
56601,11.639056,43.625429,5.56,0.348
56602,11.63914,-33.605664,7.28,0.056
56606,11.640019,-2.435901,6.22,1.119
56610,11.641002,8.134298,5.24,1.499
56615,11.642312,33.625829,6.29,1.325
56620,11.642645,46.834209,6.09,0.401
56628,11.64387,-72.368697,7.03,0.193
56633,11.644449,-13.201943,5.48,0.52
56639,11.645846,45.108416,6.29,0.566
56643,11.646403,-40.303119,6.95,0.964
56644,11.64661,-47.851234,7.09,1.301
56646,11.64698,64.346965,6.49,0.154
56648,11.6472,39.172579,7.32,1.621
56660,11.650122,-24.721093,6.4,0.821
56669,11.652532,-58.597731,7.15,1.052
56671,11.652963,-57.739527,6.97,-0.023
56683,11.656389,-51.424629,7.44,1.582
56692,11.658175,-37.431449,7.42,0.48
56693,11.658227,-65.397766,5.01,0.804
56694,11.658379,-13.184368,6.8,0.987
56705,11.660139,18.996735,7.2,0.42
56713,11.66098,-9.466176,7.39,1.036
56718,11.662632,-34.982033,7.48,1.671
56730,11.663982,-16.620229,6.17,1.579
56732,11.664201,-14.468529,6.21,-0.007
56733,11.664747,-45.803905,7.25,1.029
56735,11.664903,-50.485981,6.67,0.008
56739,11.665843,-33.449906,6.84,0.65
56740,11.666252,-38.108364,6.65,0.966
56744,11.667918,-59.00205,7.24,0.944
56748,11.668577,-61.185743,7.32,0.048
56751,11.669251,23.70816,6.88,0.3
56753,11.670221,-34.74466,4.7,-0.07
56759,11.671153,-62.432404,6.91,1.285
56762,11.671323,-28.496604,7.03,1.661
56764,11.67186,62.396523,7.08,0.55
56767,11.672356,-69.671744,7.27,1.3
56771,11.673356,0.952164,6.87,0.215
56774,11.674287,57.970404,6.35,-0.092
56790,11.67683,-8.405654,7.41,0.549
56791,11.676946,-62.568102,6.32,0.029
56798,11.67821,8.672197,7.34,0.22
56800,11.678468,-53.968607,5.95,1.67
56805,11.679742,21.35273,5.26,0.984
56810,11.680805,-9.917408,7.29,1.107
56816,11.681568,-62.090101,4.93,1.111
56818,11.682194,-0.674331,7.18,1.276
56822,11.683002,-55.573835,6.96,0.323
56823,11.6834,-54.548766,7.42,0.022
56826,11.683767,-83.099937,6.32,1.08
56828,11.684171,34.201635,5.31,0.723
56830,11.685,60.842511,7.03,0.868
56831,11.685674,-29.196274,6.44,0.651
56833,11.686013,-17.705343,6.99,1.135
56834,11.686257,-61.141066,6.78,1.311
56843,11.688836,-43.095667,5.54,0.044
56846,11.68959,-35.603694,7.08,0.262
56851,11.690614,-41.018261,6.86,0.59
56857,11.692368,-77.054693,6.93,0.402
56859,11.69286,31.746058,5.73,0.44
56863,11.693892,-63.829381,7.24,0.932
56874,11.695418,55.172011,6.28,1.491
56876,11.695541,-32.499404,5.2,1.475
56878,11.695727,-9.076763,7.22,0.824
56881,11.695915,-50.625474,7.38,0.401
56882,11.696204,41.237582,6.92,0.437
56893,11.698256,-60.230809,6.82,0.351
56901,11.699435,-24.385802,6.9,0.37
56908,11.70098,-20.294167,6.21,0.949
56909,11.7011,12.284915,7.08,0.498
56911,11.701443,22.211056,6.65,0.364
56912,11.702037,4.747342,7.28,0.617
56921,11.704124,-75.227317,6.48,0.528
56925,11.704671,-57.565104,7.08,-0.02
56936,11.707095,2.362111,6.94,0.488
56937,11.707256,-63.142372,7.31,0.02
56940,11.707889,66.744906,5.32,1.267
56947,11.709843,-29.639521,7.44,1.263
56955,11.712225,18.242048,7.39,-0.151
56966,11.715169,-79.306389,6.38,0.894
56967,11.71583,-9.119952,7.45,0.955
56972,11.718813,-72.44554,7.11,0.051
56973,11.719576,56.019749,7.47,1.49
56989,11.723049,-19.823295,7.05,1.596
56993,11.724219,-37.190155,5.98,1.449
57001,11.72519,-15.042825,6.93,-0.054
57003,11.725332,-62.489396,5.0,0.784
57004,11.725336,31.76204,6.79,1.085
57007,11.725937,-52.61966,6.85,0.996
57017,11.726839,-68.478725,6.99,0.387
57019,11.726955,-80.483478,6.61,0.084
57020,11.726989,41.722453,6.71,0.974
57026,11.729735,24.01033,7.4,0.874
57027,11.729734,-21.038297,7.32,0.435
57030,11.72991,52.395121,7.4,0.172
57039,11.731342,-62.87828,6.1,0.063
57041,11.731969,-9.132404,6.88,1.043
57042,11.731978,-6.677162,6.05,0.96
57045,11.732398,-29.747707,6.97,0.552
57068,11.73699,25.218327,6.02,1.533
57081,11.739937,-20.695766,6.85,0.136
57085,11.741455,48.516411,7.12,1.43
57105,11.745172,73.146798,7.04,1.392
57107,11.745529,28.670121,7.04,0.006
57111,11.746049,-18.350674,4.71,0.958
57119,11.74736,-58.703709,7.47,0.721
57124,11.747899,-73.150538,6.96,1.385
57125,11.748059,-36.409886,7.45,0.792
57134,11.750385,-0.517848,7.32,0.916
57148,11.753173,14.263335,6.51,1.165
57150,11.753512,-49.069843,6.26,1.174
57156,11.754733,8.258119,4.84,0.174
57167,11.756713,7.03003,7.06,0.954
57168,11.756949,-40.516502,7.0,1.003
57189,11.759735,35.894347,6.91,1.377
57190,11.760141,-66.728763,3.63,0.16
57198,11.762216,-45.690134,5.28,-0.118
57208,11.764322,6.529376,4.04,1.501
57226,11.767515,47.779406,3.69,1.181
57228,11.768414,7.174193,6.91,1.645
57263,11.774786,-24.4844,7.35,1.664
57266,11.775232,-61.178398,4.11,0.895
57270,11.775376,-40.500354,4.89,0.664
57278,11.77678,-64.76598,6.89,0.068
57304,11.782116,55.62819,5.27,1.276
57315,11.783587,23.720473,6.94,0.521
57324,11.78529,-35.906862,6.16,0.952
57325,11.785506,61.401859,6.59,0.242
57334,11.787731,-30.28651,6.48,0.681
57339,11.788654,-57.696498,5.42,1.664
57342,11.788867,-25.961473,7.33,0.266
57349,11.789614,-18.380682,6.82,1.25
57353,11.790615,-31.254771,7.32,-0.052
57356,11.791222,20.03376,7.36,0.495
57374,11.794832,-67.692285,6.75,1.064
57383,11.797231,49.822968,7.1,0.062
57389,11.798584,8.245895,5.31,0.038
57390,11.79899,27.340602,7.48,0.871
57392,11.799762,20.218931,4.5,0.547
57401,11.801083,-35.225308,7.1,0.756
57408,11.80403,-66.81491,4.75,1.522
57414,11.806524,-10.313105,6.24,0.585
57418,11.80702,28.417025,7.24,0.392
57421,11.807351,-23.090575,7.41,0.755
57431,11.810158,28.799937,7.05,0.076
57433,11.810753,14.28421,5.9,0.303
57434,11.810896,-35.986918,7.02,1.295
57438,11.811561,-14.344572,6.85,1.029
57440,11.812524,-26.749777,5.1,1.594
57456,11.817023,-0.31867,6.15,0.518
57457,11.81718,16.132445,6.84,1.066
57458,11.817501,-9.117931,7.41,1.075
57459,11.817663,14.57206,2.14,0.09
57463,11.818641,5.183366,6.55,1.152
57466,11.819578,67.328548,7.45,0.722
57468,11.819663,-7.360628,6.96,1.543
57470,11.820095,28.121405,7.37,0.933
57471,11.820205,-57.69156,6.86,0.1
57473,11.820774,16.242882,6.05,0.278
57475,11.820908,-6.89486,7.31,1.429
57480,11.823485,-60.425773,7.42,1.891
57484,11.824408,-46.067536,7.18,0.275
57496,11.828077,-63.788478,4.3,-0.149
57497,11.828258,34.931758,5.73,0.467
57507,11.82963,-13.652213,7.39,1.128
57523,11.832395,-70.22579,4.98,1.36
57528,11.833259,-40.276329,7.28,0.996
57547,11.837246,54.2526,6.74,1.074
57559,11.838779,-15.863667,6.13,0.947
57568,11.840911,-62.649381,5.68,0.233
57576,11.843663,-27.277936,6.48,0.98
57580,11.844439,-12.867092,7.24,1.527
57584,11.844922,1.764718,3.59,0.518
57585,11.845007,-33.141223,7.36,0.701
57606,11.848706,12.279037,6.37,0.294
57612,11.849477,33.604243,7.17,1.031
57618,11.85062,-5.333332,5.62,1.058
57619,11.850761,-13.323255,7.32,0.049
57626,11.851439,-27.080227,7.18,1.201
57630,11.852419,-45.17347,4.47,1.283
57632,11.852642,33.375013,6.25,0.345
57633,11.853039,-7.991624,6.87,1.232
57635,11.853609,-61.846153,6.51,0.255
57636,11.853651,-43.933057,6.62,-0.027
57640,11.8556,68.833862,7.23,0.179
57644,11.855903,-43.079697,7.0,1.168
57646,11.856084,-12.187811,6.34,0.41
57648,11.856868,11.805161,7.05,0.473
57668,11.861559,-30.834809,5.85,0.554
57674,11.863049,-41.247373,7.35,0.458
57675,11.863605,-64.595662,7.19,0.03
57678,11.864237,-65.20591,4.89,-0.123
57685,11.86599,8.829993,7.4,0.97
57689,11.867813,-49.401138,6.99,-0.1
57698,11.869537,-56.987741,5.56,0.069
57702,11.870055,-19.206192,7.42,0.294
57703,11.870663,49.931688,7.08,1.298
57712,11.87173,-51.314767,6.59,1.322
57725,11.87526,20.409987,7.26,0.47
57734,11.877448,-62.235219,7.23,-0.024
57740,11.878471,-52.49671,7.37,1.178
57747,11.879507,15.436321,6.83,0.222
57752,11.879801,-38.338717,7.49,1.464
57763,11.881813,-33.908124,4.29,-0.1
57767,11.88282,37.718679,6.42,0.754
57787,11.888005,-36.577356,6.62,0.333
57790,11.888969,-65.404411,7.34,0.005
57798,11.890783,-35.066645,6.17,0.089
57806,11.892695,-16.114977,7.43,1.2
57808,11.893316,-46.741748,7.22,1.005
57821,11.89532,73.756064,6.77,0.574
57825,11.896552,33.615274,7.0,0.323
57828,11.897168,53.69476,2.41,0.044
57829,11.897299,0.552114,6.31,0.207
57830,11.89735,40.9129,6.73,1.06
57834,11.897792,-3.776856,7.36,0.894
57867,11.903142,-30.907079,7.3,1.632
57868,11.903196,-57.410198,6.05,0.05
57884,11.907185,-37.748935,6.46,0.528
57886,11.907407,-56.969767,6.92,1.674
57907,11.911107,48.933128,7.32,0.95
57909,11.911816,-25.713887,5.26,0.883
57912,11.912396,-66.376198,6.38,0.406
57919,11.9139,-43.610885,7.43,1.257
57930,11.916672,-63.27918,5.89,0.21
57933,11.917012,-56.095986,6.7,0.646
57937,11.917537,8.443943,5.58,0.937
57939,11.918263,46.476846,6.54,0.117
57944,11.919813,46.469782,7.03,0.015
57946,11.920574,36.756378,6.47,1.581
57956,11.922937,38.756906,7.03,0.99
57958,11.923085,-41.90354,7.35,0.3
57960,11.923303,1.095916,7.16,0.402
57962,11.923476,25.522225,6.97,1.223
57964,11.924003,-5.134542,7.22,0.282
57975,11.925099,-24.857644,6.8,1.1
57984,11.927814,-28.477103,5.93,1.499
57985,11.927912,67.26492,7.29,0.568
57986,11.927926,15.646818,5.53,0.116
58003,11.931878,-39.689517,6.13,1.01
58004,11.931994,-22.184118,7.46,0.6
58007,11.932892,56.59856,5.83,1.101
58011,11.933397,35.340521,6.74,0.525
58014,11.933599,-17.150829,5.17,-0.022
58019,11.934321,40.647614,6.9,1.115
58032,11.937575,28.858508,7.29,1.056
58034,11.938107,35.448166,6.62,0.4
58038,11.939068,26.679636,6.79,0.382
58042,11.939676,42.013817,7.04,0.981
58046,11.940782,14.186229,6.74,1.46
58047,11.941565,34.903534,7.37,1.118
58050,11.94173,57.871571,7.47,1.335
58057,11.943789,65.242909,6.51,1.006
58067,11.945542,-47.072379,6.26,0.407
58073,11.945989,-10.724699,7.41,0.453
58084,11.948126,61.549213,6.22,0.955
58088,11.948775,-12.107909,7.13,0.503
58089,11.948952,-13.754559,6.54,0.592
58091,11.94932,-63.249091,7.21,-0.002
58093,11.950082,-4.782774,6.73,0.486
58097,11.951042,-33.315461,6.2,-0.044
58100,11.951414,-52.100283,6.52,1.072
58102,11.951862,40.288985,7.12,1.04
58112,11.954059,40.34374,6.6,0.513
58116,11.954469,-80.49469,7.45,0.4
58123,11.955138,-22.5382,7.48,0.5
58126,11.95568,-49.360114,6.68,0.349
58131,11.957134,26.762238,7.44,0.957
58132,11.957198,-61.123431,7.31,1.673
58141,11.958503,-38.496267,7.26,0.076
58142,11.958587,-27.055937,7.01,0.423
58151,11.961118,-62.448748,5.59,-0.152
58152,11.961777,17.467836,6.8,0.392
58154,11.962527,6.974627,7.33,1.295
58156,11.962584,-8.548713,6.58,0.568
58159,11.962846,-60.451346,6.83,1.057
58161,11.963222,-10.157599,7.41,1.125
58162,11.963498,8.989709,7.41,1.066
58170,11.965636,-27.707043,6.99,1.128
58175,11.966223,-65.32211,7.48,0.509
58181,11.966735,-56.864978,7.25,1.119
58183,11.966747,67.812096,6.96,1.153
58188,11.967688,-31.650939,7.09,0.478
58192,11.968323,-59.592744,7.45,-0.045
58193,11.968556,-4.370485,6.93,0.413
58194,11.968663,32.273907,6.42,0.331
58200,11.970264,0.8692,7.38,0.977
58201,11.970536,3.482008,6.7,1.618
58204,11.970898,-56.31731,5.44,-0.062
58205,11.971013,-47.9771,6.76,0.527
58213,11.972305,-40.947262,6.77,0.963
58214,11.972362,61.46456,6.74,1.054
58216,11.972547,-59.755235,7.35,0.022
58227,11.97502,-70.73999,7.01,-0.03
58231,11.975521,47.765397,6.93,0.413
58235,11.976481,-77.825416,6.73,0.214
58241,11.977485,-52.76871,7.48,0.226
58252,11.979907,-64.33956,5.59,0.174
58261,11.981771,-25.908857,6.42,0.038
58270,11.98426,0.53068,6.18,1.257
58275,11.985936,-10.475896,6.49,1.45
58277,11.986302,-45.83222,6.36,-0.081
58278,11.986352,-51.696761,6.04,1.277
58282,11.987387,-3.322671,7.49,1.628
58285,11.988205,33.167004,5.95,1.153
58288,11.989528,-30.060814,6.83,1.601
58290,11.989932,-57.167983,6.77,0.173
58291,11.989984,1.826719,6.82,1.457
58294,11.990451,-62.830948,6.34,0.317
58300,11.991184,-49.140307,7.39,-0.05
58302,11.992168,-35.308528,7.23,1.058
58305,11.992769,-1.918612,7.14,0.968
58307,11.993134,-46.633145,6.65,0.558
58309,11.993796,-78.221839,4.88,-0.054
58334,11.999142,3.655197,5.36,-0.001
58337,11.999273,34.034748,6.49,0.243
58344,12.001306,19.419373,6.94,1.57
58345,12.001437,-78.192934,6.58,0.241
58355,12.002751,36.729815,7.49,0.11
58367,12.004848,-36.285368,7.3,1.208
58370,12.005224,80.853186,6.21,1.61
58373,12.005692,-36.562702,7.41,0.288
58392,12.010425,69.185471,7.42,0.367
58399,12.011729,-21.837501,6.28,1.22
58401,12.012347,-10.446014,5.54,0.76
58410,12.014131,32.963878,7.46,0.438
58412,12.014211,-19.658982,5.28,-0.192
58415,12.014553,6.614322,4.65,0.122
58416,12.014638,70.237854,6.75,0.101
58428,12.017149,-1.768166,6.32,1.204
58441,12.020491,12.377788,6.93,0.106
58456,12.023248,66.12297,7.16,1.42
58457,12.023571,-34.050327,7.11,0.928
58467,12.024784,-57.503777,6.16,-0.004
58475,12.027037,64.939341,7.24,0.26
58476,12.027191,70.849861,7.24,1.111
58479,12.027635,36.042086,5.59,1.019
58485,12.028942,-41.828824,7.39,0.217
58486,12.028966,22.0943,6.57,0.661
58487,12.029046,-69.197892,6.95,1.249
58494,12.029477,-34.650317,6.91,0.586
58499,12.030799,-73.298538,6.87,0.043
58509,12.035239,43.0456,5.22,0.283
58517,12.037568,-52.529779,7.47,0.44
58522,12.039068,-85.631757,6.05,1.29
58531,12.041264,-71.488981,6.41,1.163
58533,12.041386,43.084081,6.64,0.86
58536,12.041944,-56.560455,7.38,0.043
58545,12.043815,-69.192288,5.89,-0.08
58566,12.047684,-7.683623,6.24,1.492
58569,12.048152,12.80739,7.48,0.383
58573,12.048988,-62.175287,6.78,0.043
58576,12.049954,-10.752393,7.44,0.435
58581,12.050298,-57.260132,6.69,1.386
58582,12.050418,-31.691663,7.41,1.287
58583,12.050447,-63.31293,4.32,0.28
58590,12.051859,-48.194944,6.61,0.24
58594,12.053668,-3.395423,7.5,1.15
58606,12.055873,81.688302,7.5,0.943
58607,12.056189,-55.321271,7.49,1.037
58620,12.059218,29.679112,7.35,1.502
58621,12.059861,-5.47958,7.15,0.127
58623,12.059885,69.019965,7.0,1.322
58624,12.060112,-39.009073,6.51,0.5
58628,12.060973,-42.434056,5.15,0.417
58634,12.062345,5.55775,6.39,0.476
58635,12.062369,-74.214096,6.44,1.198
58641,12.063244,-54.714811,7.45,0.465
58645,12.064501,-53.498205,6.99,0.876
58655,12.066763,-10.296122,6.59,0.315
58660,12.067804,-64.538943,7.35,0.029
58673,12.069159,-69.521972,6.74,1.139
58683,12.071277,21.459153,5.89,0.248
58684,12.07131,-51.472518,6.48,-0.046
58691,12.071896,4.931787,7.12,1.631
58693,12.072008,-63.165711,4.72,-0.081
58699,12.074583,85.587132,6.27,0.56
58703,12.076206,-31.187594,7.47,0.427
58709,12.077479,-68.328912,5.34,-0.012
58716,12.077923,35.567406,7.4,1.055
58720,12.07861,3.573108,7.14,0.937
58726,12.079242,-59.253287,6.3,-0.034
58730,12.079616,-76.519061,5.04,1.491
58731,12.079717,-61.996833,7.4,0.205
58746,12.082564,-60.968252,5.95,1.691
58750,12.083195,76.762235,7.31,0.431
58753,12.083374,-70.002175,7.43,1.692
58767,12.085724,-61.179576,6.64,0.896
58771,12.086654,-34.208989,7.46,1.653
58772,12.086755,73.454553,7.5,1.113
58773,12.086817,8.732985,4.12,0.967
58777,12.087451,76.905734,5.78,1.029
58780,12.088921,-50.270565,6.96,1.097
58781,12.088955,-49.007056,7.23,0.955
58785,12.089712,-62.975752,6.69,0.312
58804,12.092645,68.794303,7.39,1.074
58805,12.092892,51.931185,7.09,0.632
58806,12.093067,-5.845882,6.62,1.491
58814,12.094371,62.93312,6.14,1.178
58823,12.09719,-69.573053,7.38,0.019
58827,12.098229,-65.546879,6.3,0.152
58832,12.099075,-35.693926,6.23,-0.073
58835,12.099948,-3.131591,6.37,0.997
58839,12.100228,23.204659,7.49,0.36
58840,12.100387,-54.257758,7.03,1.065
58841,12.100378,68.698679,7.1,0.464
58844,12.101446,-32.961231,6.49,0.623
58853,12.102427,-69.125448,7.17,0.553
58854,12.103079,-73.556785,6.55,1.838
58858,12.103613,-38.675667,6.91,1.391
58864,12.104569,-22.796268,7.28,0.986
58869,12.105536,-68.651405,6.23,1.237
58873,12.106404,-65.709453,5.95,0.613
58878,12.110517,-37.860102,6.63,1.017
58884,12.112337,57.600559,7.27,0.387
58891,12.113146,-12.240848,6.77,0.323
58895,12.114687,-64.61373,4.14,0.353
58910,12.117041,-23.766264,6.93,0.513
58916,12.118228,-78.741116,7.48,0.272
58921,12.119655,9.662886,7.4,0.367
58922,12.119674,12.985465,7.1,0.016
58930,12.120806,-6.765573,7.07,1.42
58933,12.121136,-64.681773,6.81,0.465
58942,12.123033,-43.24651,7.21,0.422
58946,12.124431,-18.190758,7.07,1.195
58955,12.125762,-45.581158,7.31,0.015
58956,12.125782,4.513164,7.45,0.972
58957,12.126474,-31.410561,6.72,0.532
58965,12.127509,-23.975875,6.72,0.613
58973,12.130565,-75.367019,5.17,1.278
58985,12.133497,0.6213,6.98,0.4
58994,12.134788,-50.661278,4.46,-0.163
58995,12.134904,31.049743,7.43,0.023
58996,12.135274,39.655497,7.33,0.515
59005,12.137422,-48.692487,5.34,-0.01
59009,12.138399,58.556794,7.46,1.022
59012,12.138732,-34.674936,6.75,1.069
59016,12.13931,-50.722425,2.58,-0.128
59019,12.140204,-60.847128,6.22,1.733
59020,12.140225,-24.728875,4.02,0.334
59030,12.143681,26.493547,6.97,1.023
59037,12.145242,-18.435421,7.14,0.43
59048,12.148234,49.185348,7.42,1.03
59049,12.148281,-44.325989,5.75,0.24
59052,12.148497,-41.231605,5.51,-0.097
59063,12.152167,-78.781312,6.85,0.254
59066,12.153592,17.186095,7.22,1.63
59085,12.156449,-63.82032,6.94,1.009
59086,12.156551,-59.769258,7.16,-0.061
59091,12.157724,38.631842,7.39,0.307
59092,12.157926,-11.857064,6.81,0.666
59097,12.160185,-52.144034,7.2,-0.063
59099,12.160365,40.252055,7.46,0.794
59100,12.160604,-67.454156,7.45,0.101
59101,12.160779,-58.349655,7.39,0.163
59104,12.161475,1.897889,5.95,1.12
59109,12.16295,-51.783876,6.74,0.921
59110,12.163078,74.661368,6.34,0.511
59112,12.163264,-5.225745,7.23,0.397
59113,12.163619,77.390427,6.87,1.032
59125,12.167376,-34.704742,6.16,0.03
59127,12.167616,5.807008,5.72,0.352
59131,12.168276,-17.537387,6.63,0.48
59134,12.168746,-22.619766,3.02,1.326
59135,12.168852,16.426908,7.05,1.331
59154,12.171909,-19.769855,7.48,1.494
59164,12.174219,-7.773975,6.55,0.218
59166,12.174395,29.068194,7.48,0.994
59168,12.174619,-24.958867,7.48,0.092
59170,12.175453,16.809271,6.4,0.07
59171,12.176058,-37.870349,6.07,0.19
59178,12.178357,-56.442308,6.97,0.127
59182,12.179471,27.281505,6.01,0.123
59184,12.17981,39.891509,6.85,0.28
59185,12.180074,-9.397219,7.5,0.996
59191,12.181191,-28.067889,7.33,1.102
59202,12.183354,81.709832,6.0,1.618
59207,12.183672,-68.260966,6.48,1.352
59208,12.183763,8.717534,7.34,1.143
59210,12.184143,-45.422866,6.61,1.086
59212,12.184401,-23.602423,5.45,0.055
59213,12.184772,-61.277425,6.08,0.398
59215,12.184969,-56.401356,7.33,0.117
59221,12.185953,-83.778191,7.38,0.106
59240,12.189388,-3.778869,6.95,0.45
59241,12.189454,-2.699109,6.74,1.074
59244,12.189697,-16.790841,6.88,0.77
59251,12.191274,-44.282851,6.59,0.467
59257,12.192098,-51.359333,6.23,0.816
59258,12.19225,34.258676,7.3,0.406
59266,12.193913,-54.417636,6.8,0.558
59267,12.194202,-52.36846,3.97,-0.156
59269,12.194509,4.055908,6.93,0.146
59270,12.194526,-10.570607,7.13,0.917
59275,12.195635,-64.948789,7.04,1.088
59276,12.195806,57.054408,6.34,1.505
59277,12.19613,23.322499,6.73,1.04
59281,12.19676,77.440787,6.76,0.042
59283,12.197022,-19.929289,7.44,0.47
59286,12.19755,25.87028,5.66,1.401
59300,12.199729,-25.941481,7.43,1.212
59305,12.199961,-63.380799,7.45,0.376
59306,12.200212,-64.510405,6.54,0.266
59307,12.200281,28.536313,6.47,0.428
59319,12.202581,20.542064,5.6,0.961
59320,12.202862,-63.454115,6.98,0.097
59322,12.203311,77.616241,5.14,0.358
59328,12.204904,5.8728,7.4,0.991
59329,12.204957,55.70588,7.2,1.223
59335,12.206106,-62.950773,5.91,0.253
59346,12.207057,-60.067804,6.82,0.262
59349,12.208003,-33.405007,7.23,0.195
59350,12.208012,-3.084472,7.43,0.701
59359,12.209945,-52.777496,7.38,0.121
59363,12.211692,-2.472731,7.3,1.488
59366,12.212676,51.939964,7.28,0.876
59369,12.213063,-70.151787,6.05,1.78
59370,12.213345,-37.527106,7.43,1.423
59378,12.214474,-59.65531,7.08,1.391
59406,12.220263,-34.125272,6.34,1.449
59412,12.221362,30.28304,7.42,0.291
59425,12.223623,-38.929188,5.77,-0.144
59426,12.223872,10.262341,5.85,0.262
59428,12.224864,10.041638,7.41,0.635
59440,12.22689,-33.792919,6.34,0.071
59464,12.232159,2.260221,6.91,0.903
59465,12.232354,-78.573934,6.34,1.234
59470,12.233629,-32.386963,7.38,0.758
59472,12.234085,-45.723919,5.31,1.4
59476,12.234904,66.109294,6.74,1.313
59477,12.235056,-36.728999,7.18,0.183
59478,12.235151,32.784205,6.86,1.14
59494,12.237627,-5.716599,6.56,0.277
59496,12.238036,-64.408519,6.2,0.075
59497,12.238071,-66.548693,7.12,-0.015
59498,12.238364,26.504797,7.41,0.924
59499,12.238358,-33.779118,7.38,0.214
59507,12.240608,-66.524587,7.43,-0.008
59508,12.240924,8.782384,7.5,0.616
59510,12.240976,23.661217,7.34,0.661
59519,12.243606,39.342253,6.96,1.6
59525,12.245037,-24.775182,7.47,0.711
59526,12.245394,53.434626,6.18,1.061
59544,12.249295,-41.139424,7.49,0.649
59546,12.249884,-20.84422,5.82,1.052
59550,12.250005,-1.326592,7.49,1.025
59551,12.250059,-56.103615,7.35,1.3
59560,12.251778,-29.237256,6.5,1.086
59561,12.251825,-7.257327,7.34,0.815
59564,12.252366,70.200008,5.72,1.179
59565,12.252427,-58.748928,2.79,-0.193
59568,12.252933,-10.3124,6.11,0.47
59571,12.253771,16.90744,6.82,1.187
59578,12.254344,47.115501,7.28,1.01
59584,12.255737,87.700115,6.27,0.346
59592,12.257086,57.032617,3.32,0.077
59602,12.25853,-14.072071,7.4,1.36
59603,12.258477,-41.913278,6.24,1.002
59607,12.259518,-31.690193,7.49,1.619
59609,12.260156,-20.529475,6.85,1.161
59614,12.261529,72.551196,6.29,1.145
59619,12.262973,-23.353902,6.53,0.46
59621,12.263437,-17.541929,2.58,-0.107
59625,12.26386,-13.816701,7.31,1.595
59626,12.264658,-6.16041,7.47,0.929
59629,12.26544,-54.056809,6.61,1.645
59637,12.266719,14.899071,5.09,0.068
59649,12.268763,40.66018,5.69,1.586
59654,12.269908,80.125082,7.22,0.348
59661,12.2713,-3.235552,7.46,0.411
59665,12.272372,23.945409,4.93,0.957
59667,12.272908,-5.84573,7.38,1.33
59669,12.273293,-72.614499,6.21,-0.006
59674,12.27504,33.061527,4.99,1.14
59682,12.277314,-63.197904,6.97,0.6
59685,12.278382,39.59295,7.21,0.197
59698,12.280409,86.435819,6.33,0.437
59699,12.280579,56.281466,7.28,1.238
59701,12.281025,-26.598463,7.29,1.015
59712,12.284259,-16.693736,6.05,0.113
59715,12.285095,-65.692958,6.06,0.021
59737,12.291551,53.191331,5.8,1.33
59740,12.291827,28.937189,5.71,0.16
59742,12.292209,-48.925585,6.81,0.574
59746,12.292917,-67.960736,4.06,1.603
59747,12.29297,-40.004447,7.21,1.484
59758,12.295628,15.1447,6.36,1.384
59760,12.296042,-63.61615,7.42,2.091
59767,12.296464,-36.093979,6.15,0.008
59781,12.298693,-57.850149,6.75,1.584
59782,12.298756,-24.01341,6.95,0.1
59799,12.302559,-3.954113,7.08,0.41
59800,12.302659,-3.948779,6.57,0.363
59803,12.303083,-52.306289,6.84,-0.062
59804,12.303113,27.300586,7.47,0.17
59809,12.303798,-20.840399,7.31,0.623
59816,12.305812,-79.31224,4.24,-0.123
59823,12.30682,-31.495246,7.49,0.498
59826,12.307298,-64.003071,4.06,-0.168
59827,12.307407,-20.809776,7.43,1.682
59829,12.30767,8.064974,7.27,1.039
59830,12.308077,32.748898,6.68,0.237
59834,12.308781,30.249047,6.23,0.31
59835,12.308922,-8.904421,7.49,0.586
59846,12.311199,-0.787184,5.9,0.168
59856,12.31298,-88.414921,6.63,-0.068
59860,12.313901,75.160561,5.47,0.054
59875,12.316608,-55.143002,5.01,1.6
59876,12.316906,-13.542316,7.35,0.308
59882,12.317229,26.008349,6.44,0.18
59889,12.318459,40.312787,7.16,1.0
59890,12.318474,16.548297,7.04,0.604
59902,12.321893,-16.273863,7.33,1.615
59903,12.321998,23.034673,6.26,0.177
59904,12.322276,-8.914658,6.84,1.094
59905,12.322287,14.541639,6.52,1.119
59914,12.324873,28.156916,6.38,0.523
59918,12.325594,-32.588826,7.45,0.305
59926,12.327773,-49.502131,7.41,1.132
59935,12.329366,-76.801016,6.85,0.445
59938,12.330199,48.984148,5.28,1.623
59939,12.330729,28.464352,6.64,0.183
59944,12.331585,-62.854185,6.81,0.248
59945,12.331766,-0.666803,3.89,0.026
59948,12.332022,-26.736931,6.6,1.6
59949,12.332037,5.671641,7.28,0.317
59950,12.332119,-48.316518,7.36,0.255
59954,12.332823,-41.359687,7.0,0.873
59966,12.334683,13.855053,6.94,1.08
59973,12.336326,-22.1757,5.94,0.824
59977,12.337086,37.902134,6.73,1.0
59981,12.337768,-64.647783,7.14,1.072
59983,12.338019,-4.510285,7.16,1.118
59984,12.338267,26.001875,6.16,0.306
59986,12.3388,26.619482,5.52,1.091
59988,12.339161,3.312574,4.97,1.172
59991,12.339737,66.391176,7.12,0.066
59995,12.340928,61.309639,7.21,1.766
59998,12.341183,-65.842656,6.2,-0.041
60003,12.34268,-22.215901,5.2,-0.09
60007,12.343284,63.67026,7.22,1.032
60013,12.344827,27.054545,6.32,0.394
60017,12.345286,17.792868,4.72,1.01
60025,12.346866,15.540988,6.47,1.025
60027,12.347461,57.864118,5.54,1.452
60034,12.348371,-47.454626,7.11,0.252
60036,12.348809,-13.565724,5.14,1.048
60044,12.350683,45.514721,7.39,0.966
60045,12.350946,25.031657,7.31,0.88
60047,12.351135,38.023826,7.48,0.982
60049,12.351831,-42.561998,6.83,0.072
60059,12.353095,34.686677,7.13,1.078
60073,12.355871,-62.281634,6.56,0.79
60075,12.356031,-60.401147,3.59,1.389
60081,12.357428,24.997028,7.38,0.286
60105,12.362534,21.87274,7.41,0.541
60106,12.362953,-49.948962,6.58,1.467
60113,12.364198,-4.386404,7.34,1.564
60120,12.365629,47.182202,6.33,1.115
60123,12.365953,-56.374385,5.91,1.533
60126,12.367058,33.090701,7.48,1.04
60128,12.367243,16.74473,6.67,0.061
60131,12.367873,61.591395,6.74,1.104
60135,12.368713,-67.522105,5.15,0.195
60138,12.369061,-35.511965,7.02,0.95
60142,12.369675,24.773866,6.21,-0.012
60144,12.370009,-68.307316,5.73,1.038
60149,12.370846,-73.503706,6.77,0.161
60153,12.371805,-15.555406,6.54,1.238
60164,12.374052,-24.236586,7.01,1.154
60166,12.375087,25.84616,4.78,0.515
60168,12.375566,5.305444,6.46,0.567
60171,12.375856,48.352859,7.41,0.201
60185,12.379105,-39.177681,6.7,0.639
60189,12.379611,-52.293048,6.52,1.01
60194,12.380403,-57.676132,5.38,-0.098
60203,12.381915,-14.662898,7.47,0.468
60209,12.38335,-64.730341,7.12,1.121
60212,12.38336,-24.871218,6.82,1.063
60222,12.385983,-7.299125,6.96,0.98
60229,12.387314,-37.489783,7.16,0.322
60232,12.387389,-67.631546,6.36,0.887
60233,12.387602,-4.974503,6.47,1.189
60236,12.388574,-11.812117,6.48,1.64
60240,12.38933,-24.840669,5.66,1.153
60251,12.390988,-6.118794,7.18,0.477
60254,12.39166,24.593255,7.4,1.064
60264,12.393174,-35.412677,5.32,-0.066
60268,12.393541,-39.30236,6.39,0.285
60269,12.393805,-61.629126,6.89,0.67
60273,12.395061,-63.87008,7.41,0.146
60277,12.395765,-38.911381,5.79,-0.064
60281,12.396397,42.542743,6.03,0.366
60282,12.396619,-30.335415,6.39,1.572
60288,12.397971,-19.225598,7.45,1.071
60299,12.400414,51.562257,4.76,0.877
60300,12.400623,-19.571858,7.44,0.448
60304,12.400962,25.851232,6.71,0.244
60317,12.403594,-38.913814,6.88,0.272
60328,12.405146,26.098606,5.17,0.082
60331,12.405946,-47.372937,6.61,-0.049
60332,12.406008,-10.475111,7.43,0.973
60339,12.407446,25.582404,6.41,0.276
60340,12.407824,-77.214696,6.98,1.515
60353,12.410595,41.332359,7.21,1.313
60360,12.411782,-60.90413,7.14,1.193
60363,12.412425,-41.384289,6.24,1.169
60371,12.413735,-58.119687,7.11,0.69
60375,12.414437,-72.603897,6.61,-0.001
60384,12.415545,-65.211012,6.92,0.11
60385,12.41582,42.854737,7.12,0.368
60398,12.41756,56.777828,5.82,1.622
60402,12.418069,60.697354,7.38,0.569
60403,12.418437,63.802781,6.31,0.919
60405,12.419041,-42.514312,6.1,0.652
60406,12.41913,-48.309101,7.22,1.591
60409,12.419935,-11.61059,5.95,0.043
60412,12.420568,-25.986433,6.85,0.397
60413,12.420863,23.926202,6.03,1.094
60415,12.421551,-65.769853,6.29,0.965
60417,12.421781,-27.749002,6.09,1.272
60423,12.422706,-35.186417,5.71,-0.066
60451,12.427299,-86.150613,6.32,1.065
60457,12.429557,-64.022088,6.99,0.537
60459,12.43082,39.018616,5.01,0.955
60468,12.431892,4.199755,7.44,1.11
60476,12.433228,-14.947781,7.15,0.505
60479,12.433567,2.042004,7.33,0.059
60480,12.433663,-49.588236,6.92,0.092
60484,12.434244,15.863942,6.74,1.095
60509,12.440018,27.268237,4.92,0.277
60510,12.440107,71.929827,6.33,1.028
60522,12.442158,-51.450635,4.82,-0.141
60524,12.44239,55.159451,7.03,0.105
60530,12.443311,-63.099092,0.77,-0.243
60541,12.44676,-48.913191,6.25,0.674
60543,12.447183,51.205785,7.37,1.414
60547,12.447692,-32.830121,5.56,0.007
60554,12.448966,28.268423,4.35,1.128
60556,12.449679,-52.702933,6.99,1.201
60558,12.449805,26.825699,4.98,0.088
60565,12.450718,-61.385229,7.32,0.91
60573,12.454588,-55.734952,7.14,-0.008
60583,12.456899,-63.788986,6.02,0.052
60587,12.457332,-28.716236,7.44,0.384
60592,12.45801,-58.316445,6.35,1.612
60593,12.458019,-58.991756,5.38,1.543
60601,12.459139,28.108961,7.05,1.209
60602,12.459193,17.834339,7.44,0.96
60603,12.459206,41.355058,6.51,0.559
60607,12.459754,55.712724,5.68,1.582
60609,12.460657,25.912106,6.69,0.18
60613,12.461152,-24.727327,7.32,1.039
60616,12.461689,8.610344,6.36,0.935
60621,12.463735,-16.631844,6.3,0.868
60625,12.464319,-4.615277,6.23,0.43
60628,12.465415,-8.677994,6.75,0.584
60630,12.465797,-18.609749,7.46,1.176
60633,12.467167,-14.450935,6.81,1.466
60635,12.467331,-50.230635,3.91,-0.192
60637,12.467415,-68.732593,7.43,0.467
60643,12.467913,44.794311,7.5,0.58
60651,12.470338,-53.576973,7.48,1.042
60657,12.471343,-61.765709,6.82,0.67
60662,12.471782,4.396559,6.72,0.15
60663,12.472025,-64.340989,6.05,0.022
60667,12.472908,-39.041172,5.45,-0.073
60673,12.473805,-61.794842,6.21,1.253
60682,12.476029,-56.407816,6.15,0.92
60692,12.477265,26.226959,6.52,0.215
60695,12.477525,49.635493,7.09,0.14
60703,12.479047,25.899323,6.63,0.212
60715,12.481863,25.912852,5.29,-0.056
60716,12.481908,-61.870914,6.93,-0.06
60723,12.4835,-83.80267,6.61,0.003
60734,12.48561,-34.834423,7.07,1.43
60736,12.486025,-2.429564,6.86,1.63
60748,12.489679,66.893909,7.03,0.906
60752,12.490845,24.108925,5.47,0.445
60753,12.491156,4.838235,7.14,0.407
60755,12.491975,-66.860487,7.32,0.308
60768,12.495344,20.896109,5.68,0.093
60771,12.496341,14.650189,7.28,1.25
60776,12.497739,-16.515432,2.94,-0.012
60780,12.498388,-56.52494,5.78,1.572
60789,12.499267,58.405742,5.37,0.205
60790,12.499413,-41.735901,6.0,1.515
60795,12.500126,-42.92961,6.7,1.685
60798,12.500535,-6.023407,7.35,0.428
60799,12.500815,51.535631,6.21,0.536
60804,12.501178,58.767773,6.07,0.988
60805,12.501327,-13.393184,6.37,0.591
60809,12.501868,69.201123,5.01,1.621
60810,12.502075,17.895619,7.38,1.515
60826,12.504846,-23.696419,5.63,1.67
60828,12.50493,-72.985237,7.08,0.273
60830,12.505427,-60.989893,6.68,0.452
60846,12.509384,9.715743,7.46,0.481
60848,12.509561,3.508232,7.34,0.901
60856,12.511851,-73.088718,6.95,1.096
60864,12.513925,53.076608,6.2,0.568
60865,12.513975,-4.060803,6.86,1.43
60868,12.514889,71.299926,6.95,1.019
60872,12.515388,-30.677541,7.46,0.26
60873,12.515428,76.686977,7.43,1.188
60876,12.516169,65.897853,6.93,0.211
60879,12.516823,24.567168,5.47,0.056
60880,12.516871,31.423834,7.33,0.534
60884,12.517578,23.773105,7.12,0.624
60887,12.517883,39.582047,6.79,1.044
60890,12.518446,16.614119,7.47,1.13
60892,12.519365,-19.594158,7.31,1.137
60893,12.519429,-57.113212,1.59,1.6
60902,12.521003,-52.792352,7.35,1.456
60912,12.522616,7.604309,6.05,1.523
60917,12.523708,-9.181616,7.19,1.002
60923,12.525215,33.015028,7.45,0.412
60942,12.527365,-30.981893,6.73,1.061
60943,12.527423,-5.052592,6.19,1.041
60945,12.527871,-59.423922,5.49,0.622
60963,12.531362,-58.290615,7.09,0.418
60964,12.531429,-20.981648,7.26,1.113
60966,12.531874,68.514728,7.37,0.529
60967,12.53226,-63.505838,5.96,0.263
60971,12.533115,-41.055133,6.97,1.228
60975,12.533836,-56.288366,7.43,0.028
60978,12.534155,74.811532,7.42,1.089
60981,12.534553,-32.533761,6.46,0.172
60982,12.534569,-1.772358,7.31,0.644
60983,12.53451,-16.196007,4.3,0.388
60988,12.535781,-56.129539,6.54,1.68
60989,12.536089,-73.001056,5.88,1.078
60990,12.53609,-27.566204,7.16,1.511
61001,12.53852,-79.783843,7.1,0.068
61008,12.541134,-72.132988,3.84,-0.157
61016,12.542448,-21.212116,6.41,1.11
61020,12.543334,-13.859105,5.74,0.376
61022,12.543689,-24.200905,7.5,0.239
61028,12.545479,-45.459742,7.34,0.429
61039,12.547242,-30.044734,6.79,0.864
61043,12.548354,-16.660108,7.46,0.992
61053,12.5508,10.295671,6.29,0.953
61055,12.551759,-47.0455,7.35,0.981
61064,12.553389,-52.082844,6.55,-0.024
61067,12.55447,-50.65054,7.3,0.538
61076,12.556181,-19.792549,6.26,0.304
61087,12.558006,-41.414071,6.7,0.237
61088,12.558058,69.788238,3.85,-0.116
61090,12.558286,38.06904,6.53,1.044
61097,12.558935,24.448734,7.24,1.65
61098,12.558873,-68.755807,7.13,0.836
61099,12.559054,7.679185,6.96,1.049
61100,12.559453,72.479108,7.5,0.571
61102,12.559506,24.282984,6.28,0.114
61103,12.559516,-12.830203,5.58,0.861
61116,12.56081,33.247584,5.42,1.011
61117,12.560864,44.096242,7.48,0.536
61118,12.560892,-44.184063,7.36,1.549
61122,12.561883,75.212519,7.03,1.308
61124,12.562411,41.35748,4.24,0.588
61125,12.562986,-9.452077,5.48,-0.035
61127,12.56317,33.384668,6.24,1.051
61132,12.565288,-17.078232,7.35,1.03
61135,12.566433,-49.90981,6.38,0.428
61141,12.567618,46.747684,7.28,1.07
61143,12.568016,-23.545957,7.44,1.127
61149,12.569128,-50.060266,7.24,0.157
61152,12.569322,-18.195158,7.26,0.595
61154,12.569943,-32.092729,6.98,0.225
61158,12.571298,80.250558,7.28,0.376
61165,12.573106,-1.40761,7.07,1.154
61166,12.573121,-23.396759,2.65,0.893
61173,12.575215,7.734714,6.76,1.086
61186,12.578448,-44.673018,5.76,0.683
61191,12.578902,70.02177,4.95,1.312
61202,12.580857,22.629259,4.8,0.012
61203,12.580997,85.732194,7.21,0.249
61212,12.581794,-67.756894,6.11,1.514
61222,12.5851,18.377065,6.57,0.265
61225,12.585489,18.377058,5.03,1.152
61227,12.585602,21.881384,5.86,1.242
61231,12.586373,36.425382,7.3,0.46
61235,12.587764,2.260991,7.04,0.478
61250,12.591563,-61.841576,6.22,0.731
61251,12.591627,-61.740805,6.6,0.475
61256,12.592554,-12.02109,6.7,0.938
61267,12.594277,-17.150369,7.12,0.406
61270,12.595213,-16.826107,6.68,0.377
61275,12.595987,-41.021945,5.12,0.224
61278,12.596481,39.683691,7.28,-0.024
61290,12.597714,69.013703,7.4,0.713
61293,12.597988,-12.069135,6.61,0.36
61294,12.598082,45.780973,7.28,1.603
61303,12.599665,-20.527476,6.2,0.34
61305,12.600289,-39.869505,5.78,0.003
61306,12.600346,32.004045,7.37,1.35
61319,12.602843,56.8255,7.23,1.18
61320,12.603407,-52.417718,6.56,1.63
61344,12.607286,-67.171003,7.26,-0.031
61351,12.610561,-39.326291,6.72,0.998
61364,12.61295,-50.335394,6.4,0.026
61365,12.613154,-5.831898,5.88,0.072
61369,12.614108,-15.572332,7.46,1.072
61371,12.614596,70.184724,6.54,1.408
61378,12.616204,17.089536,5.7,1.436
61385,12.618563,-2.322103,6.95,0.484
61386,12.618783,8.796868,6.61,0.25
61392,12.619739,-69.135564,2.69,-0.176
61404,12.622094,79.215482,6.99,0.633
61406,12.622569,-8.300317,7.02,0.051
61426,12.627535,38.684374,7.34,0.495
61428,12.628409,-27.138888,5.41,0.334
61429,12.628394,-48.541304,3.85,0.049
61435,12.631062,4.288609,6.99,0.092
61438,12.632357,54.853125,6.89,0.933
61442,12.6337,-69.603175,7.38,0.889
61444,12.63456,3.282444,6.33,0.0
61446,12.635353,-55.931218,6.95,0.15
61465,12.639557,1.854662,5.68,1.592
61471,12.640494,-38.797138,7.37,0.979
61481,12.642442,45.217091,7.21,0.409
61483,12.643081,13.80545,7.21,1.17
61489,12.644736,-39.392364,7.46,1.106
61492,12.64537,-4.37355,6.67,1.595
61495,12.645726,-18.2501,6.0,0.31
61499,12.646189,40.874662,6.35,0.204
61510,12.647879,-67.193048,6.22,0.007
61516,12.648538,-76.065961,6.77,1.68
61518,12.648979,-0.854156,7.18,0.058
61520,12.649327,61.028901,7.36,1.259
61526,12.650606,22.659497,6.39,1.096
61527,12.650962,-30.422387,5.86,1.207
61531,12.652031,21.062559,5.49,0.978
61538,12.65305,83.644088,7.33,0.599
61546,12.654061,-75.370594,6.46,0.098
61547,12.654102,-7.995564,4.66,1.24
61555,12.654683,35.951959,6.39,0.095
61563,12.656726,-29.536862,7.48,0.355
61566,12.657404,73.001502,7.32,0.992
61570,12.658604,-6.100566,6.71,1.417
61574,12.659638,60.884697,7.05,1.166
61596,12.664594,-39.987302,4.63,-0.082
61603,12.665523,-66.511138,6.26,-0.05
61626,12.669059,34.166194,7.03,1.407
61647,12.672777,-49.400656,7.03,0.604
61654,12.675554,-70.546745,7.42,0.253
61656,12.675947,75.905842,7.3,1.198
61660,12.676679,-14.099806,6.84,1.341
61665,12.677971,-8.448455,7.26,0.539
61696,12.681705,8.829367,7.16,0.432
61709,12.68549,30.437122,6.94,0.286
61712,12.686024,-44.101185,6.72,1.249
61715,12.687146,-27.908189,6.64,1.603
61717,12.687765,-13.013901,5.17,0.432
61723,12.689723,-46.145581,5.84,1.475
61733,12.691336,49.290545,6.89,1.293
61739,12.691971,-48.959888,2.2,-0.023
61743,12.692759,62.713039,6.02,0.051
61744,12.692887,10.42627,6.22,0.192
61748,12.694345,-1.449375,2.74,0.368
61757,12.696772,9.886065,6.97,0.32
61758,12.697056,-19.759092,6.02,0.397
61766,12.697943,-64.728728,7.37,0.45
61767,12.698071,10.235625,4.88,0.076
61773,12.699051,-59.685819,4.91,-0.044
61775,12.699199,6.806617,5.57,0.002
61776,12.699358,-7.500299,6.81,1.58
61788,12.701398,-69.407554,6.31,0.75
61789,12.701805,-54.760859,6.58,1.26
61796,12.704134,45.877045,7.01,0.287
61802,12.704933,33.68858,6.64,1.074
61809,12.707563,-61.018509,7.19,0.162
61815,12.708782,56.998793,7.3,1.565
61819,12.709858,-48.813109,4.66,1.075
61824,12.710841,28.359744,7.48,0.389
61833,12.713827,-55.947001,6.06,-0.023
61834,12.713965,-63.058624,5.27,0.195
61853,12.717822,61.155421,6.39,1.268
61865,12.719221,-56.176224,5.99,-0.074
61869,12.720301,-24.990514,6.8,1.651
61877,12.721085,10.100685,7.43,1.592
61880,12.7218,26.126591,6.68,0.369
61888,12.723961,-40.177849,6.43,0.242
61891,12.724544,-58.902742,6.41,1.092
61893,12.725103,-41.321786,7.15,1.598
61897,12.725571,-26.301516,7.5,1.113
61903,12.725838,-13.859562,7.09,0.07
61910,12.727236,-1.576996,5.91,0.85
61916,12.729915,-12.014223,6.61,1.309
61932,12.732204,-13.141922,6.96,0.309
61935,12.732963,-36.349153,6.38,-0.06
61938,12.733481,-28.323957,5.46,1.346
61947,12.735787,35.768734,7.09,0.315
61948,12.736438,-2.842561,6.76,0.185
61952,12.737411,51.759302,7.01,0.936
61977,12.740533,80.621024,6.33,0.16
61979,12.740863,44.103004,6.34,0.469
61984,12.742701,43.126602,6.96,1.325
61986,12.743049,-57.286924,6.64,0.077
61993,12.744633,-54.085388,7.4,1.411
61996,12.745234,-17.778294,7.22,1.379
62014,12.749852,39.278916,5.95,0.557
62016,12.750131,-69.029962,7.35,0.13
62018,12.750573,-68.830751,6.16,0.688
62020,12.750925,27.393389,7.44,1.08
62026,12.751663,-60.075753,7.24,1.327
62030,12.752174,45.440256,5.42,2.994
62039,12.75455,-28.766039,6.78,0.186
62041,12.75482,-3.88807,7.29,0.333
62047,12.75653,-48.170473,6.64,1.15
62054,12.757229,-71.711316,7.11,1.617
62055,12.757269,14.373599,7.22,-0.093
62067,12.758897,-4.810942,7.18,1.274
62074,12.760294,7.673326,5.22,0.322
62075,12.76055,-60.981318,4.69,1.049
62084,12.76186,-50.179872,7.13,0.445
62085,12.762199,33.541304,7.49,0.983
62093,12.764605,-21.768266,6.91,1.302
62116,12.76819,-54.612206,6.65,1.14
62127,12.771346,-68.108119,3.04,-0.178
62130,12.772928,9.539684,5.65,0.989
62132,12.772981,-56.488815,4.62,-0.15
62134,12.773038,-18.219851,7.29,0.888
62150,12.775235,-11.81244,6.87,0.695
62154,12.775751,24.14505,6.83,0.54
62161,12.777433,16.577691,5.12,1.346
62165,12.779508,-33.315483,5.87,1.326
62180,12.783941,9.063963,6.89,1.34
62181,12.783974,5.950373,6.31,-0.013
62183,12.784307,-22.129414,7.41,0.515
62193,12.786273,15.591674,6.66,0.904
62199,12.787123,11.958088,6.11,0.122
62204,12.788321,-12.278937,7.34,1.338
62207,12.788594,62.781155,5.88,0.215
62213,12.789167,-19.004459,7.23,0.674
62226,12.792618,-6.301752,6.27,0.538
62227,12.792814,-4.681266,7.42,1.538
62228,12.792873,66.790304,5.43,1.567
62233,12.794228,-58.29757,6.95,0.261
62239,12.795359,-59.688764,1.25,-0.238
62242,12.796755,50.156951,6.82,0.387
62243,12.796898,29.532156,7.25,0.369
62248,12.797614,3.572716,6.42,1.596
62252,12.798145,-25.01535,6.81,1.045
62253,12.798236,-24.851659,6.43,-0.058
62260,12.799822,70.946443,7.25,1.263
62261,12.799825,24.095583,7.2,0.924
62264,12.800111,18.836809,6.91,0.957
62281,12.803714,52.453163,6.88,0.94
62283,12.803982,13.553018,6.47,0.015
62287,12.804577,-44.718768,6.88,-0.018
62289,12.80495,-32.324726,7.41,1.428
62305,12.807297,-27.597384,5.65,0.947
62307,12.80784,60.820201,7.49,1.427
62317,12.810944,60.319822,5.83,0.467
62320,12.811617,48.466838,6.25,0.195
62328,12.813075,24.840226,6.29,0.703
62333,12.813745,61.378384,7.36,0.633
62341,12.814561,12.096372,7.1,0.66
62346,12.815059,14.122584,5.71,0.024
62360,12.817357,-65.593165,7.22,0.005
62366,12.81855,83.417832,5.92,0.015
62377,12.820496,83.412901,5.38,0.033
62381,12.821516,27.552379,5.76,0.051
62385,12.822904,-40.775233,6.89,1.096
62395,12.825572,-80.70235,7.2,0.2
62405,12.827234,48.74003,6.5,1.135
62413,12.829154,-71.98626,5.55,1.154
62415,12.829355,-15.88305,6.63,1.488
62416,12.82973,-15.078918,6.97,1.516
62419,12.830175,26.431317,6.87,1.062
62423,12.830984,-50.323852,6.93,1.36
62435,12.833541,54.755959,7.18,1.372
62440,12.834764,-7.632203,6.99,0.432
62445,12.836321,37.516937,5.87,0.17
62450,12.836614,-60.400528,6.73,0.348
62455,12.837232,-62.641296,6.61,1.4
62457,12.838136,22.863408,6.43,1.002
62459,12.83875,-48.459543,6.26,0.046
62465,12.839035,6.227154,7.32,1.071
62472,12.84128,-13.034672,7.31,1.332
62484,12.844094,-58.166282,7.08,1.53
62487,12.844769,-33.999302,4.9,-0.031
62499,12.846986,62.986148,7.39,0.28
62507,12.849413,-52.787424,5.7,0.127
62525,12.853325,-69.645207,7.24,0.091
62527,12.853358,19.161387,7.22,0.441
62535,12.854994,-60.329789,5.71,0.344
62546,12.856369,-10.338219,6.48,1.03
62559,12.859965,-58.484577,7.38,1.656
62560,12.860247,3.056788,6.02,1.288
62566,12.861645,27.540712,4.93,0.681
62570,12.862427,-31.083683,7.22,1.701
62576,12.864055,-31.201919,6.97,-0.055
62586,12.865224,19.172212,7.29,0.569
62588,12.865777,-35.082415,6.98,1.32
62589,12.865815,-39.680431,5.99,-0.098
62591,12.866084,-26.738275,6.14,0.232
62602,12.868179,-48.094286,6.31,0.04
62611,12.870071,17.073943,6.32,1.622
62623,12.873016,17.10839,6.93,0.565
62624,12.873499,-53.829931,6.26,1.106
62628,12.874305,16.122495,6.29,0.173
62664,12.884502,-54.952473,5.91,1.309
62670,12.885258,-48.943315,4.33,1.344
62678,12.886433,-3.553098,6.11,0.493
62683,12.887028,-39.390231,6.85,1.526
62689,12.888263,21.244943,4.89,0.904
62694,12.888894,46.656371,7.37,1.496
62697,12.889416,-60.328489,5.75,0.295
62699,12.890607,-40.178872,4.25,0.224
62707,12.892254,19.481061,6.42,0.805
62710,12.89262,-43.075114,7.29,0.251
62716,12.893784,-60.357061,6.91,0.187
62717,12.893923,-4.224662,6.45,1.094
62719,12.89439,-71.273506,7.12,0.038
62721,12.894816,-60.349435,7.23,1.453
62733,12.896637,19.05744,7.07,1.17
62734,12.896923,-60.376244,5.89,0.2
62736,12.897142,12.418416,6.25,0.282
62746,12.898818,26.779994,6.91,1.262
62747,12.89895,87.648316,7.47,1.425
62754,12.899945,-60.33542,6.78,0.226
62755,12.90008,-18.037621,7.06,0.28
62757,12.900472,55.959821,1.76,-0.022
62771,12.903638,33.53448,6.25,0.207
62772,12.903668,82.517717,7.14,1.119
62775,12.904029,75.409295,6.95,0.929
62778,12.904433,-27.959519,7.34,0.57
62781,12.904967,-70.03678,6.88,1.267
62783,12.905184,-11.64857,6.0,0.068
62785,12.905879,-9.538994,4.77,1.59
62786,12.906112,-58.430613,6.74,0.55
62792,12.907797,46.777804,7.47,1.045
62796,12.908391,-20.098028,6.73,1.61
62803,12.9099,-57.177924,4.03,-0.18
62805,12.910251,-57.16867,5.08,-0.089
62807,12.910889,-59.146701,4.62,-0.153
62808,12.911115,22.107934,6.99,0.576
62824,12.915702,47.196722,5.75,1.451
62831,12.916219,-85.123369,5.45,0.991
62833,12.916269,-44.151968,5.89,0.633
62843,12.918091,19.614732,6.66,1.175
62845,12.918606,-42.290883,6.82,-0.13
62846,12.918618,-13.452752,6.97,1.187
62850,12.919012,-48.091589,7.49,1.518
62855,12.91968,-24.955644,7.23,1.43
62856,12.919747,3.049316,6.95,1.19
62866,12.922067,-42.915732,5.46,1.668
62870,12.92272,-4.504144,7.25,0.797
62876,12.924598,65.438474,5.23,0.303
62881,12.925082,11.495923,6.91,1.536
62883,12.925681,-30.070111,6.9,0.07
62885,12.925935,-68.99759,7.5,0.249
62889,12.926487,56.196574,7.28,0.991
62890,12.926725,3.39747,3.39,1.571
62893,12.927337,0.055291,6.78,0.96
62896,12.927512,54.961239,6.78,0.037
62904,12.929112,32.000638,6.85,1.082
62906,12.930933,-73.032576,7.21,1.0
62909,12.931457,-15.327025,6.18,-0.001
62918,12.932538,-56.835806,5.34,0.01
62921,12.933468,38.314912,5.61,0.337
62923,12.933747,-31.482085,7.0,0.103
62925,12.933807,38.31838,2.89,-0.115
62939,12.937503,-4.864024,7.01,0.076
62941,12.938114,-19.631523,7.22,0.891
62943,12.938221,54.099489,5.84,0.204
62945,12.938505,-55.561062,6.83,1.52
62950,12.940505,-14.9497,7.24,0.332
62951,12.940528,65.994391,6.63,3.269
62954,12.940711,-0.954593,6.62,0.476
62957,12.941703,-26.460291,6.73,0.728
62963,12.942142,-72.185212,5.93,1.115
62968,12.942706,-64.360885,7.34,0.687
62977,12.944116,43.552015,6.97,0.113
62980,12.944328,-47.68625,6.75,0.448
62982,12.944538,68.616088,7.4,0.888
62987,12.94529,-11.943678,7.4,1.63
62990,12.945834,-27.381955,7.12,1.442
63001,12.949454,67.242863,6.55,1.408
63002,12.94951,-54.587348,6.48,-0.042
63005,12.949905,-59.742505,7.38,0.141
63008,12.951212,-51.198752,5.17,-0.066
63009,12.952166,46.176789,6.11,1.012
63016,12.952901,-22.171883,7.36,0.216
63018,12.95352,-12.066947,6.33,1.491
63019,12.953767,8.293783,6.81,0.468
63023,12.955286,-8.910819,6.93,0.086
63025,12.955535,-28.867507,7.45,0.307
63028,12.95611,-56.307139,7.38,1.32
63033,12.957285,-67.960701,6.77,0.083
63034,12.957286,1.427939,6.91,0.454
63038,12.957935,-9.761288,7.1,0.491
63040,12.958893,-65.646462,6.86,1.018
63041,12.959203,-22.753499,6.31,1.069
63065,12.964337,9.338608,7.17,0.279
63075,12.966939,-38.917198,6.72,0.107
63079,12.967658,-14.985669,7.01,0.873
63080,12.96778,-46.427916,7.48,1.196
63084,12.969392,-23.055141,6.95,0.343
63085,12.969669,-47.064947,6.85,0.039
63086,12.969721,68.705725,7.38,1.002
63095,12.971907,64.925533,6.44,1.15
63105,12.973901,-51.509182,7.47,0.918
63110,12.975223,61.71697,7.13,1.344
63118,12.976064,28.319569,6.94,0.256
63126,12.977771,-2.903643,6.67,1.406
63128,12.978035,22.042884,7.21,0.594
63129,12.978031,-36.275196,6.95,0.172
63138,12.979809,75.472508,6.0,1.03
63148,12.981315,-39.105651,6.94,0.027
63153,12.982068,17.409446,4.76,1.568
63154,12.982423,39.844276,6.86,0.946
63155,12.982545,-29.998508,7.27,1.66
63157,12.982704,-21.546755,6.62,1.289
63161,12.983381,-6.090937,7.25,0.161
63168,12.984874,70.596827,7.01,1.304
63173,12.985669,-43.70403,7.45,1.242
63203,12.992486,28.065664,7.16,0.449
63212,12.99431,-3.811926,5.79,0.203
63218,12.996118,9.526,6.74,1.05
63221,12.996748,-20.291807,7.23,0.507
63230,12.998665,66.597272,5.37,1.282
63242,13.000692,80.874418,7.26,0.742
63243,13.000848,-36.182185,6.97,1.416
63257,13.004305,21.554284,7.49,0.501
63259,13.004576,30.785021,4.88,1.165
63261,13.004684,-48.60371,6.95,0.972
63276,13.007125,31.779209,6.65,0.916
63282,13.008067,-43.088306,7.25,1.39
63283,13.008202,-9.100415,7.35,0.644
63284,13.008388,3.604193,7.46,1.52
63286,13.008758,-60.375367,7.07,0.173
63287,13.009074,-33.505267,6.01,0.386
63288,13.009317,-33.051326,6.58,0.298
63291,13.009985,-3.368488,5.99,1.119
63294,13.010755,18.373009,6.2,0.466
63300,13.012125,56.366338,4.93,0.368
63328,13.018921,4.358632,7.23,0.253
63330,13.019337,17.123147,5.97,0.971
63331,13.019479,-63.023163,7.43,1.706
63335,13.02045,-20.777577,6.92,1.308
63357,13.025119,1.520311,7.46,1.556
63362,13.026362,-60.67139,7.38,0.059
63363,13.026426,21.268922,7.08,1.463
63366,13.026855,-24.666327,7.2,0.411
63380,13.029526,-39.616148,6.65,1.041
63381,13.029737,63.610225,6.01,0.427
63382,13.029984,-30.832664,7.38,1.3
63396,13.033144,-69.229314,7.45,0.352
63405,13.036278,10.95915,2.85,0.934
63407,13.036902,-12.108918,7.33,1.125
63411,13.037759,-71.548855,3.61,1.19
63413,13.038613,-56.601756,7.45,1.356
63420,13.039627,-28.286305,6.68,1.52
63424,13.04038,-29.26553,7.06,0.086
63444,13.044566,59.716306,6.5,0.055
63449,13.045673,45.38471,7.49,1.639
63468,13.0493,-16.881365,7.23,1.118
63474,13.049849,22.637545,6.92,0.124
63479,13.050691,23.202423,7.47,1.12
63485,13.051487,-71.475729,5.93,0.002
63489,13.052891,23.826572,6.98,1.631
63505,13.056175,-29.663415,7.43,0.493
63521,13.059256,-49.527264,4.83,0.029
63528,13.060256,-56.645212,7.08,1.324
63534,13.062744,-34.250308,7.11,0.854
63535,13.062808,-20.583497,5.58,0.554
63537,13.06316,-40.851197,6.93,1.067
63538,13.063627,31.001463,7.34,1.059
63545,13.064834,43.007596,6.8,1.669
63547,13.065117,-3.663143,6.62,0.296
63549,13.066603,11.230683,7.41,1.402
63574,13.072208,53.954229,7.41,1.39
63580,13.073357,-28.406716,7.29,0.103
63591,13.07478,-81.150118,7.21,1.03
63600,13.077369,-0.728307,7.21,1.364
63602,13.077778,53.857591,7.35,1.31
63608,13.079028,0.295129,7.07,0.979
63617,13.080066,-41.196322,6.24,1.649
63619,13.080492,73.024976,6.43,0.218
63624,13.081261,-21.519794,7.38,0.26
63637,13.083908,-64.441586,6.64,0.006
63646,13.085186,-47.11691,6.44,0.414
63680,13.091888,-52.11566,6.43,1.69
63685,13.092887,13.226425,7.49,1.004
63686,13.093287,-22.071382,7.36,0.54
63688,13.094687,26.585696,7.5,0.93
63698,13.095678,35.798899,5.2,-0.059
63700,13.096047,-18.259617,7.06,0.458
63701,13.09611,47.778246,7.26,1.02
63704,13.096322,39.604369,7.31,1.51
63712,13.097682,-14.111937,7.18,1.5
63713,13.097853,45.26855,5.64,1.135
63730,13.102848,29.029229,6.51,0.09
63735,13.103751,40.922516,7.29,1.654
63740,13.104325,-55.611669,6.95,1.596
63742,13.104642,-48.463289,4.71,-0.148
63745,13.105901,21.153397,6.0,0.393
63747,13.106278,22.616187,5.53,1.461
63748,13.106308,22.279902,6.83,0.313
63749,13.106353,62.041868,6.15,0.997
63753,13.106918,57.025262,7.48,0.783
63757,13.107497,-14.916036,7.09,0.976
63764,13.108929,-82.950706,7.43,0.2
63769,13.109743,-41.588443,5.59,1.05
63773,13.109957,-46.033893,7.48,0.405
63777,13.110501,-54.505952,7.04,1.376
63778,13.110515,-31.611879,6.75,1.019
63800,13.115069,-35.862033,5.63,0.05
63801,13.11518,-49.906246,4.27,-0.182
63803,13.11565,-34.121928,7.31,0.469
63813,13.117331,-58.805461,7.13,1.304
63819,13.119646,27.624741,4.8,1.482
63827,13.122139,0.584962,7.0,0.498
63830,13.123418,-59.86051,5.98,0.435
63848,13.126836,1.474459,7.46,0.446
63851,13.127305,-53.459764,5.7,-0.061
63874,13.131566,27.555958,6.2,1.363
63875,13.131614,-10.740408,5.15,1.138
63884,13.133619,-56.384787,7.3,-0.033
63886,13.134004,24.831148,6.81,0.933
63891,13.135321,-65.306023,5.44,-0.033
63905,13.139027,-78.44603,6.43,0.008
63908,13.139414,-36.224086,6.85,0.325
63914,13.141065,-67.796762,6.34,1.71
63915,13.141087,-11.762778,7.34,1.264
63919,13.142352,-8.984385,5.57,1.178
63930,13.144268,-23.106504,6.69,1.12
63947,13.147506,5.207241,6.78,0.667
63959,13.150221,-33.501545,7.17,1.059
63963,13.150909,-23.11807,4.94,1.048
63966,13.151581,18.625714,6.94,1.49
63971,13.152067,3.144507,7.31,0.97
63976,13.153454,10.022468,5.79,1.025
63978,13.153955,-9.538098,6.32,1.017
63996,13.157658,-48.52465,6.84,0.443
64001,13.158389,-20.123656,7.16,0.051
64005,13.159238,56.833373,7.03,0.6
64009,13.160739,37.423146,6.01,1.169
64014,13.161676,38.533885,6.25,-0.098
64015,13.161774,-16.515196,6.75,0.168
64016,13.161816,-22.192598,7.36,0.718
64021,13.162578,-10.329327,5.95,1.49
64022,13.162848,-7.655406,7.34,1.12
64023,13.163291,16.848611,5.91,1.45
64028,13.163943,62.229122,6.52,-0.009
64034,13.165831,-5.53901,4.38,-0.008
64037,13.166469,17.529431,4.32,0.455
64040,13.167027,38.723754,7.16,0.176
64042,13.167563,38.498981,5.91,0.294
64056,13.170792,-32.094601,7.5,0.99
64098,13.179446,34.300647,6.89,0.486
64100,13.179785,13.306769,7.11,1.125
64103,13.180516,-52.907561,6.67,1.107
64108,13.181209,21.233745,6.82,0.42
64116,13.182901,-52.566897,6.05,-0.079
64122,13.184814,-17.089851,7.12,0.345
64128,13.185805,-42.232891,5.78,0.521
64141,13.189349,-13.962356,6.92,1.097
64143,13.189758,63.146153,7.49,0.475
64144,13.189789,-43.368553,5.24,1.049
64150,13.191305,40.792496,7.17,0.939
64157,13.191782,-35.129907,6.63,1.139
64160,13.192317,21.91867,6.82,0.88
64165,13.193354,-56.908976,6.79,1.684
64170,13.194223,-26.551722,6.49,0.193
64173,13.194598,-11.22165,6.89,1.232
64185,13.197612,-69.942017,5.92,0.415
64186,13.197879,-52.812286,7.02,1.705
64189,13.197904,27.878183,4.23,0.572
64190,13.198076,-63.302992,6.32,0.426
64193,13.198766,-61.117333,6.74,0.469
64200,13.200568,32.085271,6.71,0.48
64202,13.200901,-37.803022,4.85,0.693
64203,13.200984,-16.198601,5.04,0.46
64212,13.202336,24.258027,6.31,1.006
64220,13.204892,-59.920579,4.58,-0.073
64221,13.205489,17.517123,7.3,0.525
64232,13.20707,80.471309,6.25,0.955
64240,13.209145,11.556096,5.76,1.499
64244,13.209975,18.751776,6.51,0.859
64248,13.211118,4.068266,7.39,0.35
64254,13.2123,-31.873349,6.68,0.591
64255,13.21272,-1.758391,7.09,1.397
64261,13.21355,-66.226747,5.91,0.048
64263,13.213552,51.899853,7.23,0.937
64265,13.213757,42.62667,6.79,0.947
64266,13.213872,-61.54512,7.26,0.345
64267,13.214123,-42.69972,6.19,1.057
64269,13.214916,19.918333,7.36,1.25
64273,13.215475,-59.816605,6.18,0.592
64277,13.21676,67.309686,6.96,1.145
64279,13.217664,38.277135,6.83,0.474
64291,13.220114,18.727008,6.1,1.201
64302,13.221756,13.391382,7.41,1.266
64307,13.222577,-3.494563,7.34,1.48
64310,13.223156,-50.699829,5.9,-0.011
64315,13.224121,-18.826406,6.26,0.088
64317,13.224492,67.287959,6.52,1.146
64322,13.225544,72.799097,6.57,0.088
64325,13.226651,36.887582,6.5,1.616
64327,13.226932,56.70827,6.82,0.603
64334,13.22831,29.817765,7.26,1.112
64335,13.228597,40.152885,4.94,1.061
64338,13.229061,32.530438,6.68,0.797
64345,13.231181,-45.1858,6.93,0.643
64346,13.231376,25.698275,7.3,0.466
64351,13.232657,1.456447,6.55,1.383
64352,13.232698,-43.139107,6.16,1.366
64358,13.233865,-62.653889,6.82,0.998
64364,13.234551,-2.806986,7.06,1.293
64372,13.236361,-19.930947,5.31,0.862
64375,13.236699,-58.683937,5.91,1.084
64378,13.237578,-59.103235,4.9,0.489
64383,13.238153,-78.447454,5.84,1.04
64385,13.238917,-42.852187,6.72,1.083
64393,13.240417,-75.171159,6.98,1.503
64398,13.240982,-24.284254,6.66,0.4
64402,13.242023,11.331656,5.64,1.514
64417,13.244635,-38.651568,7.16,-0.098
64418,13.245361,-48.957022,5.84,1.061
64419,13.245664,-63.581056,6.87,0.112
64420,13.245865,-10.370382,6.95,1.542
64433,13.248812,-11.369419,7.02,0.683
64440,13.250798,4.517487,7.3,1.369
64443,13.252388,35.445805,6.8,0.182
64446,13.252629,-36.37141,6.17,0.968
64449,13.252842,18.918904,6.55,1.47
64450,13.2534,84.752145,7.27,0.53
64456,13.25416,-67.894589,4.79,-0.078
64460,13.255063,-70.477964,7.49,0.024
64461,13.255143,16.194898,7.44,1.49
64472,13.256276,-43.063042,7.49,1.087
64477,13.257141,-69.679284,6.37,1.21
64483,13.258154,-87.560682,7.11,0.71
64486,13.258882,40.855199,5.77,0.198
64488,13.258939,3.048993,7.28,1.122
64491,13.260108,28.741981,7.28,1.322
64506,13.263036,7.952986,6.75,1.163
64513,13.264992,-12.350139,7.28,1.253
64517,13.266032,21.381804,7.39,0.026
64520,13.266322,-19.943103,5.21,1.011
64530,13.267795,65.691837,7.34,1.043
64534,13.268515,-57.061589,6.95,0.323
64544,13.270214,-52.414799,6.89,1.03
64546,13.270636,19.051734,6.46,0.972
64563,13.273314,6.504618,7.07,1.588
64564,13.273745,-1.39054,6.69,0.314
64569,13.274624,68.408001,6.2,-0.052
64573,13.27551,-44.704372,6.85,2.867
64574,13.275629,19.785289,6.43,0.274
64576,13.276863,18.903278,6.72,1.003
64585,13.279163,-65.138259,6.06,0.431
64586,13.279516,-41.283004,7.16,0.907
64587,13.279588,9.424156,5.19,0.585
64592,13.280843,17.017182,6.49,0.926
64594,13.281068,1.24023,7.44,0.374
64596,13.281294,-30.592019,7.43,0.407
64598,13.281425,-31.506196,5.1,0.959
64615,13.286952,-66.783438,4.86,1.48
64617,13.2872,-43.979479,5.82,0.187
64618,13.287674,13.675751,5.33,1.304
64623,13.289438,-11.483527,6.61,0.264
64629,13.290924,-10.546288,6.89,0.338
64633,13.291626,-0.676065,6.36,0.26
64638,13.292155,-15.548071,6.68,1.051
64639,13.292379,40.572608,4.72,0.306
64640,13.292579,17.292485,7.48,1.0
64646,13.293213,-43.299206,7.46,0.121
64647,13.293412,5.469869,4.78,1.638
64653,13.293876,13.76384,7.21,0.953
64654,13.293959,-37.017234,7.5,0.174
64660,13.295585,-8.733268,7.25,0.516
64662,13.295735,-47.589929,6.63,-0.005
64671,13.298733,-68.495669,6.68,0.058
64677,13.299909,-73.344542,7.04,0.267
64687,13.30142,-44.055379,6.8,-0.018
64689,13.301524,-60.397282,7.49,1.657
64698,13.303292,67.687937,7.2,1.297
64701,13.304034,49.682062,5.14,-0.049
64705,13.305012,-57.300325,7.07,0.106
64709,13.30552,-63.449146,6.78,0.748
64715,13.306505,-28.332519,6.8,0.981
64716,13.306698,-78.823127,7.07,0.205
64719,13.306919,-45.764655,6.87,-0.006
64720,13.306763,-18.311196,4.74,0.709
64722,13.307701,34.098304,5.81,1.366
64728,13.309688,-51.285776,6.18,-0.001
64735,13.31199,-49.878284,7.35,-0.023
64739,13.312604,-17.133686,7.46,0.611
64746,13.313424,-79.976017,6.34,-0.027
64749,13.314201,3.687634,6.62,0.056
64758,13.315359,-23.171512,2.99,0.92
64766,13.316289,-12.648089,7.34,0.4
64771,13.317205,28.567826,7.19,0.573
64773,13.317849,35.127978,6.01,0.277
64778,13.318528,3.722837,6.91,1.114
64789,13.321942,-72.035603,6.04,1.341
64801,13.324382,45.527128,7.39,1.374
64810,13.327336,-60.635185,6.98,1.868
64814,13.328521,36.082867,7.2,0.979
64816,13.328734,-67.364325,7.26,-0.01
64818,13.328918,-11.67298,7.27,0.1
64831,13.33085,-70.855022,7.43,0.742
64839,13.332494,8.487131,7.08,1.13
64841,13.332878,-41.190664,6.73,0.519
64845,13.333925,-62.526582,6.91,1.287
64856,13.335923,15.564009,7.25,1.08
64862,13.337416,3.287533,6.96,1.148
64864,13.337716,17.765831,7.17,0.569
64867,13.3386,40.150548,5.6,1.204
64869,13.338885,-11.304132,6.73,1.0
64880,13.340475,17.580618,7.3,0.416
64901,13.342737,4.827116,7.03,0.187
64903,13.343068,-59.77278,6.2,0.41
64904,13.343296,-36.712295,2.75,0.068
64907,13.343843,-52.747825,5.47,-0.125
64908,13.34403,-69.680563,7.47,0.283
64914,13.34488,2.94229,6.26,0.102
64918,13.345909,-23.763504,7.11,1.574
64919,13.345922,69.10221,7.18,0.984
64924,13.346761,-55.800688,6.0,0.236
64930,13.347512,43.990186,6.51,0.424
64939,13.349367,-46.880008,5.76,1.106
64944,13.350898,-22.383022,7.25,0.915
64946,13.351328,-24.470223,6.89,1.653
64949,13.352035,47.269741,6.97,0.9
64954,13.353024,37.857107,6.93,0.554
64958,13.353399,-9.999106,7.2,0.872
64967,13.356239,14.148903,7.28,1.49
64968,13.356342,-39.989957,7.47,0.002
64970,13.356495,-64.049745,7.37,0.582
64971,13.356562,-22.794142,7.14,0.469
64973,13.357198,-43.634325,6.67,-0.024
64976,13.357985,-67.536874,7.03,-0.042
64978,13.35827,-19.489294,6.21,0.098
64979,13.358622,63.950414,7.32,1.483
64982,13.358964,38.880424,7.31,1.157
64992,13.361313,16.081431,7.2,1.38
64993,13.361567,2.087243,5.69,0.045
64998,13.362864,-18.742121,7.03,0.302
65003,13.363824,-36.112236,7.44,0.338
65013,13.365852,-38.854513,7.12,0.621
65014,13.365873,-51.282259,7.09,0.227
65019,13.366617,24.88232,7.08,0.243
65023,13.367464,-43.050425,7.15,0.125
65025,13.36776,43.903379,6.34,0.255
65029,13.368445,-14.419873,6.84,1.507
65031,13.368727,-60.184986,6.92,-0.015
65034,13.368959,-12.579544,6.88,1.61
65036,13.369358,5.154764,5.89,0.109
65040,13.370855,30.291938,6.8,1.357
65042,13.371191,-52.182956,5.81,0.072
65050,13.373879,20.696814,7.29,1.382
65052,13.374301,-25.840872,7.1,0.434
65060,13.375263,-6.202152,6.63,0.692
65066,13.377211,-60.988393,4.52,-0.141
65083,13.381252,-47.943221,6.18,0.181
65084,13.381281,-72.146712,6.06,0.049
65096,13.383643,-17.735274,5.36,0.987
65098,13.384056,-48.562791,6.37,-0.077
65104,13.384859,47.001994,6.64,1.552
65106,13.385731,-33.189878,6.17,1.653
65118,13.388582,-4.924427,5.88,1.431
65123,13.389788,-39.627952,7.35,0.083
65125,13.390176,39.429637,7.49,0.74
65129,13.390562,17.296338,7.47,1.16
65147,13.39421,2.723325,7.06,0.78
65150,13.394679,2.725278,7.35,0.869
65161,13.39632,25.547921,7.39,1.024
65166,13.397817,-49.822811,6.48,0.959
65167,13.397969,-47.890541,6.77,1.034
65171,13.398313,37.03392,6.1,1.637
65173,13.398747,54.925362,2.23,0.057
65176,13.39919,-20.924587,6.44,1.101
65182,13.400128,-64.535668,4.52,0.822
65189,13.402401,-53.793099,7.4,0.064
65200,13.405107,1.399722,7.24,0.241
65204,13.406403,-38.033409,7.14,1.47
65208,13.407218,-51.875164,6.68,1.333
65209,13.40724,-4.308977,6.82,1.08
65212,13.408481,12.431832,6.44,1.062
65215,13.40923,-5.16401,5.76,0.415
65220,13.410021,-53.914439,7.07,1.29
65221,13.41003,-51.504458,7.01,0.093
65225,13.410756,83.308515,7.24,0.7
65228,13.410928,-70.430221,7.25,0.849
65261,13.418522,23.854419,5.75,0.09
65263,13.418694,-74.887818,5.04,1.11
65269,13.419883,-11.161322,0.98,-0.235
65272,13.420413,54.987958,3.99,0.169
65274,13.420568,-64.485144,5.32,0.411
65278,13.421173,0.849736,7.26,1.035
65298,13.425368,-68.528078,6.98,1.057
65304,13.427792,15.564062,6.83,1.242
65307,13.428856,72.273273,7.23,1.026
65310,13.429344,56.970493,7.29,0.804
65317,13.430657,-70.627248,5.65,-0.018
65323,13.432791,-35.075839,6.82,1.627
65325,13.433372,63.261275,6.5,0.739
65327,13.435072,-16.858488,6.56,1.16
65330,13.435483,-39.755107,5.11,1.181
65332,13.435566,72.391476,5.82,1.652
65334,13.43559,-32.54731,6.85,0.356
65335,13.435741,-3.661106,7.06,0.979
65340,13.436504,-1.192471,5.97,0.183
65345,13.437943,46.028055,5.88,0.985
65346,13.437972,-48.786588,6.7,0.032
65350,13.440433,5.708728,7.33,1.075
65352,13.440678,-34.010052,6.87,0.944
65375,13.445325,-12.707664,5.27,1.477
65387,13.448922,-41.497562,5.69,1.477
65389,13.449205,78.643869,5.74,0.769
65397,13.451295,64.735526,6.64,0.383
65400,13.451775,-49.143709,6.31,0.003
65402,13.452399,-67.022393,7.39,1.241
65406,13.452944,64.719536,7.01,0.407
65408,13.453004,-17.928954,7.2,1.062
65410,13.453362,70.316485,7.4,0.349
65415,13.454073,-40.162665,6.4,0.974
65422,13.455154,-74.691755,6.62,-0.056
65424,13.455738,-49.381291,6.27,-0.123
65433,13.457546,-15.973578,4.76,1.096
65472,13.466575,52.745588,6.34,0.259
65475,13.467084,-61.062508,7.31,0.022
65476,13.467189,-26.402235,6.49,1.608
65478,13.467789,70.126119,7.26,1.057
65483,13.468132,-45.069149,7.24,1.281
65485,13.468264,-43.768644,7.2,1.08
65492,13.469952,50.58729,6.96,0.277
65494,13.470463,-22.400493,7.43,1.24
65498,13.471236,2.23589,7.31,0.4
65502,13.471863,-0.840189,7.44,0.651
65503,13.471876,31.149233,6.94,1.386
65512,13.473189,-67.869476,7.06,0.5
65513,13.473253,-55.779922,7.31,0.404
65515,13.473837,13.778787,4.97,0.714
65517,13.473955,40.729646,6.49,0.927
65519,13.474067,-25.212835,7.33,0.461
65520,13.474078,15.7083,7.37,0.54
65522,13.474203,59.945787,5.4,-0.01
65531,13.475158,-27.391849,7.2,0.583
65548,13.479394,50.718569,6.42,0.404
65549,13.47967,-69.627152,6.17,-0.014
65554,13.481924,-62.102277,6.64,1.076
65562,13.483792,47.847143,7.06,0.407
65566,13.484101,-5.955496,7.09,0.929
65571,13.484839,-63.874032,7.1,0.049
65577,13.485541,-64.675794,6.09,0.117
65584,13.486945,10.81831,5.65,1.052
65585,13.487116,3.871421,7.22,1.499
65590,13.487477,-1.364428,6.42,1.122
65593,13.487797,-45.537773,6.61,-0.042
65596,13.488299,53.177581,7.44,1.033
65602,13.489206,-35.570997,7.26,0.724
65604,13.490348,-51.165134,5.04,0.059
65607,13.491449,-18.729113,6.88,1.403
65616,13.49338,-47.875819,6.94,0.08
65618,13.494006,-52.75735,7.38,1.122
65625,13.494983,-46.183614,7.3,1.619
65629,13.495218,-23.281331,6.4,1.317
65630,13.495393,16.903155,7.43,0.447
65633,13.496412,1.095347,6.59,0.284
65640,13.498028,64.180508,7.04,0.792
65649,13.499344,6.013533,6.51,0.956
65656,13.500022,7.178853,6.18,1.471
65660,13.500328,19.062112,7.23,1.022
65669,13.50352,45.735244,7.18,1.544
65684,13.507024,-58.664356,6.75,1.003
65685,13.507146,-6.470265,6.1,0.341
65703,13.510869,9.316814,6.88,1.036
65712,13.514286,-3.049831,6.91,1.03
65721,13.515339,-19.560116,7.16,0.912
65726,13.516916,26.39021,7.38,0.31
65729,13.517405,-39.407307,3.9,1.186
65734,13.518732,-25.656964,7.43,0.245
65741,13.52032,-13.448777,6.93,0.337
65743,13.521052,42.106153,6.07,1.075
65745,13.521448,36.48038,7.5,1.552
65748,13.522919,-42.464751,6.56,0.962
65761,13.525882,-28.11274,6.48,0.09
65762,13.525949,-61.582361,6.66,0.777
65764,13.526202,-32.140735,7.43,0.392
65774,13.527761,-2.317395,7.32,0.781
65782,13.529993,-31.05533,7.47,1.097
65796,13.532247,47.234418,7.06,0.234
65797,13.53272,-65.321848,6.62,0.29
65798,13.532746,-6.255816,4.68,1.606
65807,13.534114,-18.72888,6.01,0.196
65811,13.534836,-38.398844,6.14,1.031
65815,13.536351,-79.660776,6.69,1.385
65834,13.539446,36.818173,6.82,0.76
65839,13.54043,-47.271363,7.17,0.603
65849,13.542437,-69.231688,7.0,0.734
65852,13.542909,-29.565263,6.45,0.438
65857,13.543307,-28.692768,5.69,0.037
65858,13.543412,14.394216,7.13,0.356
65860,13.544236,-44.450253,7.21,0.068
65875,13.546648,30.748303,7.5,1.06
65878,13.546725,24.346743,6.11,0.969
65880,13.547283,-36.853799,7.07,1.258
65881,13.547498,34.907137,6.78,0.236
65883,13.547679,-15.363012,5.52,1.228
65886,13.548306,-26.58766,7.05,0.307
65889,13.549221,-2.424262,7.25,1.008
65890,13.549465,-10.165,5.21,0.964
65900,13.551749,-63.663884,7.5,0.594
65905,13.552554,5.853078,6.64,0.935
65906,13.553162,-19.990218,7.13,0.996
65907,13.553143,-8.443346,7.35,0.624
65908,13.553651,47.758733,7.47,1.061
65912,13.554012,-77.569388,6.52,0.455
65920,13.556275,33.657661,6.68,1.186
65922,13.55681,-7.622609,7.02,0.309
65931,13.558176,-43.422768,6.65,0.469
65944,13.559972,-65.63269,6.36,-0.014
65957,13.562736,60.262009,7.03,1.049
65963,13.563268,-39.94567,6.69,0.156
65970,13.563906,-66.078431,7.19,-0.027
65989,13.568698,55.348434,5.6,-0.014
65991,13.56887,3.658967,4.92,0.029
65997,13.570045,-74.565733,7.25,1.116
66003,13.571183,-0.313777,7.37,1.521
66007,13.571624,-11.537368,7.1,0.458
66012,13.572472,14.111039,7.24,1.114
66014,13.57274,38.789265,6.37,0.241
66025,13.57425,49.015973,4.68,0.132
66027,13.574714,-48.272162,6.32,-0.052
66029,13.575715,-38.907211,7.29,0.669
66038,13.577903,-13.214324,5.92,0.02
66040,13.57822,-0.59582,3.38,0.114
66042,13.578555,76.54671,6.46,1.573
66044,13.578725,-63.335453,7.39,0.207
66045,13.578773,-33.310854,6.46,1.25
66048,13.579943,37.182415,4.91,0.404
66050,13.580502,-50.792275,7.3,1.216
66066,13.583808,12.513958,6.56,1.047
66080,13.586429,-62.630728,6.7,0.944
66081,13.586508,22.499729,6.91,0.466
66083,13.586735,-32.212391,6.77,0.368
66086,13.587251,44.197047,6.83,0.205
66096,13.589226,14.892292,7.5,0.371
66104,13.590303,-22.618896,7.34,1.65
66111,13.592027,-5.396191,5.7,0.95
66112,13.592069,-85.824282,7.12,0.011
66114,13.592127,-22.024554,7.11,0.483
66117,13.592618,10.204962,6.48,1.043
66136,13.597794,8.292782,6.93,1.475
66142,13.599716,-73.327437,7.11,0.044
66158,13.604069,-0.930989,7.05,0.531
66167,13.607272,-42.415344,6.82,0.245
66171,13.609333,52.687515,6.93,1.549
66173,13.610092,51.294383,7.39,0.993
66176,13.611082,49.486648,6.48,1.175
66184,13.612726,79.353807,7.47,1.42
66189,13.613422,-26.497974,6.72,0.24
66191,13.61346,-26.495198,5.73,0.22
66196,13.614048,-34.467839,6.48,1.026
66208,13.616412,24.613297,5.72,1.593
66213,13.617433,67.036318,6.7,0.989
66218,13.618339,-44.143203,5.96,0.936
66222,13.619053,-42.781293,7.41,1.568
66224,13.619599,-23.616006,7.14,0.27
66226,13.619731,71.242252,5.5,1.219
66229,13.62008,-61.691856,5.63,0.493
66231,13.620204,52.593054,6.73,1.497
66245,13.623189,-46.427879,5.91,-0.11
66249,13.624345,36.294898,4.82,0.239
66254,13.626198,-35.048922,7.25,0.105
66256,13.626441,-7.871892,7.05,0.987
66258,13.627333,33.738123,7.22,1.357
66266,13.628592,50.714838,6.51,1.555
66267,13.628888,2.382314,6.66,1.185
66273,13.629711,-3.236015,6.68,1.231
66277,13.630033,-35.064839,7.19,0.689
66286,13.631229,-38.896675,7.45,0.634
66302,13.633591,22.527325,6.99,0.958
66306,13.634296,-42.76499,6.97,1.658
66311,13.635452,-58.414646,6.41,1.113
66312,13.635524,14.301926,6.49,0.274
66314,13.635842,-50.349917,6.64,-0.076
66329,13.639817,-29.838758,7.15,0.397
66337,13.641242,-64.055629,7.43,0.128
66353,13.645021,-29.560867,5.81,0.431
66364,13.646054,-70.444829,6.11,1.415
66365,13.646933,-57.622717,6.0,1.138
66366,13.647139,-49.495021,7.39,1.468
66367,13.647322,-33.111276,7.0,-0.042
66370,13.648374,-55.024487,7.36,0.214
66384,13.650635,18.265323,6.46,1.217
66397,13.653341,-75.683788,6.32,-0.003
66400,13.653862,10.509668,6.64,1.463
66403,13.654143,51.804213,6.49,1.378
66408,13.655568,-67.67082,6.97,0.618
66417,13.657049,26.684763,7.14,1.03
66419,13.657168,-36.240986,7.49,0.065
66424,13.658472,52.921208,5.46,0.113
66430,13.659616,10.746269,5.57,0.348
66435,13.661346,-39.747587,6.29,1.597
66441,13.662706,-54.148142,7.34,-0.003
66446,13.663488,-40.051708,5.61,1.301
66447,13.664796,-53.466394,2.29,-0.171
66450,13.665635,-83.908323,7.22,0.422
66453,13.666255,-16.446537,6.71,1.488
66456,13.666622,-49.949956,5.74,1.496
66458,13.666828,-70.787787,6.59,1.291
66468,13.669095,-27.577789,6.8,1.433
66470,13.669656,-64.576553,5.79,0.401
66479,13.670996,31.012036,6.21,0.963
66489,13.672614,57.207606,6.28,0.111
66493,13.673132,50.519413,6.31,0.537
66494,13.673477,53.191747,7.21,0.986
66503,13.675177,-34.3582,7.34,0.777
66511,13.677127,-44.330234,6.57,0.053
66514,13.677523,28.065165,6.22,1.311
66516,13.677909,19.955719,5.73,0.017
66518,13.678009,20.01361,7.36,0.252
66519,13.678031,76.843785,6.69,0.219
66524,13.678708,52.771847,6.88,1.036
66527,13.678967,54.681634,4.63,1.63
66541,13.682257,-85.786043,5.56,0.183
66546,13.683249,-12.782947,7.25,1.164
66551,13.683986,22.495768,5.63,1.009
66553,13.684485,-34.464156,6.92,0.855
66557,13.685265,-62.499362,7.35,1.604
66570,13.687098,-46.028307,6.7,1.024
66571,13.68712,-71.868269,6.91,1.801
66584,13.690891,-26.531318,7.15,1.631
66586,13.691625,64.822411,5.85,0.073
66588,13.691905,-23.44981,6.6,0.057
66590,13.693506,-45.49383,6.89,1.265
66591,13.693549,-8.702984,5.03,1.623
66596,13.694304,-75.115369,6.9,0.461
66597,13.694425,80.203712,7.04,1.568
66609,13.695775,-54.559425,4.99,-0.055
66613,13.695991,-33.597378,6.58,1.584
66637,13.700307,-58.787078,5.38,-0.029
66638,13.700403,-43.147012,7.14,-0.056
66645,13.701772,65.273085,6.6,0.135
66648,13.703545,8.388394,6.16,0.418
66662,13.70577,-33.98046,6.66,0.424
66666,13.706379,82.752408,5.92,0.993
66680,13.708006,41.674282,6.3,0.879
66681,13.708592,55.727695,6.91,1.13
66682,13.7091,15.147029,7.23,1.3
66687,13.709487,23.318697,7.26,1.538
66689,13.70991,-12.086931,7.45,0.44
66691,13.71093,78.064437,5.91,1.0
66692,13.71127,-61.737833,6.86,0.264
66695,13.712063,34.989021,5.98,0.857
66696,13.712133,-43.185693,7.28,0.18
66698,13.712363,-61.892036,6.87,1.135
66704,13.713875,-44.190899,7.02,-0.102
66711,13.715177,-50.790236,6.43,1.671
66712,13.715287,-41.401043,5.96,1.019
66713,13.715587,-56.767971,6.0,-0.096
66721,13.716905,-30.182686,7.14,0.294
66724,13.717698,3.537903,5.35,1.091
66746,13.723848,45.520271,6.69,1.16
66754,13.725098,-4.274487,7.06,1.285
66762,13.726585,14.36561,6.92,0.631
66763,13.726745,-57.589976,7.29,1.123
66772,13.727802,-42.067521,5.96,-0.075
66780,13.729212,22.700423,6.12,1.447
66785,13.730397,-40.177983,6.91,0.352
66789,13.731076,-45.437329,7.28,0.354
66790,13.731184,60.145533,7.14,0.164
66792,13.731732,-5.498934,6.51,0.053
66793,13.731884,52.064413,6.02,0.017
66796,13.732601,-59.235989,6.51,-0.027
66809,13.735041,55.634985,7.26,1.353
66812,13.735772,-43.441265,7.09,-0.007
66816,13.736261,27.585504,7.12,0.286
66824,13.737781,-51.012454,6.44,-0.106
66830,13.739397,-73.636826,7.46,0.005
66831,13.739453,-14.760498,7.46,1.577
66845,13.741618,-16.179072,5.55,0.805
66848,13.742031,-17.937006,7.5,-0.049
66854,13.744004,-47.217184,7.14,0.969
66857,13.745723,-14.225181,6.9,0.542
66859,13.746019,-25.500933,6.21,1.374
66870,13.749133,-7.634393,7.1,1.26
66871,13.749164,-6.002254,7.23,1.085
66885,13.752445,-71.533015,7.16,1.212
66890,13.753657,55.879349,6.47,0.486
66891,13.753732,10.325305,6.42,1.226
66902,13.755794,9.057732,7.44,0.3
66912,13.757601,-48.791662,6.76,0.54
66925,13.759472,34.647385,7.47,0.96
66927,13.759741,-15.767467,6.18,0.046
66931,13.760249,-26.116009,5.81,0.023
66936,13.760927,-58.242935,7.39,1.452
66941,13.761471,-33.043721,4.23,0.39
66960,13.765644,-12.426528,5.5,0.898
66973,13.768542,5.115632,7.21,0.563
66982,13.770435,41.088746,5.88,0.211
66983,13.770488,30.897011,6.51,0.491
66985,13.770701,-54.683368,6.42,0.116
66994,13.771667,-62.451596,6.58,0.118
66998,13.771964,38.503626,5.92,0.948
67019,13.776573,54.432679,5.68,-0.039
67020,13.776831,-62.909615,6.6,0.194
67023,13.777604,-51.432766,4.64,0.955
67027,13.778701,25.702236,5.97,0.523
67032,13.78232,-36.251933,5.15,-0.007
67034,13.782534,6.350375,6.33,0.63
67038,13.783277,38.542697,5.51,1.036
67041,13.784298,-53.282566,7.23,1.164
67048,13.786269,-52.269261,6.93,0.02
67050,13.786352,-62.589714,6.4,0.65
67058,13.786997,-19.255782,6.73,0.323
67059,13.787057,-9.709455,6.04,1.418
67063,13.78771,17.456906,4.5,0.508
67076,13.790386,-17.859839,5.41,1.623
67077,13.790379,-6.705417,6.99,0.254
67079,13.791005,-50.249291,5.92,0.279
67087,13.792096,37.893305,6.99,1.116
67088,13.792354,49.313265,1.85,-0.099
67089,13.792844,-71.231139,6.83,-0.039
67091,13.794052,-50.320682,5.46,1.351
67093,13.794602,-50.125117,7.29,0.116
67107,13.7988,-18.572718,7.46,1.665
67113,13.799392,-55.960614,7.21,-0.003
67125,13.801418,42.047469,6.59,1.094
67142,13.804996,-6.837381,6.57,0.931
67166,13.809637,7.960113,6.81,0.34
67168,13.810039,48.356549,7.5,0.311
67171,13.81076,31.190206,5.61,1.032
67172,13.810796,-2.840475,6.71,1.446
67173,13.81104,-46.973717,7.12,0.996
67176,13.811625,-37.127416,6.73,0.434
67179,13.811909,42.33762,7.08,1.096
67185,13.812542,27.881258,7.16,1.063
67191,13.814224,9.713287,7.33,1.502
67195,13.815316,-35.70418,6.56,0.561
67198,13.815888,-20.748251,7.03,1.09
67206,13.817223,-28.367636,7.46,1.404
67209,13.817785,26.979911,7.05,1.11
67210,13.818605,79.92139,7.27,0.966
67224,13.821072,85.747799,7.3,0.413
67225,13.821251,-40.516402,6.95,0.383
67244,13.824091,-34.450776,4.19,1.52
67246,13.824623,15.797905,4.05,1.52
67248,13.824809,6.343827,6.76,0.083
67251,13.825078,-41.687709,3.41,-0.225
67257,13.826685,13.010301,6.66,0.491
67259,13.826943,-42.473732,3.47,-0.17
67267,13.828564,21.264105,4.92,1.432
67268,13.828932,8.408637,6.6,0.131
67270,13.829149,36.632823,6.43,0.256
67272,13.829296,61.489313,5.97,0.974
67281,13.831191,-18.134168,4.96,1.059
67282,13.831222,13.191948,6.65,0.218
67292,13.83296,32.522075,7.5,1.336
67295,13.833149,-32.66517,7.33,1.243
67298,13.833616,54.869432,7.48,1.472
67299,13.833756,78.99569,6.59,1.136
67308,13.835063,18.628937,6.84,0.335
67310,13.835142,-29.081321,6.19,-0.009
67316,13.835583,42.557275,7.0,0.373
67320,13.837424,-20.86932,7.11,1.499
67324,13.838721,-39.900855,6.43,0.992
67327,13.839057,21.25562,7.29,0.903
67328,13.839131,-13.11025,7.5,1.65
67330,13.839863,21.276607,6.82,0.94
67332,13.840189,5.497224,6.0,0.899
67335,13.841043,58.539458,6.45,0.094
67340,13.842368,-7.598614,7.3,1.393
67342,13.842943,-19.897895,6.54,0.51
67356,13.846438,-24.979675,7.46,1.453
67365,13.84745,-7.784289,6.92,1.28
67376,13.849804,68.3153,6.39,1.179
67377,13.849929,53.290528,6.88,0.47
67379,13.850123,80.767917,6.67,1.119
67383,13.851258,34.772516,6.66,0.116
67387,13.851632,-13.679215,7.14,0.423
67392,13.85256,34.664399,5.89,1.635
67406,13.855656,-24.390368,6.43,0.703
67414,13.857205,64.723272,4.58,1.572
67416,13.857396,-73.143719,7.12,0.303
67425,13.858995,-48.29323,7.37,0.8
67431,13.859639,-48.298747,7.47,0.487
67432,13.859762,-13.015095,7.03,0.999
67434,13.860142,-36.433279,6.34,0.484
67438,13.860763,-31.319559,7.17,0.518
67448,13.863082,39.669423,7.4,1.404
67449,13.863117,-46.898666,5.77,-0.153
67450,13.863174,-69.401258,5.73,1.704
67451,13.863188,34.44424,4.76,1.611
67455,13.863779,-32.994089,4.32,-0.146
67456,13.864051,52.840479,7.41,0.959
67459,13.864166,11.9372,6.9,0.432
67460,13.864388,10.135925,6.57,1.512
67482,13.866939,-31.619207,6.11,0.478
67487,13.867476,-47.865742,6.94,0.777
67488,13.867498,-52.809946,7.49,0.286
67489,13.868021,-52.81153,5.26,-0.084
67494,13.870958,-14.676538,7.36,0.408
67500,13.871779,12.165135,6.1,0.042
67521,13.875741,16.729009,6.65,1.52
67522,13.875786,-63.356116,7.43,0.007
67528,13.876686,-50.92175,7.37,0.891
67531,13.877447,-18.709011,6.95,0.613
67537,13.88,-42.483219,7.18,1.158
67541,13.880518,-54.579282,7.2,0.441
67553,13.883102,-70.047249,7.14,0.096
67561,13.885075,-73.268702,7.04,0.082
67564,13.885677,40.337977,6.48,1.55
67568,13.886192,28.648131,5.91,0.202
67572,13.886817,-31.927612,4.75,-0.111
67573,13.886925,17.932868,5.71,0.845
67582,13.888371,-66.512432,7.1,0.097
67585,13.888944,52.322992,6.76,1.48
67586,13.88911,42.184814,6.86,0.053
67589,13.889753,33.786783,6.98,1.485
67604,13.892413,52.110914,7.43,0.446
67605,13.892437,-35.664248,5.53,0.444
67622,13.895306,-53.373323,5.87,0.009
67634,13.897507,53.728677,5.7,-0.032
67636,13.897693,-14.664166,7.42,0.369
67637,13.897806,-35.314361,6.17,1.009
67647,13.899234,-47.128164,5.83,-0.053
67663,13.902201,-11.695375,7.36,1.415
67674,13.904466,-28.743187,6.77,1.188
67676,13.904626,-28.56959,6.05,1.129
67678,13.90557,-32.445519,6.97,0.345
67679,13.905592,-48.692775,7.17,0.188
67682,13.905937,-17.180122,6.59,1.387
67685,13.906706,-54.412116,6.77,0.931
67688,13.90708,29.915641,7.47,0.315
67694,13.908806,-22.245035,6.61,1.05
67699,13.909875,-55.071846,7.18,1.0
67704,13.910645,-55.738321,7.27,0.275
67705,13.910656,-34.597539,6.83,0.415
67706,13.910824,37.064973,7.45,0.454
67711,13.911411,18.397717,2.68,0.58
67712,13.911616,-48.134577,7.17,0.363
67713,13.911707,-1.503125,5.16,1.093
67717,13.91204,-61.334488,7.18,-0.001
67720,13.912428,62.377392,7.33,1.121
67726,13.913646,-67.6521,5.74,1.49
67737,13.916167,-8.058852,6.19,0.53
67740,13.916467,-55.021489,6.97,1.609
67742,13.917149,-19.217271,6.97,0.964
67743,13.917296,78.399773,7.47,0.448
67757,13.920042,-52.160822,5.66,-0.072
67759,13.920399,-47.092249,7.43,0.099
67764,13.921195,-32.099228,6.98,0.898
67777,13.924357,69.93512,7.31,1.131
67786,13.925667,-47.288375,2.55,-0.176
67794,13.927493,-82.66619,5.95,1.411
67802,13.928921,-41.994936,6.64,1.551
67805,13.929011,-31.284977,6.53,0.894
67808,13.929988,-9.559911,6.69,1.55
67814,13.930555,14.056503,6.16,0.518
67817,13.93077,-66.386461,7.22,1.107
67819,13.931211,-50.660947,6.92,0.962
67821,13.931399,39.463136,7.38,1.241
67822,13.931422,-9.755284,6.85,0.477
67827,13.931784,-30.578221,6.96,0.409
67831,13.932915,-39.409697,7.19,0.393
67834,13.93344,-3.661949,6.78,1.375
67838,13.934613,-55.953055,6.83,0.967
67839,13.93466,28.672549,6.99,0.049
67841,13.934846,-63.891645,7.23,0.056
67847,13.935979,25.918711,6.78,0.402
67848,13.936242,32.032598,6.31,0.401
67862,13.938837,-46.592948,5.82,1.14
67863,13.938882,-54.13242,6.14,0.071
67870,13.940609,49.012419,7.33,0.99
67871,13.940716,-52.035595,6.73,0.291
67875,13.941077,1.050581,5.9,0.217
67882,13.942018,-27.638088,6.83,0.962
67883,13.942489,-54.704665,6.0,0.78
67885,13.942827,27.492082,5.02,1.441
67890,13.943599,15.891098,6.82,0.948
67892,13.94462,2.986545,7.06,0.236
67896,13.945309,-38.319127,6.97,1.254
67906,13.946663,-46.386012,6.95,-0.126
67920,13.949958,54.585785,7.01,1.495
67924,13.951092,62.792314,7.3,0.545
67928,13.951754,20.953912,6.68,1.569
67934,13.952341,-34.903808,7.42,1.503
67943,13.954759,-28.635214,7.2,1.42
67952,13.955946,-62.488946,6.65,0.79
67959,13.957702,-23.02263,6.14,1.426
67960,13.957803,-57.711113,7.28,1.726
67965,13.958337,-68.005726,7.19,1.564
67966,13.958911,61.492861,6.49,1.04
67973,13.960809,-63.686696,4.71,1.075
67978,13.961896,53.910063,6.94,0.295
67989,13.963499,-49.019026,7.0,1.057
67995,13.965685,-53.704263,7.09,0.943
67997,13.965774,5.117726,7.1,0.91
67998,13.965818,32.600898,7.16,0.963
68006,13.966354,-25.998079,6.42,1.274
68010,13.967139,7.46333,7.32,1.521
68016,13.968424,16.403057,7.42,0.184
68021,13.969359,-29.744273,7.23,1.357
68027,13.971186,-42.100753,3.83,-0.224
68045,13.974122,-12.059288,7.03,0.98
68047,13.974442,-48.464887,7.14,0.481
68048,13.97467,64.893864,7.04,0.999
68049,13.974957,-14.122065,6.84,0.971
68051,13.975319,-24.972249,5.2,-0.086
68052,13.975352,-65.800665,6.2,1.043
68056,13.977169,66.100849,7.44,0.515
68058,13.977479,21.696219,5.76,-0.002
68061,13.977752,14.649275,6.01,1.43
68064,13.977987,-44.803584,3.87,-0.208
68072,13.979362,46.596241,6.98,1.659
68076,13.980753,14.562863,7.37,1.111
68080,13.981174,-47.807038,7.42,1.692
68084,13.981721,24.692204,7.26,1.184
68086,13.982057,53.106473,6.83,0.143
68091,13.983309,-6.925235,6.95,0.975
68096,13.984354,-18.62291,7.07,1.251
68098,13.984792,25.815999,7.09,0.206
68105,13.986022,-45.468979,7.38,0.508
68108,13.986305,64.385238,7.11,1.068
68115,13.988187,-50.369647,5.92,0.957
68123,13.989261,-67.840637,7.43,-0.047
68130,13.991023,-5.42386,7.39,0.493
68162,13.997022,-3.549788,6.36,0.486
68172,14.000037,-25.010403,5.77,0.48
68180,14.001299,-8.16164,6.56,1.05
68181,14.001536,-62.782151,7.2,-0.026
68195,14.004842,-61.481028,6.49,0.333
68196,14.005244,-46.127248,6.57,0.24
68197,14.00561,2.67457,7.29,1.349
68200,14.006509,39.029937,6.63,1.297
68213,14.009124,-78.589981,6.09,0.007
68216,14.010028,-26.266415,6.73,0.473
68223,14.011635,-41.87555,7.32,1.612
68238,14.014596,-66.26891,5.96,0.352
68249,14.017678,21.976284,7.11,0.91
68256,14.018999,-37.470014,6.88,1.276
68257,14.019053,-44.197717,6.7,0.166
68260,14.01958,27.386594,6.23,0.193
68273,14.021775,-57.228664,7.04,1.746
68275,14.021962,-40.221943,6.12,1.265
68277,14.022117,13.732681,7.15,0.873
68280,14.022341,8.894906,5.98,0.089
68282,14.022763,-37.331363,7.45,1.558
68283,14.022867,31.563596,6.87,1.419
68290,14.02395,9.298752,6.91,1.392
68296,14.026247,4.252843,7.08,1.022
68298,14.026892,17.668391,6.36,1.215
68299,14.026999,16.757676,7.38,0.529
68302,14.027443,1.544532,4.23,0.121
68305,14.028748,-45.603421,4.34,0.598
68318,14.030382,40.420041,6.81,1.183
68319,14.030746,68.678675,6.34,1.412
68349,14.036717,45.753457,6.28,1.353
68358,14.039007,36.111855,7.23,0.466
68363,14.039662,-27.429773,5.47,1.331
68364,14.039875,-67.535282,7.35,1.212
68365,14.039958,10.327036,7.12,1.07
68374,14.042124,31.660855,7.16,0.563
68375,14.04218,9.686096,6.18,0.853
68378,14.04236,-19.809923,7.18,0.582
68389,14.044057,-26.847942,7.47,0.944
68397,14.046381,61.679074,7.49,0.315
68415,14.049129,14.975343,7.12,0.74
68418,14.049935,50.971809,6.16,0.026
68422,14.050478,-31.684035,6.18,0.48
68424,14.051132,-17.367012,6.32,1.38
68428,14.051931,-82.920521,7.15,1.282
68435,14.053331,32.813753,7.22,1.519
68446,14.056108,22.495757,6.88,0.322
68450,14.057371,-56.213434,5.93,1.207
68453,14.057587,27.509936,7.18,1.047
68454,14.057632,-41.423345,6.08,-0.112
68458,14.05858,-52.059396,7.38,-0.085
68460,14.058699,-10.731275,7.49,1.62
68463,14.058986,10.786779,6.27,0.733
68468,14.060213,7.54617,6.25,0.927
68483,14.063729,-60.373039,0.61,-0.231
68486,14.064747,-22.421602,6.3,0.452
68487,14.065307,12.72611,7.01,1.124
68488,14.065488,4.900973,6.24,0.406
68489,14.065814,11.282464,6.7,1.168
68490,14.066041,-9.745089,7.26,0.992
68507,14.068644,-37.264014,7.11,0.724
68517,14.070082,-41.812585,7.0,0.49
68520,14.070711,-5.381416,6.39,1.321
68533,14.072631,-9.257681,6.65,0.029
68537,14.073165,64.37585,3.67,-0.049
68541,14.074054,-29.062773,7.23,0.884
68544,14.074161,-14.971708,6.35,1.081
68556,14.077034,-35.645378,7.23,0.379
68557,14.077063,2.297531,6.28,1.022
68566,14.079429,25.817745,6.95,0.484
68584,14.084923,-22.622133,7.21,0.988
68588,14.086952,-14.857071,7.22,0.939
68589,14.087226,-16.335986,6.56,0.104
68595,14.088282,56.520646,7.09,1.044
68596,14.088903,-76.796752,5.69,1.239
68605,14.091778,74.715332,7.5,1.165
68622,14.09625,-54.669362,6.2,0.225
68642,14.10077,-41.179633,4.36,-0.198
68647,14.102289,-44.689087,7.24,0.023
68652,14.10303,-43.091702,6.18,0.986
68660,14.103765,22.167698,7.42,1.05
68668,14.104937,-8.891617,6.54,0.018
68671,14.105285,-26.579304,7.36,0.293
68673,14.105693,48.880864,7.45,1.398
68675,14.106193,-26.682361,3.25,1.091
68681,14.106935,7.004782,7.15,1.1
68682,14.106989,-59.715905,6.39,0.079
68693,14.108222,16.97023,6.54,1.606
68695,14.108343,-34.898717,6.84,1.538
68712,14.111463,53.312304,7.13,0.999
68714,14.111395,-36.369954,2.06,1.011
68716,14.111557,34.778567,7.02,1.015
68717,14.111568,-14.204887,6.57,1.573
68720,14.111896,-9.313515,5.46,0.347
68725,14.113148,-62.374278,7.26,1.819
68735,14.11551,28.438043,6.89,0.998
68736,14.115681,74.593781,6.43,0.16
68738,14.116181,-47.589205,6.99,0.049
68741,14.117208,-27.352832,7.47,1.05
68743,14.118022,-63.445341,6.78,1.103
68746,14.1189,-35.491899,7.18,0.948
68750,14.120513,-16.190467,7.28,-0.006
68762,14.122522,42.098508,7.2,1.032
68791,14.128005,-48.704026,6.43,0.001
68792,14.128205,-49.867607,6.45,0.66
68801,14.129838,-34.949462,7.35,0.035
68805,14.130574,-0.055998,7.27,1.491
68818,14.132154,43.854452,5.13,1.493
68820,14.132359,48.210795,6.8,0.372
68845,14.137301,-63.20795,6.39,1.013
68847,14.137739,24.315051,6.57,1.499
68848,14.138145,49.458167,5.26,1.637
68857,14.13936,-33.052943,7.26,1.02
68870,14.14099,-74.850285,6.02,0.581
68872,14.141383,-11.82946,6.84,0.114
68887,14.146143,59.337649,6.47,1.023
68892,14.147498,77.547514,4.8,1.368
68893,14.147748,-43.470779,6.19,-0.056
68902,14.148961,-59.276712,6.34,0.031
68906,14.150091,-19.24559,7.08,1.589
68907,14.150165,-10.334546,6.45,1.003
68920,14.153115,7.38496,7.13,0.99
68940,14.15737,69.590444,7.33,-0.03
68945,14.157803,2.797576,6.8,1.02
68951,14.158765,20.471657,7.45,0.46
68954,14.159734,-51.504672,5.96,-0.053
68958,14.160332,15.621547,6.87,0.442
68965,14.1625,31.25655,7.28,0.835
68970,14.164944,-0.65134,7.25,1.549
68971,14.165242,-53.438946,4.74,0.938
68973,14.165759,11.373241,7.5,0.109
68977,14.16659,40.778209,7.15,1.21
68986,14.16912,68.863384,6.54,1.24
68990,14.170095,-25.400666,7.42,0.495
68992,14.170288,-30.620954,6.77,0.111
69003,14.173169,-30.08767,7.14,0.167
69004,14.173315,25.091677,4.82,0.541
69019,14.175252,-70.305464,6.07,1.718
69038,14.178715,15.290755,6.95,1.427
69043,14.179931,0.799579,6.85,0.13
69047,14.18069,-16.30203,4.93,1.684
69049,14.181071,-32.075702,6.64,1.189
69060,14.182514,-5.973926,7.32,0.506
69061,14.182576,31.873632,7.42,0.448
69065,14.182813,-28.351833,7.37,0.924
69073,14.183708,58.548991,6.73,0.979
69076,14.183865,-69.719318,6.07,0.19
69077,14.184025,-48.782438,6.61,0.917
69083,14.185479,-11.952679,7.46,1.208
69094,14.187534,32.295892,6.14,1.258
69109,14.189766,-56.382791,7.22,1.411
69115,14.191484,-32.168505,7.4,0.398
69118,14.192001,1.362399,6.42,0.479
69128,14.193638,42.340723,6.88,0.979
69130,14.194902,-5.857463,7.35,0.994
69151,14.201122,69.432548,5.18,1.595
69167,14.20439,2.409433,4.99,-0.118
69176,14.206824,-24.363352,6.35,1.351
69180,14.208687,-2.972124,7.3,0.408
69181,14.209296,-9.900076,7.15,0.333
69192,14.212567,-3.320084,7.05,0.733
69193,14.212785,-27.261186,5.07,1.13
69205,14.214929,-10.273702,4.18,1.323
69208,14.215306,-40.833484,6.75,-0.012
69211,14.215654,-25.504339,7.21,0.986
69227,14.219382,-13.859934,6.82,1.578
69236,14.220349,-26.612309,6.23,1.071
69240,14.221226,-53.665674,5.53,1.438
69244,14.221849,-8.444632,7.16,1.061
69259,14.224385,51.787868,6.62,0.394
69261,14.224718,51.789965,4.53,0.233
69265,14.226143,-84.544626,6.78,0.982
69267,14.227347,-45.986343,7.43,0.221
69269,14.227731,-54.625627,6.09,0.051
69271,14.227997,-0.845463,5.89,0.489
69278,14.228607,-11.838386,6.98,1.016
69286,14.229497,-36.621087,7.28,0.372
69287,14.229508,31.195318,7.5,-0.075
69295,14.230406,11.997745,6.59,1.006
69296,14.230934,46.325167,7.17,0.53
69300,14.231717,7.121475,7.5,1.149
69301,14.231841,29.105431,6.82,0.349
69305,14.233002,45.424056,7.3,0.979
69313,14.234773,12.959444,5.53,0.537
69317,14.235376,-53.931992,7.23,3.028
69323,14.236397,-51.162123,7.11,0.983
69324,14.236525,35.603619,6.91,1.6
69342,14.239253,-5.947717,6.36,0.593
69347,14.239876,41.518757,6.23,1.071
69358,14.242599,39.276433,7.38,1.08
69362,14.243054,-66.154152,6.95,-0.022
69363,14.243224,13.975451,6.45,1.348
69369,14.24435,-65.701404,6.72,-0.024
69370,14.244711,21.873392,6.38,0.194
69376,14.245191,-41.837495,5.61,0.929
69377,14.245344,-31.050674,7.25,0.38
69390,14.247458,10.10061,5.29,1.007
69391,14.247755,-21.064756,7.47,1.47
69392,14.248061,3.335878,6.41,1.6
69396,14.249208,-57.086126,5.03,-0.074
69401,14.250349,-29.281904,6.1,0.04
69403,14.250409,-40.90064,6.96,1.383
69404,14.250434,23.686064,6.78,0.335
69405,14.250447,-61.706775,6.68,0.233
69428,14.254723,52.535925,6.56,0.096
69431,14.255386,3.131384,7.03,0.57
69433,14.255921,-53.509941,6.4,1.576
69436,14.256691,-18.20069,5.53,0.001
69439,14.257328,27.734105,7.31,0.282
69444,14.259804,39.676516,7.47,0.963
69448,14.260576,-63.114009,7.33,1.227
69449,14.260737,-45.000756,6.31,0.596
69451,14.26103,19.18241,-0.05,1.239
69466,14.265284,-68.540324,7.49,0.049
69476,14.26658,64.853188,7.33,0.31
69477,14.266635,56.689149,6.68,0.58
69479,14.266908,-6.000547,4.07,0.511
69481,14.267333,45.566268,6.5,1.041
69489,14.269025,56.712688,7.07,0.275
69491,14.269439,51.367231,4.75,0.236
69500,14.27176,-33.241322,6.57,0.294
69505,14.272606,-6.621544,6.44,0.275
69510,14.273074,46.088305,4.18,0.087
69513,14.273416,39.744711,6.38,0.376
69525,14.275046,-3.196305,6.15,-0.007
69526,14.27514,55.298362,6.9,1.153
69528,14.275548,-57.297495,7.25,0.187
69529,14.275791,20.121848,6.25,0.504
69532,14.276093,32.208434,6.73,0.938
69533,14.276201,-59.91369,7.18,1.682
69541,14.277423,-66.587894,5.72,-0.095
69551,14.280204,-8.884473,6.47,1.212
69553,14.280403,-5.644039,6.88,0.341
69556,14.281989,-77.664221,6.48,1.375
69557,14.282569,-57.854346,7.44,0.406
69569,14.284386,-18.5857,6.22,0.985
69570,14.284395,54.542863,7.0,0.745
69573,14.284754,-66.316053,7.29,0.59
69575,14.284868,-5.739304,7.34,1.059
69579,14.285953,-46.910673,7.14,1.587
69596,14.289208,51.307373,6.19,0.07
69599,14.289621,-9.022758,6.62,1.267
69602,14.290421,-55.765151,6.62,0.201
69605,14.29102,-19.963774,6.95,0.244
69606,14.291237,15.26338,5.84,1.678
69615,14.292589,-26.958484,7.26,0.486
69625,14.29494,-21.828846,7.34,0.445
69627,14.295356,-76.088295,7.28,1.688
69633,14.296177,51.857887,7.0,1.054
69637,14.296638,55.42536,6.88,0.034
69639,14.297001,48.002004,6.32,0.466
69645,14.297721,-63.413374,7.29,0.036
69648,14.298076,-42.591232,7.03,-0.038
69653,14.29944,39.912674,7.49,0.393
69654,14.299576,-7.966652,7.01,1.259
69656,14.29995,35.509505,4.8,1.057
69658,14.300201,-7.542388,6.47,0.723
69673,14.303877,-81.00776,4.89,0.243
69676,14.30594,21.304297,7.03,1.187
69681,14.306601,-33.22055,6.54,0.284
69691,14.308284,3.674518,7.01,1.264
69694,14.308653,52.033323,6.91,0.157
69700,14.309917,10.510495,7.21,0.318
69706,14.310627,-18.715968,5.86,0.013
69710,14.31144,-7.013696,7.44,0.156
69726,14.314161,-58.686436,7.26,-0.002
69728,14.31456,48.592421,7.1,0.294
69732,14.315469,38.767426,6.86,1.06
69735,14.315532,54.863753,6.47,0.183
69736,14.315879,42.004936,7.08,1.039
69742,14.316922,-25.815426,5.87,0.518
69746,14.317782,19.065433,6.86,1.082
69749,14.318081,-59.379037,6.66,1.017
69751,14.318498,-13.371095,4.52,0.128
69754,14.318655,-27.141147,6.35,1.591
69755,14.31918,-55.88226,7.3,0.071
69764,14.3208,-14.407915,7.44,1.575
69766,14.321188,13.004299,5.41,0.385
69772,14.323302,-37.002907,5.93,0.082
69773,14.323396,-46.058093,3.55,-0.184
69775,14.323833,-18.523626,7.27,0.34
69788,14.325446,-13.710947,7.39,0.6
69789,14.325689,-2.265518,5.14,1.023
69799,14.328042,0.384333,6.18,0.201
69803,14.328985,-36.858214,7.24,1.182
69804,14.329233,16.306948,4.84,1.228
69806,14.329926,38.794052,6.33,0.053
69813,14.331002,-61.272972,5.22,0.281
69815,14.331445,-6.746167,6.42,0.915
69818,14.331916,67.782495,6.95,0.02
69819,14.332606,-73.968443,6.58,-0.046
69827,14.335649,-28.049036,7.2,0.059
69828,14.335741,30.429128,6.45,0.156
69831,14.336029,-43.058843,5.55,0.907
69835,14.337279,-55.79132,7.07,0.944
69843,14.338212,48.507008,7.4,0.549
69846,14.338763,-56.386497,4.3,0.082
69858,14.341357,0.181851,6.79,1.219
69867,14.342623,-37.885295,4.05,-0.03
69880,14.345123,-52.325874,7.33,0.437
69881,14.345159,-45.18706,4.78,0.31
69885,14.345857,26.075532,6.79,0.922
69897,14.347424,-42.424816,7.19,0.136
69898,14.347426,36.392387,7.35,0.214
69918,14.352154,67.802909,7.29,0.13
69921,14.352585,65.363472,7.25,0.491
69922,14.352606,19.180199,6.9,1.619
69952,14.357938,-72.31753,7.44,0.984
69997,14.366271,-1.988084,6.82,0.198
70002,14.367106,-28.308442,6.8,0.964
70003,14.367294,-8.091345,7.2,1.439
70005,14.367505,-58.291216,7.42,0.107
70013,14.370557,29.36992,6.5,1.44
70016,14.3714,-69.085272,7.35,0.455
70020,14.372145,-34.786792,5.57,-0.088
70025,14.373108,-80.108945,5.06,-0.108
70029,14.3747,60.96571,7.4,0.609
70038,14.376315,-20.757609,6.8,1.032
70041,14.376971,-58.459117,4.76,0.795
70043,14.377162,-79.715799,7.48,1.666
70045,14.377286,32.503499,7.07,0.958
70047,14.377407,-7.768177,6.82,0.584
70048,14.377421,-48.319857,6.1,-0.13
70053,14.378665,-55.431158,7.21,0.092
70059,14.379553,-0.637132,6.74,0.058
70066,14.381085,-39.623991,6.83,1.42
70077,14.383956,-39.511819,4.41,-0.185
70083,14.384942,-27.754017,4.78,1.3
70087,14.385231,25.338173,6.22,0.411
70096,14.387579,1.241569,6.25,0.639
70097,14.387599,-47.41696,6.41,1.257
70102,14.38896,-50.772252,6.03,1.36
70104,14.389638,8.446617,4.86,0.01
70113,14.390452,-11.714043,6.22,0.99
70115,14.390936,37.206552,7.36,0.397
70121,14.392033,39.327785,7.21,0.587
70123,14.392246,-66.645021,6.78,0.118
70126,14.393486,49.405088,7.18,1.455
70133,14.394974,40.844435,6.72,0.593
70140,14.396834,-53.176233,5.99,1.099
70152,14.398815,-29.676298,6.93,0.188
70156,14.399363,-16.101911,6.69,0.091
70159,14.400098,-19.800888,7.32,1.028
70160,14.400196,5.822975,7.19,1.01
70161,14.400243,8.243969,5.94,0.066
70162,14.40055,27.413177,6.39,1.609
70163,14.401545,49.532346,7.22,0.39
70164,14.401601,11.246962,6.76,0.575
70176,14.403128,16.273674,6.9,0.672
70177,14.403151,5.820131,5.1,0.124
70182,14.404059,-33.086879,6.8,0.953
70191,14.405075,8.084595,6.19,1.208
70195,14.406157,-82.84825,6.42,-0.001
70216,14.409955,-2.342871,7.18,1.616
70217,14.409959,-14.081462,7.31,1.042
70218,14.410279,-47.177737,7.45,0.079
70228,14.411339,-44.311134,6.43,1.047
70229,14.411348,-11.669703,6.49,0.417
70232,14.4122,-40.755161,6.97,-0.053
70236,14.412824,-63.706562,7.26,0.595
70244,14.413477,21.357896,7.24,1.208
70246,14.413508,-24.80631,5.34,0.962
70251,14.414936,62.936287,7.33,0.46
70260,14.416951,-37.447039,6.7,0.114
70263,14.417608,5.615328,7.16,0.962
70269,14.418426,-68.195333,5.56,0.435
70274,14.419967,51.850744,4.04,0.497
70275,14.420326,-28.130962,7.11,1.382
70276,14.421055,53.58495,7.11,0.526
70278,14.421554,-13.353163,6.49,1.223
70285,14.423036,-55.018221,6.84,0.934
70290,14.424344,-19.96584,6.98,0.137
70291,14.424368,-28.89561,6.83,1.085
70294,14.424764,38.393053,6.28,1.225
70295,14.42497,-19.969985,6.63,0.136
70297,14.425032,20.590159,7.27,0.581
70299,14.425837,65.987828,7.26,0.488
70305,14.427716,-66.172922,6.36,0.128
70315,14.429936,-26.852241,6.48,0.941
70324,14.431829,26.265265,7.44,1.31
70329,14.432188,0.992713,7.08,0.02
70351,14.435619,-45.221424,4.56,-0.147
70353,14.436336,-45.379276,4.33,0.434
70357,14.437074,-42.318597,6.33,1.215
70379,14.44094,-33.25021,7.14,0.645
70380,14.440935,19.2269,5.4,0.231
70389,14.443802,-39.523178,6.87,0.913
70393,14.44506,5.934965,7.2,1.039
70395,14.445331,78.498929,7.22,0.454
70398,14.446498,8.381736,7.42,0.007
70403,14.447188,-39.873989,6.36,-0.088
70414,14.448814,-76.519375,7.24,0.506
70415,14.448801,-83.667884,4.31,1.3
70422,14.449662,-59.237643,6.87,1.495
70427,14.450375,9.981312,7.22,1.021
70428,14.450423,5.962133,7.43,1.079
70434,14.451973,-65.821646,5.87,1.502
70438,14.453134,-66.568025,6.57,0.102
70440,14.453392,-46.134254,5.83,0.311
70448,14.454658,-78.620276,6.72,1.129
70454,14.455938,-14.83878,7.31,0.487
70457,14.456774,-6.120332,6.18,0.093
70462,14.457637,41.024911,6.64,0.369
70464,14.45839,14.754262,7.28,1.274
70469,14.458735,-35.447235,6.89,0.571
70470,14.458758,75.695993,4.25,1.431
70473,14.459279,-21.99189,7.34,0.939
70474,14.459333,-46.213515,7.22,0.009
70487,14.46214,49.396496,7.34,1.102
70490,14.462578,-13.359347,6.65,0.425
70493,14.46263,-44.330258,6.99,0.122
70495,14.462981,3.621434,7.48,1.118
70513,14.466149,35.577199,7.44,0.944
70530,14.469564,-29.491638,4.97,-0.074
70532,14.470038,-2.227957,4.81,0.693
70537,14.470869,16.118629,7.43,0.71
70539,14.471234,36.197028,6.22,1.174
70549,14.474601,5.680912,7.37,1.653
70558,14.475316,2.788833,7.02,0.549
70561,14.475543,-10.004287,6.61,1.408
70563,14.475915,28.290528,7.12,-0.006
70568,14.477197,49.844851,5.58,0.864
70572,14.478256,-6.900536,5.42,1.49
70575,14.47875,-59.197548,6.46,0.111
70577,14.479452,25.853883,6.67,1.551
70579,14.480043,-5.218689,6.6,1.114
70586,14.481087,-47.992086,6.4,-0.112
70590,14.482014,39.618711,7.49,1.227
70593,14.482349,3.719607,6.84,1.615
70595,14.482651,20.767742,7.3,1.554
70601,14.483485,-56.136856,6.9,0.514
70616,14.486071,-29.113504,7.1,0.511
70621,14.487506,44.262141,6.52,1.017
70634,14.489591,80.809852,6.88,0.774
70636,14.489825,-50.108609,7.29,1.623
70643,14.491981,-26.013345,6.88,1.495
70650,14.493549,41.795911,6.36,0.702
70651,14.493627,-76.729083,6.06,1.18
70668,14.497131,31.791188,6.06,-0.013
70670,14.497366,0.828929,5.96,0.159
70680,14.499547,-56.131238,6.97,0.233
70682,14.500039,-4.247211,7.05,0.408
70690,14.502329,8.353194,7.41,0.533
70691,14.502399,-45.321355,5.51,-0.087
70694,14.502771,-43.863893,6.91,0.126
70699,14.503878,-15.248415,7.08,0.446
70707,14.505823,-49.519018,5.38,0.056
70709,14.507347,-40.476147,7.32,1.655
70713,14.508482,-4.065199,7.4,0.418
70721,14.511241,-22.460915,6.92,0.167
70726,14.512608,4.772286,6.01,1.421
70728,14.512832,63.185788,6.1,0.428
70736,14.514427,-20.718261,7.07,0.995
70738,14.514898,68.081752,7.43,0.314
70741,14.515728,-40.845122,6.39,1.441
70762,14.519678,-38.869708,5.99,1.06
70763,14.519804,-40.386423,6.75,0.963
70774,14.520662,-40.655928,7.48,0.151
70777,14.521224,-67.717197,5.84,1.006
70778,14.521711,-47.072149,7.28,-0.016
70783,14.522345,43.382339,6.73,0.095
70793,14.524787,-47.729572,7.18,0.947
70800,14.526047,17.642942,7.35,0.461
70815,14.528567,60.225636,6.26,0.243
70821,14.529738,-44.806699,7.16,1.48
70828,14.5305,30.371437,3.57,1.298
70829,14.530587,-76.273962,6.93,1.028
70830,14.530619,51.021092,7.46,0.392
70851,14.534636,38.308253,3.04,0.191
70855,14.535521,-23.446582,7.03,0.377
70859,14.536762,-26.784755,7.47,1.098
70860,14.536938,4.142317,7.26,1.59
70869,14.538953,26.677284,6.0,0.23
70880,14.541393,-51.97071,7.27,0.021
70885,14.541926,55.39801,5.74,1.529
70887,14.541941,-55.463771,7.38,0.291
70889,14.542374,22.260059,5.91,0.391
70891,14.542524,-56.887715,6.71,0.694
70895,14.543629,-50.457157,4.44,-0.177
70907,14.547086,14.060849,7.03,0.485
70916,14.549364,3.659415,7.4,0.447
70917,14.549463,6.933012,7.43,0.916
70921,14.550839,5.323266,6.85,0.911
70927,14.552614,-24.018244,7.21,0.983
70929,14.55268,-30.715068,6.07,1.03
70937,14.55494,85.938393,7.12,0.926
70943,14.55563,36.959023,6.39,0.521
70954,14.557627,-33.316061,6.94,1.033
70956,14.558039,52.90879,7.24,0.997
70958,14.558325,-52.679522,5.86,1.085
70959,14.559004,-54.998628,5.86,0.482
70967,14.559861,65.395425,6.6,0.504
70971,14.560711,79.660427,6.27,1.315
70981,14.562397,43.007806,6.75,0.16
70984,14.5629,-79.955241,6.66,1.118
70991,14.563812,-67.617655,6.94,-0.065
70994,14.564364,-46.464928,7.2,0.928
71008,14.567709,-16.819581,7.18,0.136
71009,14.568064,46.78649,6.51,0.062
71013,14.568881,-42.099256,6.59,0.078
71018,14.569915,32.534477,6.32,0.45
71025,14.571063,57.065258,6.46,0.526
71037,14.574086,-22.391092,7.41,0.965
71041,14.575146,63.215833,7.44,1.125
71051,14.577362,36.626064,6.02,1.379
71054,14.577676,49.368354,5.74,1.56
71058,14.578,29.74513,4.47,0.364
71063,14.578917,-35.463482,7.32,0.491
71069,14.580758,-20.439381,6.49,0.139
71082,14.582389,-37.204301,7.16,1.205
71088,14.583329,-69.453191,7.36,0.008
71090,14.583587,13.095818,7.21,0.192
71100,14.58578,-56.562645,7.05,1.862
71101,14.586308,-46.461967,6.89,-0.01
71107,14.588072,-60.015644,6.39,1.256
71123,14.591523,-73.694309,6.96,1.572
71125,14.591786,-42.157824,2.33,-0.157
71126,14.591886,-89.771717,6.82,1.698
71127,14.592079,-41.517436,5.88,-0.085
71141,14.595471,-5.266064,7.5,1.23
71153,14.596757,-8.575284,7.18,0.064
71156,14.597217,-46.815775,6.78,0.933
71164,14.598611,-69.970555,7.2,1.795
71169,14.600155,9.746518,7.48,0.973
71174,14.600872,-64.015509,7.04,0.323
71178,14.601728,-84.148423,7.18,1.547
71180,14.601909,23.250359,6.39,1.063
71181,14.602143,-22.177362,7.22,0.368
71193,14.605288,-46.245451,5.55,1.489
71202,14.606698,-39.597407,6.13,1.048
71203,14.6067,27.485089,7.02,0.443
71226,14.612127,12.878125,6.98,0.087
71227,14.61226,-40.21158,5.74,-0.112
71237,14.615069,54.855253,7.43,1.084
71240,14.615512,42.831164,6.59,0.505
71243,14.616608,-12.305349,6.2,0.464
71259,14.618707,33.678229,7.46,1.177
71260,14.619074,-3.892211,7.06,0.851
71261,14.619116,35.92975,7.13,0.128
71266,14.619991,-62.010898,6.78,1.005
71268,14.620117,-53.060788,6.49,1.447
71274,14.622266,-46.133439,5.39,0.927
71284,14.624574,2.277238,6.45,0.56
71294,14.626821,-43.111299,6.51,0.958
71295,14.627344,-50.085897,7.21,1.071
71304,14.629609,-67.932012,6.03,0.506
71310,14.631454,-49.425828,4.05,-0.152
71312,14.631913,-48.023557,6.65,-0.01
71322,14.633536,51.578354,6.95,0.468
71333,14.635274,-12.910686,7.48,0.651
71342,14.636837,43.64213,5.74,1.481
71344,14.637078,-45.871905,6.83,1.167
71345,14.637219,18.298379,5.9,1.099
71347,14.63756,54.023339,5.83,0.007
71351,14.638243,-49.901126,6.51,0.031
71355,14.638711,-38.794184,6.04,1.422
71359,14.640253,-35.27655,6.78,0.159
71363,14.641379,-3.61108,7.11,1.642
71375,14.643754,54.853221,7.44,0.453
71392,14.647289,44.4045,5.39,0.03
71395,14.648504,-22.328351,7.37,0.198
71398,14.648843,79.787408,7.29,1.605
71399,14.648877,-35.600626,7.43,0.463
71403,14.649897,-59.141046,6.53,0.512
71406,14.650113,-10.554774,6.73,1.005
71412,14.653027,-46.58448,6.06,0.508
71426,14.656114,-25.028616,7.18,1.083
71430,14.656752,53.440093,7.13,0.97
71431,14.656814,-49.055319,6.37,0.44
71442,14.658797,-68.203387,6.73,-0.03
71446,14.660196,-39.564841,7.47,1.071
71451,14.660746,-64.713741,7.29,0.529
71453,14.660346,-60.8383,1.35,0.9
71455,14.661035,66.346756,7.38,0.602
71456,14.660765,-60.833976,-0.01,0.71
71457,14.661376,-26.723682,6.99,0.466
71471,14.666461,-27.134261,7.13,0.943
71498,14.671569,-40.841696,6.65,-0.069
71500,14.671789,87.214771,6.91,1.46
71501,14.672021,-45.79384,6.61,-0.112
71503,14.672743,21.975868,6.13,0.434
71507,14.673639,-26.255709,7.04,0.099
71509,14.674464,-57.029557,7.39,0.672
71516,14.675233,-40.60808,7.35,0.082
71517,14.675308,-16.20929,7.24,0.71
71519,14.675599,-14.046753,6.97,1.629
71520,14.675768,-56.440761,6.3,1.173
71533,14.678442,13.534325,5.93,0.238
71536,14.678768,16.418324,4.49,-0.002
71542,14.68027,-66.946204,7.36,0.8
71544,14.680902,-24.057732,7.13,0.952
71548,14.682176,-26.428703,7.45,0.591
71551,14.682826,38.150697,7.42,0.437
71556,14.68355,57.957801,7.03,0.844
71557,14.683721,-36.134858,5.67,-0.081
71558,14.683975,52.235794,7.17,1.16
71566,14.685199,-22.61857,7.23,0.393
71569,14.68582,13.7283,3.78,0.044
71590,14.690382,-19.927982,7.04,1.038
71602,14.693219,51.39743,7.26,0.445
71606,14.694097,8.161764,4.86,0.992
71611,14.695423,11.660662,5.55,0.941
71627,14.697566,-30.933156,6.38,-0.083
71629,14.697849,-75.139479,6.73,0.707
71630,14.698398,21.123551,6.4,0.928
71634,14.698823,-47.3882,2.3,-0.154
71635,14.698877,-58.615829,6.21,0.454
71636,14.699214,-28.065758,7.01,1.389
71639,14.699332,-37.793498,4.01,-0.157
71644,14.69993,-77.011452,6.34,-0.027
71647,14.700631,-12.234901,6.82,1.216
71648,14.700685,-46.297947,7.36,-0.015
71650,14.700889,61.261916,6.24,0.409
71664,14.703647,-32.770314,6.63,0.912
71673,14.706418,21.293083,7.47,0.533
71674,14.706456,54.803403,7.43,1.435
71675,14.706492,-23.425675,7.14,1.136
71682,14.708492,-64.975138,3.18,0.256
71699,14.710988,36.756763,7.27,0.173
71705,14.71179,14.708576,6.59,0.366
71708,14.712518,-19.311698,6.87,1.2
71716,14.714424,-58.086568,7.36,0.093
71718,14.714535,-75.824599,7.46,1.011
71720,14.715304,8.076183,7.35,0.377
71731,14.717673,-5.658207,3.87,0.385
71734,14.717904,-62.207311,7.4,0.159
71742,14.719261,-58.266464,7.11,1.423
71747,14.720299,1.824715,7.32,0.027
71748,14.720431,-24.997753,5.7,0.006
71749,14.720927,-47.570494,6.91,-0.051
71759,14.72253,53.79387,7.29,1.022
71769,14.723712,26.52785,4.8,1.672
71771,14.723844,-9.699743,6.52,1.023
71774,14.724484,-62.966671,6.39,-0.086
71783,14.727624,-35.173655,4.06,1.356
71786,14.72901,40.459254,5.72,1.398
71789,14.729568,-2.505553,7.21,0.178
71803,14.734314,61.098275,6.87,0.409
71821,14.737133,-8.251926,6.64,0.431
71822,14.737287,-69.674119,6.99,0.553
71830,14.738256,-24.1287,6.82,1.42
71840,14.741167,45.185981,6.73,0.292
71856,14.745838,-9.704063,6.86,0.427
71861,14.746702,7.701113,7.37,0.662
71870,14.748755,-58.477492,6.1,1.013
71877,14.749746,-61.521664,6.97,2.01
71878,14.749778,-35.191826,4.92,0.013
71879,14.749784,27.074222,2.35,0.966
71895,14.753045,-55.60164,6.1,-0.066
71896,14.753252,-1.417529,6.06,1.608
71898,14.753808,32.788346,6.27,1.61
71899,14.754017,16.96428,4.6,0.972
71904,14.754642,65.329983,7.22,0.495
71905,14.754802,-62.875648,5.36,0.308
71909,14.755232,-51.314927,6.44,1.591
71913,14.755717,18.884956,6.15,0.841
71914,14.755719,-36.147777,7.37,0.104
71916,14.755986,10.598998,6.91,1.059
71927,14.75825,42.38247,7.32,0.465
71928,14.75839,0.717271,5.68,-0.021
71936,14.760045,8.159683,6.97,1.022
71945,14.762215,-69.619246,7.31,1.089
71957,14.764383,13.10141,6.57,1.291
71960,14.764724,-17.698427,7.29,1.429
71966,14.766012,-44.867523,6.91,0.053
71968,14.766044,-15.459541,6.33,1.194
71971,14.766691,-25.443181,5.15,0.315
71982,14.768319,15.131788,5.78,1.335
71984,14.768547,-23.153018,5.8,0.98
71991,14.76969,-21.175966,6.43,0.603
71992,14.770418,-7.796956,7.14,1.029
71994,14.770812,1.892885,3.73,-0.005
71995,14.770995,9.646747,7.26,0.624
71997,14.771207,3.504064,7.38,0.562
72000,14.771612,-0.833774,6.91,1.119
72003,14.771742,14.510294,7.26,1.62
72012,14.773176,56.6164,6.61,1.137
72016,14.7741,-64.543023,7.37,1.698
72021,14.774448,-22.404036,7.34,0.434
72024,14.774724,-47.441116,5.74,0.066
72042,14.778935,7.281398,7.23,1.584
72060,14.783238,19.799502,7.39,1.183
72064,14.783694,-52.383518,5.22,0.984
72067,14.784028,59.710273,7.32,0.265
72070,14.784747,-38.290639,5.9,1.336
72072,14.78482,0.970887,6.62,0.012
72081,14.786173,76.04226,7.38,0.215
72082,14.78683,-52.205256,6.07,0.084
72084,14.787125,-21.324871,6.05,1.649
72097,14.789599,-25.624267,5.61,-0.043
72104,14.790453,2.035715,6.8,0.098
72106,14.791274,-66.17913,7.36,-0.077
72110,14.792191,19.050034,7.46,0.509
72112,14.79225,-43.556806,6.3,1.068
72122,14.794231,24.097554,7.48,1.388
72131,14.795779,-26.0875,5.23,0.938
72136,14.796374,-39.926406,6.92,0.013
72138,14.796695,-66.33194,7.22,-0.048
72144,14.797701,-79.044751,3.83,1.433
72147,14.798597,-12.840007,6.34,1.097
72151,14.799206,-68.519654,7.13,-0.046
72152,14.799322,-26.646155,5.76,-0.007
72186,14.806486,24.366876,6.15,0.506
72194,14.808067,-25.487024,7.03,0.491
72197,14.808811,-17.340256,6.87,0.621
72201,14.809083,-35.841503,6.72,0.992
72205,14.809963,-63.355355,7.46,1.752
72206,14.810569,-36.634697,5.89,1.369
72209,14.811821,-70.59897,7.37,1.303
72212,14.812377,-66.593563,5.91,-0.106
72220,14.814296,18.199683,7.36,1.029
72221,14.814793,5.954404,6.83,0.458
72223,14.815026,-0.847655,6.15,-0.025
72229,14.816307,-58.119329,7.13,0.521
72242,14.818535,54.2315,7.03,1.469
72243,14.818551,37.811179,6.15,0.389
72245,14.818641,-56.667829,6.21,1.107
72255,14.820786,25.150893,6.68,1.347
72256,14.820812,-59.407355,6.59,1.495
72261,14.821853,46.116205,5.76,0.482
72262,14.821874,-24.25147,5.68,1.275
72263,14.821959,-14.149022,5.32,0.066
72267,14.823282,-67.23597,7.26,0.836
72268,14.823632,-65.681525,7.09,0.577
72269,14.823713,-8.50435,7.1,0.455
72273,14.823932,10.044158,6.64,1.26
72275,14.824347,-19.903583,7.19,0.251
72279,14.824642,19.510367,6.91,0.042
72282,14.82566,51.374503,6.49,0.401
72292,14.82696,-68.93619,6.5,-0.101
72298,14.828143,48.720804,5.68,0.501
72301,14.82838,7.986752,6.96,0.71
72302,14.828619,23.032335,7.12,0.455
72303,14.828966,3.870745,7.36,1.137
72307,14.829778,-52.74484,7.17,0.079
72308,14.830016,10.492855,7.09,0.102
72310,14.830365,-32.427174,6.85,1.062
72324,14.832293,24.720485,6.77,0.027
72325,14.832669,-29.034634,7.19,1.256
72326,14.832888,28.615832,5.8,0.046
72330,14.833624,-62.33076,7.4,-0.018
72337,14.837119,52.414383,7.14,0.542
72341,14.837723,23.911844,5.86,0.576
72343,14.837804,-58.976744,6.85,1.108
72345,14.838147,-27.960371,4.42,1.366
72347,14.838814,82.511944,5.63,0.671
72352,14.839422,65.645835,6.98,1.594
72355,14.841564,80.749868,7.2,0.041
72356,14.841577,37.272047,5.47,1.03
72357,14.84175,-67.49762,7.47,0.41
72367,14.843056,12.784113,7.27,1.412
72369,14.843384,-12.018234,7.12,0.472
72373,14.843873,-32.466529,7.46,0.507
72376,14.844722,22.907616,7.5,0.643
72377,14.844773,-15.997237,5.15,0.401
72380,14.845105,74.155505,2.07,1.465
72383,14.845549,-55.009254,7.12,1.584
72390,14.847436,-53.368317,6.56,0.052
72396,14.847977,-16.041778,2.75,0.147
72400,14.849643,-42.822512,6.84,0.129
72402,14.850026,-0.257491,6.18,1.397
72404,14.850298,-2.29915,4.93,0.988
72407,14.850643,9.723673,7.4,0.76
72413,14.851019,-15.027477,7.19,0.578
72425,14.854272,-23.859381,7.5,1.008
72427,14.854676,-47.405915,7.35,1.212
72428,14.856026,-59.503532,7.26,1.843
72432,14.856493,19.10046,4.54,0.72
72437,14.857362,59.293985,5.48,1.369
72443,14.858351,-77.17597,6.44,-0.024
72444,14.858381,-74.933103,6.83,-0.002
72446,14.858803,-60.93079,7.16,0.452
72450,14.85971,-17.790366,6.55,0.483
72456,14.860641,-43.575359,4.32,-0.154
72460,14.86127,83.937483,6.95,1.378
72474,14.864252,-18.355325,6.27,1.094
72491,14.867566,46.47662,6.76,1.219
72498,14.868732,20.290683,6.91,0.1
72511,14.870974,-44.927158,7.2,0.546
72529,14.873353,-46.759946,6.85,1.669
72535,14.874786,23.801364,7.24,1.051
72536,14.874823,-48.24706,6.96,0.957
72541,14.875338,55.745173,7.15,0.255
72545,14.87587,-30.577253,6.3,0.605
72546,14.876462,-63.809827,5.91,0.66
72567,14.878824,31.925022,6.89,1.018
72573,14.880855,-37.80316,5.02,-0.155
72578,14.881392,26.465028,7.26,0.105
72580,14.881516,32.690909,6.87,0.432
72586,14.882354,15.132357,7.03,0.172
72592,14.884365,78.17666,6.52,1.2
72596,14.885173,-38.257001,6.58,0.023
72606,14.887097,-73.190071,5.59,0.82
72617,14.889477,-45.855746,7.11,-0.104
72620,14.889819,15.705167,6.41,0.569
72622,14.889939,19.152798,6.0,0.841
72633,14.891996,19.888398,6.94,1.138
72636,14.893156,69.762673,7.42,1.552
72641,14.894189,2.237534,6.82,1.518
72642,14.894393,6.241799,6.63,1.17
72644,14.894478,-19.972547,7.49,0.458
72656,14.896324,-28.405667,7.46,0.988
72661,14.897181,-0.405596,7.36,0.913
72664,14.897614,-9.08595,7.34,0.148
72669,14.898125,-23.974216,7.06,0.143
72685,14.901816,59.514788,7.25,1.128
72694,14.903103,-66.420086,6.98,0.58
72700,14.905005,32.016861,6.95,1.11
72702,14.905592,-24.642202,5.27,1.336
72703,14.905754,-28.348198,6.54,1.091
72707,14.906354,-11.898348,5.78,0.982
72713,14.907031,-34.142788,7.04,0.093
72716,14.908004,-8.38846,7.39,1.317
72725,14.909342,46.593738,7.33,1.006
72726,14.909893,30.063651,6.84,0.43
72732,14.910532,-33.300575,5.85,1.429
72734,14.911122,-75.601846,7.47,1.505
72738,14.91183,-65.991095,6.09,-0.061
72745,14.913103,85.120842,7.46,1.026
72749,14.91388,15.325324,7.14,0.248
72755,14.915007,23.593023,7.45,1.553
72756,14.915013,-69.860956,6.38,-0.059
72757,14.915134,-36.430356,7.23,0.062
72758,14.91523,-41.364777,7.15,0.506
72762,14.915817,-61.075841,7.45,1.74
72763,14.915924,-3.630476,7.43,0.396
72765,14.916717,74.881215,6.88,1.655
72766,14.91696,14.979394,6.92,0.896
72767,14.918238,-61.873939,6.97,0.017
72768,14.918245,-20.013489,7.39,1.132
72788,14.921921,32.823895,7.22,1.114
72789,14.92193,-46.631308,7.3,0.958
72793,14.923013,6.784772,6.74,1.589
72801,14.924608,12.430767,6.78,0.042
72809,14.926287,-60.114164,5.18,1.161
72816,14.927628,-78.88306,7.36,0.061
72822,14.929085,-33.855785,5.32,0.046
72840,14.932803,-60.905933,6.69,0.968
72841,14.932944,32.300063,6.12,0.109
72843,14.933292,41.136607,7.18,0.27
72844,14.933445,24.386017,6.82,1.171
72860,14.937008,14.446266,5.9,-0.031
72866,14.938009,3.41612,7.11,0.412
72868,14.938123,-52.809548,5.38,0.142
72870,14.938841,-16.800743,7.28,0.428
72873,14.939724,49.628449,5.63,0.533
72875,14.940226,-44.704244,6.76,0.041
72880,14.941872,-34.631829,7.34,0.534
72881,14.941907,-32.636784,6.06,1.413
72883,14.94209,-24.258338,7.49,1.113
72884,14.942239,-47.879198,5.62,-0.035
72888,14.94289,-46.950459,7.06,0.605
72889,14.943265,-39.416023,6.36,0.061
72890,14.943392,-43.456125,7.42,1.557
72891,14.943984,-62.364417,6.39,-0.055
72901,14.945554,-62.781016,5.08,-0.023
72906,14.946142,-11.409701,5.48,1.491
72910,14.946759,74.900927,6.83,0.985
72923,14.949293,-26.285026,6.91,0.015
72927,14.950534,-51.447253,6.6,1.707
72929,14.950999,21.555419,6.5,0.015
72930,14.951233,5.430781,7.28,1.226
72932,14.951706,-55.912686,7.44,0.403
72933,14.951904,35.490201,7.36,0.398
72938,14.953055,-4.346462,4.47,0.318
72939,14.953244,16.388128,5.72,0.951
72940,14.953392,-66.872806,7.37,1.2
72941,14.953486,-42.13748,7.0,1.164
72944,14.953808,-29.157678,6.28,-0.011
72947,14.955514,-32.833713,7.2,0.101
72948,14.955734,57.649137,7.23,0.488
72951,14.956445,25.323655,7.32,0.687
72957,14.957765,-21.415475,5.72,1.024
72962,14.958876,-25.441783,6.94,0.205
72966,14.959236,-0.167612,5.51,1.131
72968,14.959267,-35.383995,6.99,1.246
72972,14.959743,65.93246,4.63,1.59
72976,14.961552,24.674108,6.95,1.39
72979,14.961932,44.466321,7.39,0.14
72984,14.962493,18.986896,6.62,0.927
72986,14.962929,-12.437586,7.14,1.41
72987,14.963208,15.05879,7.01,1.301
72988,14.963206,-42.497196,7.41,0.299
72996,14.964755,-76.662655,5.37,1.442
73011,14.96813,-17.364205,6.64,1.253
73014,14.969112,-48.863011,6.34,0.708
73022,14.970392,-11.15476,6.61,0.012
73026,14.97116,14.037612,6.77,1.306
73039,14.973408,-37.362476,7.26,-0.026
73046,14.975537,-43.13396,2.68,-0.184
73052,14.976817,-39.907172,6.17,1.216
73056,14.977572,-27.657314,5.65,0.262
73057,14.977595,61.666902,7.22,0.081
73072,14.98005,76.527964,7.47,0.876
73074,14.980136,24.16974,7.14,0.38
73076,14.980452,25.047983,7.33,1.035
73082,14.981329,-4.989256,6.08,0.509
73083,14.98155,-11.144014,5.88,1.274
73102,14.984814,-47.957603,7.3,1.022
73107,14.986025,-42.104194,3.13,-0.208
73109,14.986283,-48.826214,7.21,0.555
73114,14.987202,-37.881234,6.45,-0.08
73118,14.988694,-51.57613,6.78,-0.051
73123,14.989754,4.567761,5.91,1.615
73126,14.990271,39.644893,6.7,0.403
73127,14.990888,-43.159833,6.1,0.597
73130,14.991454,-30.711532,6.91,0.231
73141,14.992936,53.860208,6.84,0.312
73142,14.993598,39.265333,5.64,0.336
73152,14.995252,-36.891221,7.48,1.226
73156,14.995856,-43.811336,6.59,0.48
73166,14.998512,-46.247935,7.16,-0.017
73167,14.998825,-75.032669,6.2,-0.038
73168,14.999346,14.833331,7.2,1.166
73171,15.000099,-36.030567,6.94,1.02
73176,15.000747,65.476219,6.9,0.974
73177,15.001001,44.586338,6.91,1.011
73180,15.001293,-39.797987,7.36,1.11
73183,15.00227,67.090506,7.48,1.205
73188,15.003147,-77.16055,5.92,1.052
73197,15.005187,7.648282,6.99,1.41
73209,15.006615,55.618163,7.15,0.357
73212,15.00763,71.765457,6.64,0.631
73222,15.009721,8.600165,7.26,0.691
73227,15.010756,47.277441,6.35,-0.099
73231,15.012476,-59.811775,7.32,0.496
73237,15.014521,22.045589,6.29,1.179
73246,15.016208,-8.518943,4.91,0.0
73249,15.016858,40.084324,7.09,1.013
73253,15.017053,2.897458,6.72,0.553
73256,15.017292,-64.576052,6.56,0.298
73258,15.017369,-33.839468,7.4,0.481
73265,15.020303,-38.058398,5.88,1.246
73267,15.020896,-67.983296,6.99,-0.058
73270,15.022174,-2.754927,5.52,1.692
73273,15.022949,-71.490811,6.72,-0.078
73279,15.023973,49.194781,7.25,1.308
73280,15.024195,60.204453,5.91,0.107
73291,15.026484,-3.164255,6.68,1.196
73293,15.026647,-63.926977,7.38,0.229
73295,15.027326,-56.260182,6.89,-0.086
73308,15.030255,-0.140295,5.71,1.509
73312,15.030754,-83.227646,5.65,0.962
73327,15.032436,40.390566,3.49,0.956
73329,15.032484,-51.918324,7.39,0.98
73331,15.032801,-34.358875,6.21,0.242
73337,15.034509,-8.344716,6.7,1.317
73338,15.035119,-28.060611,5.83,0.164
73340,15.035141,25.008138,4.8,1.506
73343,15.035715,-7.575299,6.38,0.18
73357,15.041461,33.274358,7.17,0.949
73359,15.04166,-7.840426,6.59,0.18
73361,15.041852,31.683852,6.6,1.4
73362,15.04203,51.619604,7.21,1.418
73365,15.042516,16.054956,7.01,0.599
73380,15.045797,-3.031388,6.6,0.201
73392,15.048344,2.091303,4.39,1.026
73394,15.049284,-47.941985,6.86,1.526
73395,15.049678,65.778276,7.33,0.574
73396,15.049799,-32.643294,5.45,-0.127
73406,15.051683,35.205795,5.52,1.023
73407,15.051771,28.267246,7.04,0.12
73408,15.05179,-17.63295,6.93,0.998
73409,15.051827,44.644518,6.59,0.449
73418,15.053621,17.975653,7.21,1.061
73425,15.055798,-41.271528,7.4,-0.151
73426,15.05601,56.035083,6.86,1.123
73427,15.056219,0.889647,6.91,1.137
73433,15.057427,60.025581,6.69,1.363
73444,15.059626,-35.942761,6.65,0.224
73447,15.060137,34.565761,6.59,1.02
73448,15.060252,-7.57136,7.49,1.716
73467,15.063174,47.65406,4.83,0.647
73472,15.063689,27.081153,6.8,1.456
73473,15.063691,26.038738,7.29,0.559
73478,15.066041,65.919714,6.22,0.055
73486,15.067839,-25.281965,3.25,1.674
73488,15.068455,5.492832,7.15,0.306
73502,15.071562,59.535053,7.4,0.17
73512,15.073276,-56.917,7.4,-0.027
73517,15.074098,26.947649,4.52,1.24
73519,15.074452,-8.046923,7.31,1.537
73521,15.074954,-57.698441,7.37,0.017
73526,15.075855,-28.300174,7.18,0.573
73536,15.078583,-40.86133,6.29,1.389
73537,15.078756,38.605227,7.49,0.503
73544,15.079711,-83.038311,5.65,1.273
73548,15.08003,-64.03135,5.16,0.935
73557,15.081343,-63.326192,7.2,0.219
73579,15.085303,-47.051245,3.91,-0.144
73583,15.086135,-40.56932,7.45,1.611
73584,15.086349,-72.189618,7.23,0.853
73596,15.08842,-29.990374,7.06,1.087
73598,15.088656,-41.067236,5.13,1.011
73613,15.090515,48.150972,5.59,-0.005
73622,15.092751,-30.550864,6.48,0.489
73634,15.095215,-1.985398,7.33,1.024
73636,15.096099,71.882712,7.46,1.151
73637,15.096591,-25.789486,6.65,-0.02
73649,15.099511,4.233492,7.22,0.23
73653,15.100671,-48.883391,6.48,-0.137
73656,15.10087,-22.40398,7.14,1.311
73668,15.102956,-24.131503,6.73,1.028
73672,15.103179,-23.322976,7.2,0.41
73674,15.103871,-36.264599,6.27,1.658
73681,15.104638,54.556318,5.24,0.958
73686,15.105043,5.550397,7.22,0.33
73693,15.106323,-72.170191,6.92,-0.014
73699,15.107539,-22.03183,6.13,1.04
73702,15.107744,3.009066,7.31,0.396
73709,15.109222,-30.918483,5.97,-0.076
73711,15.10951,-12.907048,7.48,0.056
73713,15.109765,36.456063,6.35,0.537
73717,15.110444,-16.256818,5.19,1.589
73725,15.113628,-16.484361,6.41,0.162
73738,15.115548,-52.029779,6.4,-0.109
73746,15.118392,-37.94566,7.18,0.061
73749,15.118574,2.362612,6.59,1.497
73752,15.118942,-71.904951,6.52,1.592
73759,15.120473,-32.910157,7.18,0.062
73761,15.120714,-57.439691,7.2,1.274
73764,15.121251,-24.193885,7.23,1.022
73765,15.121485,22.908329,7.18,1.095
73768,15.121682,24.869195,4.93,0.429
73770,15.122019,8.958488,6.88,1.535
73772,15.122324,18.441825,6.03,0.073
73778,15.123874,-49.088612,5.77,0.92
73785,15.125346,64.719575,7.24,1.126
73788,15.125819,9.226035,6.72,0.68
73790,15.126195,6.269261,7.3,1.24
73798,15.127868,5.498035,6.16,0.921
73809,15.1306,63.117104,6.82,0.413
73816,15.132264,-61.128673,6.49,0.432
73818,15.132432,-65.275449,6.18,1.47
73824,15.133475,28.518414,7.21,0.89
73838,15.136703,-40.58393,5.75,-0.113
73852,15.138452,33.706511,6.7,0.979
73854,15.138723,65.788689,6.63,1.51
73855,15.138761,50.054955,6.33,1.05
73859,15.139939,26.301152,5.67,1.24
73863,15.141714,-80.3139,6.81,0.041
73865,15.141751,-66.475845,7.28,0.018
73866,15.142568,53.262419,7.45,0.31
73868,15.143212,25.108635,5.82,1.233
73872,15.144223,-42.867921,5.85,-0.123
73879,15.145476,64.547703,7.04,1.021
73881,15.145794,12.488891,7.24,0.222
73882,15.145898,-61.63377,6.82,-0.079
73887,15.146859,-70.710603,7.05,0.102
73889,15.147394,-45.279857,4.07,-0.162
73893,15.148198,13.235242,6.16,0.967
73894,15.148306,-59.142147,6.87,1.246
73902,15.149253,33.265362,7.16,1.208
73903,15.149309,-26.497272,6.92,1.724
73911,15.149925,-36.432641,7.33,1.211
73913,15.150211,-72.307456,6.73,-0.059
73915,15.150645,-38.534257,7.24,0.253
73916,15.150668,-13.999633,7.47,0.353
73919,15.150921,-61.887585,6.97,-0.009
73926,15.151735,69.653087,7.13,0.334
73948,15.156209,57.112138,7.44,0.545
73953,15.157091,-63.64293,6.25,0.059
73954,15.157788,3.865808,7.07,0.344
73955,15.158192,24.676027,7.41,0.471
73956,15.15831,-67.084133,5.76,0.675
73960,15.159616,-5.394951,7.12,1.057
73964,15.160159,-68.721422,6.84,-0.019
73968,15.161408,-35.86584,7.0,1.174
73975,15.163542,-20.520475,7.22,0.483
73978,15.16425,-23.985972,6.55,1.577
73992,15.166837,-41.179404,7.5,-0.047
73996,15.168702,-38.792511,5.98,0.867
73999,15.169217,-75.461799,6.92,0.915
74011,15.171843,-26.332621,5.75,1.045
74012,15.171925,-79.612803,7.38,0.432
74025,15.175421,11.673626,6.89,1.655
74026,15.175499,-71.66449,7.2,1.107
74037,15.17747,33.078885,6.91,1.1
74041,15.178225,-43.72987,7.01,0.619
74044,15.179002,67.781035,6.18,0.143
74045,15.179128,-61.42232,6.29,0.623
74058,15.181528,29.229152,7.26,0.458
74068,15.185777,-84.787812,5.88,-0.031
74069,15.185878,-52.53622,7.02,1.043
74073,15.187087,-13.054315,7.36,1.225
74078,15.187773,-55.346032,5.45,1.118
74083,15.189072,-11.471466,7.32,1.173
74101,15.192206,-45.2792,7.38,1.084
74105,15.192849,20.043386,7.14,0.341
74108,15.193002,-45.277459,6.44,1.039
74110,15.193076,-2.260022,7.21,0.344
74119,15.194109,-67.710031,7.47,0.018
74130,15.196074,-33.638875,6.99,0.93
74131,15.196584,10.216576,6.89,0.048
74139,15.197216,-16.159558,6.68,1.243
74145,15.198356,9.776898,7.41,0.983
74148,15.198918,-48.737819,3.88,-0.029
74152,15.199343,36.754717,7.27,0.844
74153,15.199363,-48.743687,5.7,0.144
74157,15.201124,22.313431,6.62,1.62
74158,15.201184,18.976031,5.9,1.414
74163,15.203337,-19.106482,6.49,1.507
74164,15.203692,-19.79171,4.54,-0.071
74167,15.20476,-52.099247,3.41,0.918
74173,15.20582,-16.411074,7.39,-0.008
74184,15.2073,-18.089948,6.86,0.973
74187,15.208233,-63.033545,6.86,1.41
74190,15.20867,-48.218992,6.32,1.115
74193,15.209444,-72.770599,6.02,-0.002
74197,15.210413,-0.381594,7.23,1.618
74204,15.212151,48.580778,7.16,1.161
74205,15.212084,19.286028,6.69,0.68
74210,15.212671,19.095193,7.26,1.416
74213,15.213103,10.702305,6.5,1.274
74219,15.213716,-52.029113,7.36,0.2
74221,15.213776,-44.500414,4.83,-0.177
74230,15.216087,56.046437,7.5,0.1
74233,15.216448,-51.972828,7.26,1.552
74238,15.216765,49.775235,7.26,1.186
74241,15.216951,-61.74378,6.27,1.901
74242,15.216965,-37.246669,7.31,0.273
74251,15.218796,-36.091425,6.09,-0.081
74260,15.220765,-11.007079,6.65,0.238
74262,15.221503,-24.008322,6.47,-0.026
74265,15.221997,-19.647572,6.07,0.124
74272,15.224637,-25.309347,6.47,0.691
74273,15.224786,-55.731821,7.47,0.78
74277,15.225519,22.983399,6.31,0.064
74286,15.226551,38.2647,6.19,1.218
74303,15.229746,-14.022906,7.49,0.838
74308,15.230908,-74.911535,7.47,1.533
74309,15.230804,-1.351387,6.58,0.763
74311,15.231476,-26.193569,5.84,1.139
74321,15.233035,47.969033,7.47,0.23
74324,15.233108,-61.342977,6.36,-0.041
74325,15.233121,43.048082,6.66,0.209
74333,15.235011,31.787845,5.98,1.552
74341,15.236078,-38.492027,7.06,0.106
74343,15.236196,42.171409,6.12,1.635
74353,15.238558,-14.209473,6.75,1.676
74354,15.238658,-70.079476,5.75,3.271
74364,15.241001,-47.037979,7.24,0.26
74365,15.241147,-18.428533,6.76,0.429
74367,15.241288,-3.364425,7.2,0.086
74368,15.241435,29.164295,5.28,0.062
74370,15.241957,-59.735253,7.17,1.661
74372,15.242711,-17.768572,6.18,-0.015
74376,15.2437,-31.519121,4.91,0.374
74377,15.243926,67.346722,5.15,0.55
74381,15.244417,-59.82049,7.45,1.426
74394,15.247131,-42.319746,7.49,0.0
74395,15.247388,-5.502555,6.28,1.473
74397,15.247677,68.94573,6.52,0.03
74403,15.24905,38.301111,7.11,0.359
74405,15.249357,-2.414761,7.47,1.531
74421,15.253154,4.939362,5.32,1.092
74425,15.254237,-70.519625,6.86,0.74
74429,15.255458,-44.149495,6.74,-0.068
74435,15.257715,-79.136512,6.66,0.836
74438,15.258376,33.314833,3.46,0.961
74442,15.259816,10.126507,7.11,0.336
74448,15.260937,-27.596288,6.79,0.372
74450,15.261513,25.642537,6.97,-0.078
74461,15.263633,0.372139,5.62,0.181
74462,15.264083,50.938456,6.47,0.854
74467,15.264879,6.46484,6.47,1.308
74468,15.264907,-48.073661,5.96,0.21
74473,15.266257,-70.413682,6.71,0.457
74474,15.266435,0.796362,6.92,0.83
74475,15.267103,-4.897934,7.21,0.512
74479,15.267785,-41.491155,5.15,0.564
74483,15.268649,13.470197,7.13,0.878
74488,15.269573,-43.484997,6.05,-0.128
74496,15.271417,-48.044626,7.05,0.148
74502,15.272614,37.069543,7.1,0.601
74503,15.273059,-22.399416,5.52,1.357
74504,15.273321,-77.354172,7.39,1.044
74511,15.274589,-44.503701,6.58,1.431
74516,15.275658,-39.560944,6.88,1.469
74519,15.276281,-47.69693,7.46,1.306
74520,15.276612,9.712992,6.74,0.342
74521,15.276859,-60.903996,5.74,-0.057
74523,15.276987,-42.370156,6.76,-0.034
74536,15.280168,-13.0392,7.25,0.221
74540,15.281058,-47.864544,6.46,0.927
74546,15.281945,-46.202355,6.44,0.514
74549,15.282471,-60.957255,5.04,-0.077
74553,15.283157,-38.447608,6.86,0.433
74556,15.283449,-9.382917,2.61,-0.071
74564,15.284968,71.823901,5.02,1.369
74566,15.28551,-56.384106,7.41,1.139
74572,15.287194,-66.092283,6.84,-0.013
74577,15.288005,71.21117,7.27,0.403
74579,15.288253,62.771033,6.81,0.952
74581,15.288575,42.565876,7.48,0.36
74589,15.289623,74.045141,6.67,1.027
74595,15.291917,-58.801208,4.07,0.088
74596,15.292245,-10.500601,7.31,0.36
74605,15.293877,69.154846,7.31,1.025
74608,15.294136,-63.610465,4.85,1.26
74612,15.294563,-0.984875,7.28,0.943
74614,15.294781,-5.202416,7.28,0.947
74618,15.29532,-39.811993,7.34,1.249
74624,15.296623,-45.714894,7.43,1.664
74628,15.297178,-30.148673,4.35,1.1
74629,15.298075,33.594332,6.65,0.912
74639,15.299912,30.832924,6.86,1.022
74646,15.302614,-41.061159,6.3,0.176
74647,15.302721,-47.899918,6.98,0.504
74652,15.303166,78.394,7.34,1.382
74656,15.304156,45.619829,6.64,1.62
74657,15.304419,58.794047,7.3,1.076
74661,15.30482,-41.42057,7.05,1.05
74664,15.305625,26.840374,6.59,0.566
74666,15.306288,0.939409,6.5,1.6
74667,15.306807,20.572778,5.68,0.972
74672,15.307257,-0.461234,5.88,1.507
74682,15.308897,-47.875272,4.27,-0.086
74686,15.309386,-47.879278,6.87,0.093
74688,15.30976,-78.472219,7.01,0.33
74689,15.309816,-8.397268,7.49,1.15
74700,15.311473,-31.209347,6.18,1.205
74701,15.311646,10.427719,7.11,0.497
74706,15.312643,58.503487,6.87,1.234
74707,15.312789,-54.364252,7.01,1.744
74712,15.313651,-60.496334,5.43,-0.089
74717,15.315181,-68.679545,2.87,0.014
74719,15.315409,-1.592386,6.93,0.553
74721,15.315661,-40.788222,5.59,-0.099
74738,15.319291,-60.133706,7.39,-0.013
74746,15.321888,1.765408,5.04,0.54
74747,15.321874,61.374954,7.39,0.587
74753,15.322724,-9.146519,6.95,1.418
74770,15.324741,-71.792051,6.59,1.682
74771,15.325014,32.514903,6.33,0.234
74774,15.325481,-37.097161,6.19,0.959
74783,15.327884,-24.269968,7.29,0.427
74789,15.329366,-66.496035,6.73,0.574
74798,15.33058,-19.550249,7.06,0.475
74801,15.331253,62.474256,6.62,1.231
74810,15.333976,40.984168,6.9,0.51
74814,15.334763,51.958515,5.65,0.122
74817,15.335037,14.561063,7.46,1.648
74820,15.335714,29.616209,5.51,1.015
74825,15.33695,-57.398037,7.05,1.621
74834,15.339222,-75.564052,7.19,1.114
74848,15.342061,-28.287106,7.18,0.073
74849,15.34224,81.043188,7.32,1.026
74850,15.342366,-59.543772,7.33,-0.112
74855,15.343473,-5.119742,6.6,0.998
74856,15.343713,-14.741064,7.38,1.272
74862,15.344599,-67.481526,6.27,-0.09
74863,15.344839,-25.99039,7.11,1.029
74864,15.344909,44.434376,6.14,0.369
74866,15.345227,-56.132622,6.8,0.161
74867,15.345296,8.913719,7.17,0.451
74868,15.345483,71.834016,3.0,0.058
74872,15.346394,-2.413331,6.34,1.062
74875,15.347249,31.480108,6.9,0.532
74878,15.348031,45.664872,6.67,1.047
74881,15.348244,-18.158658,6.16,1.024
74883,15.349214,-15.373752,7.4,1.245
74889,15.350382,-15.548342,6.14,0.393
74890,15.350554,0.715337,5.35,1.191
74894,15.351307,-47.76035,6.77,0.44
74896,15.351911,24.95802,6.36,1.257
74898,15.352114,-5.824853,5.54,1.047
74902,15.352609,-6.612633,7.35,1.16
74904,15.353552,-54.291762,7.37,0.491
74912,15.356201,-40.647518,3.22,-0.227
74922,15.35836,-38.218692,6.57,-0.081
74923,15.358459,73.476639,7.38,0.422
74929,15.359096,-6.826607,7.45,0.475
74932,15.359524,-44.9382,6.68,0.009
74934,15.359593,24.343368,7.25,0.043
74935,15.359807,-40.749482,6.21,0.068
74948,15.36344,-36.261376,3.57,1.534
74949,15.363495,32.933695,5.38,-0.051
74952,15.363507,-48.317628,5.65,0.639
74967,15.366699,-57.14528,7.15,1.551
74968,15.3667,5.596584,7.36,0.523
74977,15.368975,-47.927792,4.99,0.515
74978,15.369107,-32.189632,7.0,1.542
74981,15.369794,-37.635624,6.65,-0.062
74991,15.370589,-53.604462,7.25,0.444
75001,15.373122,12.567521,6.29,-0.008
75004,15.373701,25.624147,7.23,1.244
75014,15.374821,-74.399456,6.51,0.075
75016,15.375649,34.229426,7.3,1.088
75017,15.37589,-44.292917,6.74,0.049
75027,15.377014,62.047076,5.99,-0.033
75028,15.377048,39.581463,5.56,1.626
75031,15.377341,63.341439,5.72,1.315
75035,15.378021,-44.689622,3.37,-0.191
75043,15.379224,-29.341935,6.5,1.011
75046,15.379449,28.057037,7.37,0.984
75048,15.379678,18.91896,7.16,0.804
75059,15.382515,-26.688764,6.53,1.118
75063,15.383656,63.130296,7.33,1.1
75064,15.383735,0.46435,7.03,1.144
75065,15.383829,-15.134036,6.46,1.603
75075,15.385931,-36.858489,4.54,-0.155
75077,15.385982,-51.736061,6.68,1.145
75079,15.386265,-60.657176,5.65,0.489
75083,15.38675,30.287812,4.99,0.577
75094,15.389625,-59.320787,4.48,0.169
75095,15.390274,-46.140415,6.49,0.945
75096,15.390572,-6.610489,7.29,1.051
75113,15.395475,-1.022384,6.11,0.264
75120,15.397528,-57.330645,6.78,1.189
75123,15.397844,-12.369501,5.72,1.039
75132,15.400031,8.905841,7.3,1.486
75140,15.401422,45.271031,6.07,1.212
75150,15.403303,-10.322266,4.92,0.453
75153,15.404052,10.554913,7.36,0.18
75157,15.404586,-87.712031,7.5,0.907
75160,15.405047,60.549399,7.33,0.794
75165,15.405512,8.481554,7.05,0.764
75166,15.405605,-52.715554,7.48,1.58
75168,15.405845,-0.544117,7.32,0.174
75182,15.408181,37.377167,4.31,0.309
75187,15.40858,37.3473,6.51,0.6
75195,15.409801,54.212797,6.68,1.098
75202,15.410916,-25.666957,7.3,1.521
75206,15.411631,-35.917085,6.75,0.076
75209,15.412504,-39.710268,5.36,-0.093
75218,15.413506,-71.323111,7.09,1.42
75219,15.413672,10.992832,7.17,0.448
75229,15.415494,58.966065,3.29,1.166
75232,15.415892,-72.04635,6.97,0.085
75238,15.416676,-76.524609,7.23,-0.004
75243,15.417574,-32.156196,7.41,0.337
75245,15.417917,-6.245768,7.35,1.142
75247,15.418454,-38.169241,7.04,0.09
75250,15.418894,47.060824,6.79,0.607
75253,15.419775,-47.217431,6.57,1.52
75272,15.422285,-38.73362,4.6,0.0
75279,15.424849,45.947698,7.27,0.615
75292,15.428998,-1.254421,7.11,0.427
75293,15.429121,-53.057954,6.66,0.27
75294,15.429173,-57.014206,7.47,0.074
75301,15.429832,15.428036,5.16,1.65
75306,15.431464,19.480707,6.26,0.618
75313,15.433078,44.302241,7.16,1.399
75314,15.43325,32.474041,7.02,1.2
75323,15.434824,-21.380235,6.97,1.114
75329,15.435238,-39.88901,7.38,-0.007
75336,15.437389,-68.309167,5.89,1.0
75342,15.438114,-36.598354,6.81,1.121
75343,15.438166,34.335996,5.46,1.41
75351,15.440728,44.003484,7.49,0.563
75352,15.441147,52.052562,7.09,1.611
75354,15.441709,28.127526,7.47,1.337
75355,15.441743,10.036063,6.97,1.64
75358,15.442273,54.020294,6.44,0.079
75366,15.445451,45.603915,7.16,0.516
75378,15.447322,-20.005077,6.97,0.742
75405,15.452892,84.825237,6.87,0.998
75409,15.453781,-49.454524,7.41,0.188
75418,15.455037,-36.76756,5.46,-0.15
75429,15.457493,-66.121442,6.92,-0.024
75436,15.459193,-64.531504,5.71,1.646
75445,15.460798,25.101626,6.01,1.654
75447,15.461209,42.881377,7.48,0.676
75449,15.461326,62.275682,6.53,0.134
75451,15.461607,-14.954219,7.15,1.66
75460,15.462699,-63.020661,7.44,1.052
75465,15.463421,-25.169479,7.49,1.193
75466,15.463818,29.105703,3.66,0.319
75467,15.464287,60.670217,5.9,1.441
75468,15.464415,-40.659624,7.01,1.754
75470,15.464743,-53.701833,7.21,0.691
75482,15.467298,-33.545243,7.48,0.021
75485,15.467925,11.861666,6.93,0.367
75489,15.469336,-9.348069,6.89,0.788
75498,15.470351,-37.35858,7.0,1.614
75501,15.470947,-16.716484,5.64,1.545
75503,15.471843,-21.20957,7.17,1.008
75507,15.472398,-88.13301,6.49,0.303
75509,15.472639,-37.629357,7.34,0.988
75514,15.474225,-51.597934,6.1,1.067
75523,15.475356,38.723741,6.69,0.37
75527,15.475827,0.607054,7.11,0.374
75532,15.477288,1.842081,5.15,0.245
75533,15.477321,-15.700622,6.79,0.821
75535,15.477573,61.726654,6.9,0.126
75541,15.478999,47.201514,6.15,0.1
75543,15.47946,-31.47568,7.15,0.28
75554,15.481127,57.445179,6.91,0.49
75559,15.482451,55.194937,6.45,0.079
75561,15.482962,-28.866891,6.43,0.608
75570,15.485572,13.032641,7.01,0.979
75580,15.486623,80.448602,6.57,0.665
75581,15.486699,16.395618,6.38,0.955
75586,15.487717,-65.890225,6.86,1.628
75590,15.488688,-38.634999,6.44,0.351
75593,15.489198,62.099529,6.32,1.369
75596,15.489805,47.713448,6.84,0.071
75599,15.490075,-46.732704,5.26,1.731
75600,15.490064,80.450267,7.3,0.803
75613,15.492468,-58.351459,6.7,0.65
75619,15.492985,-17.44094,6.69,0.398
75632,15.495681,16.192003,7.13,1.025
75640,15.497421,82.263616,6.93,0.378
75641,15.497416,18.499866,7.21,1.061
75643,15.49765,-67.485026,7.36,-0.095
75644,15.498285,80.771059,6.94,0.944
75653,15.49955,-52.302834,6.7,-0.023
75662,15.501364,-6.844987,7.25,1.203
75684,15.505915,-41.919027,6.23,-0.005
75688,15.506325,31.285932,6.45,0.205
75689,15.506611,12.000009,7.16,1.21
75697,15.507728,36.804555,6.52,1.15
75708,15.51007,-20.728553,6.2,0.192
75713,15.511223,-16.609464,5.82,1.056
75722,15.512798,34.465657,6.81,0.037
75725,15.51338,-53.374306,6.78,1.243
75726,15.513452,-45.424411,7.45,0.078
75728,15.513664,-71.654136,6.39,-0.112
75736,15.514393,-43.865249,7.5,0.986
75740,15.515398,8.579092,6.57,0.38
75742,15.515488,40.833047,5.04,1.589
75743,15.515514,64.208693,5.74,0.976
75749,15.516356,-47.920338,6.84,0.895
75769,15.5214,-65.943309,7.25,-0.046
75770,15.521447,-33.819844,6.87,0.65
75775,15.522863,36.616599,6.39,0.529
75777,15.523619,77.349352,5.0,1.545
75780,15.524204,-71.06213,6.89,-0.125
75782,15.525228,-73.389591,5.4,-0.146
75800,15.528578,0.883526,7.42,0.646
75802,15.528725,-20.164922,6.28,0.22
75811,15.529718,40.899332,4.98,0.086
75812,15.530134,16.234471,7.46,0.198
75817,15.53062,-32.881112,6.49,0.065
75831,15.534498,-38.622543,6.23,0.212
75837,15.536021,16.056169,6.22,-0.038
75839,15.536204,-21.966823,7.24,0.031
75842,15.537194,-45.067535,6.82,-0.018
75843,15.53754,-23.880174,6.75,1.486
75848,15.538298,-10.438753,6.57,0.918
75866,15.541916,-38.071189,7.5,0.022
75874,15.543528,-19.67046,5.5,0.197
75881,15.545282,-57.407773,7.28,0.359
75882,15.545459,10.968299,7.22,0.656
75894,15.548673,-16.852844,5.53,-0.148
75895,15.548829,31.359133,4.14,-0.127
75901,15.549427,-1.186399,5.5,1.092
75904,15.55131,16.012037,6.56,1.26
75908,15.552104,-25.800903,7.27,1.567
75912,15.552644,-24.490433,6.26,0.33
75920,15.554224,-13.012755,7.49,1.237
75927,15.555004,3.322833,7.37,1.118
75933,15.556755,-40.490852,6.4,1.016
75937,15.557521,-61.273402,6.7,0.149
75964,15.564181,63.907141,7.32,0.6
75966,15.564641,17.137359,6.49,0.341
75975,15.567143,-40.066432,5.82,1.695
75977,15.567634,-14.229524,7.25,0.495
75985,15.569473,-33.171348,6.98,0.011
75987,15.569638,-10.064529,4.61,1.0
75991,15.570693,-60.807929,7.18,0.053
76001,15.572447,-5.695094,6.52,0.577
76002,15.57246,-39.34921,6.36,-0.017
76005,15.57298,-57.073114,7.11,1.107
76011,15.574032,-9.183416,5.16,-0.09
76019,15.575446,4.730643,7.04,0.161
76024,15.576705,67.80549,6.98,0.793
76027,15.577033,-28.046983,5.13,1.306
76035,15.578128,26.714693,2.22,0.032
76042,15.57982,44.06763,7.12,1.122
76044,15.580041,10.538867,3.8,0.268
76047,15.580626,-68.889092,7.37,1.647
76055,15.58322,-17.138836,6.99,1.008
76059,15.584606,1.669219,6.55,0.281
76065,15.585681,-41.166757,2.8,-0.216
76067,15.586116,43.167536,6.75,0.953
76071,15.586628,49.99464,6.95,1.092
76073,15.587244,65.277751,7.45,0.128
76074,15.58745,49.698369,7.36,1.541
76075,15.587476,39.010067,5.14,1.65
76078,15.587807,-25.73417,7.31,0.06
76079,15.587835,53.922144,5.97,1.184
76093,15.591133,-41.504874,7.44,0.478
76100,15.592105,-14.789537,3.91,1.007
76104,15.592565,17.655555,6.1,0.975
76132,15.596901,1.227507,6.7,0.325
76133,15.596998,38.373926,6.3,1.306
76137,15.598126,-44.958389,4.55,-0.175
76138,15.598158,11.265656,6.04,1.125
76142,15.599182,54.630567,5.77,0.051
76148,15.600641,39.802473,6.78,0.906
76149,15.600963,6.183513,7.33,0.279
76150,15.601162,52.069815,6.7,0.329
76161,15.603157,-33.092806,6.26,-0.07
76162,15.603299,-65.114601,7.18,0.1
76163,15.603364,-44.396823,5.44,1.497
76164,15.603524,35.705393,7.49,0.633
76167,15.603624,-72.839324,7.31,-0.07
76173,15.604925,-65.613289,6.51,0.334
76181,15.607417,-44.010401,7.28,-0.049
76188,15.607816,-66.545392,6.83,1.484
76189,15.60783,15.101424,6.51,1.2
76190,15.608121,16.119085,5.93,0.354
76191,15.608216,10.010176,5.26,0.925
76193,15.609364,-0.561531,6.51,0.728
76204,15.611826,14.924792,7.08,0.06
76206,15.612,-66.317037,4.11,1.161
76216,15.613507,80.614499,6.89,0.969
76222,15.614839,29.991182,6.46,0.433
76235,15.61707,-28.135079,3.6,1.361
76238,15.618579,-26.492388,7.39,0.086
76241,15.619694,-41.018775,7.12,1.427
76257,15.623215,12.301634,7.12,0.408
76268,15.624583,-26.279864,6.19,-0.013
76273,15.625363,-22.117018,6.98,0.282
76274,15.625562,54.508733,5.85,1.098
76284,15.62755,69.283344,5.65,1.371
76295,15.629404,71.153674,6.99,1.011
76297,15.630011,-23.141698,5.79,1.074
76299,15.630441,40.353433,5.25,0.886
76300,15.630918,-31.252081,7.49,0.471
76308,15.633114,10.239876,7.07,0.531
76310,15.633301,-14.530401,7.39,0.387
76314,15.633939,-54.522031,6.98,0.13
76317,15.634232,-42.567348,4.34,1.412
76323,15.635883,38.028045,7.5,1.165
76328,15.636922,36.24683,7.07,1.7
76331,15.637266,36.247132,7.4,1.1
76332,15.637725,-28.206666,6.32,1.176
76333,15.637833,46.797751,5.76,0.353
76334,15.637855,-21.016327,5.82,1.077
76338,15.637952,24.521867,6.82,1.245
76344,15.639653,43.604261,6.8,0.187
76345,15.640204,22.674972,7.45,1.125
76347,15.640379,-19.91318,6.65,0.448
76351,15.641412,-14.516867,6.8,1.232
76356,15.6424,-39.1607,6.59,-0.069
76358,15.642626,65.790545,7.05,1.097
76359,15.642833,50.423283,5.84,0.847
76363,15.644121,55.899093,7.28,0.07
76365,15.64427,-29.777754,3.66,-0.177
76367,15.64443,-8.794714,6.56,0.52
76368,15.644467,-8.79149,6.45,0.505
76369,15.644823,68.822007,7.45,0.455
76370,15.644831,-17.664855,7.15,1.039
76371,15.644887,-45.708763,6.97,-0.078
76373,15.645049,-39.127734,6.05,0.204
76375,15.64514,31.551849,7.22,0.245
76377,15.645563,12.253219,7.44,-0.087
76379,15.645716,-23.049474,7.17,1.601
76382,15.646904,34.675039,6.12,1.039
76383,15.647079,-52.372695,5.43,0.005
76384,15.647096,10.615755,7.1,0.975
76392,15.648488,-19.301892,5.36,0.883
76393,15.648496,57.461776,7.28,1.469
76395,15.649691,46.926558,6.75,1.619
76397,15.649949,85.285937,6.88,0.207
76399,15.650288,3.467681,7.36,1.484
76400,15.650293,-0.311499,7.5,0.548
76402,15.650407,-78.235177,6.99,0.178
76412,15.651857,-72.297656,7.38,0.06
76415,15.652645,57.924426,6.45,1.102
76428,15.655159,-77.918004,6.19,1.207
76430,15.655937,-23.150224,6.33,0.023
76433,15.656299,36.635812,4.64,-0.103
76451,15.659693,-55.42707,6.94,1.511
76459,15.66075,79.983216,6.89,0.392
76463,15.661097,16.314009,6.98,0.343
76469,15.662772,-34.411926,4.66,0.964
76478,15.665137,-19.769141,6.88,0.43
76480,15.665726,-59.908338,5.95,0.505
76494,15.669233,-45.02142,7.42,1.271
76497,15.669541,12.052934,6.22,0.968
76498,15.669707,-56.914589,6.63,1.337
76500,15.669889,-70.227883,6.45,0.077
76503,15.670981,-31.213771,6.35,1.418
76506,15.67136,-23.818078,4.97,1.302
76514,15.672598,-73.446685,5.64,-0.04
76515,15.672619,43.846373,7.16,0.325
76526,15.673526,-44.28857,6.98,-0.072
76528,15.673887,37.517092,6.91,1.503
76537,15.675062,37.016987,7.16,0.012
76563,15.680951,-44.622852,6.88,0.183
76569,15.682345,-63.194607,7.49,-0.037
76573,15.682844,-47.736091,6.21,1.621
76574,15.683083,16.024588,6.0,0.908
76584,15.684564,9.302493,7.39,0.864
76588,15.685254,-39.982789,6.51,0.446
76593,15.686505,-44.661205,4.64,0.413
76600,15.68777,-13.970316,6.87,0.059
76607,15.690416,-65.068149,6.98,0.351
76613,15.691844,-53.391278,6.92,-0.024
76615,15.692521,-29.299523,7.29,1.686
76616,15.692516,19.670401,4.51,0.062
76629,15.695944,-6.444392,7.3,1.004
76630,15.696504,12.847528,5.34,0.033
76641,15.698527,-76.081959,5.95,-0.034
76642,15.698532,18.464037,5.8,0.207
76644,15.699111,-19.678828,4.75,1.574
76656,15.70039,0.457028,7.23,0.24
76658,15.700491,-64.180288,6.53,1.524
76670,15.703631,7.823335,7.33,0.582
76688,15.707149,-49.217552,6.95,1.622
76699,15.710341,-49.489553,6.02,1.315
76700,15.710536,45.762053,7.01,0.368
76702,15.710645,-37.424935,5.23,0.987
76707,15.711138,-32.186034,7.48,-0.053
76708,15.711279,31.708751,6.71,1.359
76709,15.711395,-34.710407,4.75,-0.151
76716,15.712381,26.295637,3.81,0.02
76718,15.712876,-16.013694,7.05,0.519
76721,15.714107,52.360903,5.48,-0.042
76723,15.714345,6.883916,7.09,1.164
76727,15.715126,4.102006,7.41,0.602
76732,15.716182,-58.114664,7.49,1.234
76740,15.71753,-10.933497,7.2,0.484
76746,15.719093,-13.05631,6.64,0.543
76749,15.719592,13.667666,6.48,0.873
76752,15.719878,-25.415585,7.11,0.406
76757,15.720654,31.384581,7.26,0.455
76760,15.721161,-84.465273,5.57,0.118
76765,15.722857,11.711012,6.94,1.506
76771,15.723572,-15.04323,6.3,1.124
76774,15.723988,-30.53499,7.44,0.094
76777,15.724185,82.947261,7.45,0.24
76785,15.725852,22.920501,7.22,0.521
76793,15.727873,-57.452038,7.24,0.415
76798,15.729551,2.439948,7.16,1.043
76806,15.732022,-60.287217,6.46,1.02
76808,15.73254,-16.869211,7.28,1.449
76812,15.73314,32.515807,5.57,1.076
76816,15.733839,2.515173,5.86,0.684
76819,15.734299,77.794493,4.29,0.038
76820,15.734338,-51.90473,7.23,-0.024
76823,15.734472,-31.603336,6.62,0.962
76824,15.734556,-15.672834,5.41,0.238
76827,15.734985,24.460396,7.32,0.214
76828,15.735314,-30.711403,7.42,1.519
76831,15.736215,-50.215727,6.83,0.353
76835,15.737798,6.425627,2.63,1.167
76836,15.737839,-56.165406,7.06,-0.012
76848,15.739372,52.983568,7.36,0.624
76850,15.739633,-41.819089,5.93,-0.007
76856,15.741484,16.51036,7.48,1.51
76858,15.741729,3.370041,7.26,0.415
76866,15.743474,80.932171,6.85,1.504
76867,15.743484,11.422058,7.47,1.093
76874,15.745021,58.433645,7.36,0.381
76875,15.745037,17.264226,6.15,0.002
76879,15.746038,68.680009,7.23,0.173
76882,15.746717,16.737358,6.99,1.2
76893,15.748849,21.444392,7.49,0.451
76902,15.749884,-50.785463,6.41,0.163
76913,15.75155,-61.297905,7.09,0.401
76927,15.756523,5.447315,5.57,0.035
76937,15.757662,-65.749748,6.87,1.343
76938,15.757682,-6.145306,7.26,1.065
76950,15.760974,0.891039,6.32,1.195
76955,15.76193,-22.753296,6.72,1.312
76960,15.762886,-30.041467,6.88,1.183
76991,15.768233,-1.804193,5.39,-0.035
76997,15.769793,15.421826,3.65,0.073
76999,15.770238,-28.061481,6.49,0.332
77000,15.770457,42.46842,7.35,0.914
77001,15.770477,6.111163,7.31,1.428
77006,15.771921,-57.812453,7.07,1.42
77013,15.773331,15.526702,6.7,0.223
77022,15.77406,7.353073,4.42,0.604
77036,15.776337,55.474791,5.94,1.404
77041,15.777772,62.599557,5.19,0.062
77042,15.777878,-48.736823,6.76,-0.018
77047,15.778728,9.786285,7.04,0.202
77050,15.77895,-34.682454,5.61,-0.117
77051,15.779285,-6.120355,6.24,1.169
77053,15.779827,-52.146158,7.08,-0.031
77058,15.78082,-58.125246,6.83,0.202
77065,15.781623,46.986262,7.21,0.77
77073,15.783211,69.477475,7.5,0.141
77074,15.78337,-62.796556,7.1,0.497
77079,15.784572,-35.510345,6.82,0.024
77081,15.785047,-35.518038,7.34,0.005
77090,15.786907,-42.204727,7.38,0.66
77099,15.78808,-0.269915,6.94,0.512
77100,15.788144,14.115348,5.71,0.094
77109,15.78968,44.598781,7.3,1.241
77114,15.79043,-40.19421,6.41,0.88
77118,15.790792,1.545964,6.53,1.163
77121,15.791435,-37.916312,6.01,0.715
77126,15.792207,59.568623,6.53,1.394
77135,15.793867,55.376627,5.85,0.249
77136,15.793917,-9.480442,7.0,0.468
77137,15.794658,28.469454,7.43,0.471
77143,15.795846,33.01199,7.04,1.193
77145,15.796215,45.732882,6.76,1.19
77148,15.796755,4.298328,7.19,1.17
77154,15.798078,-65.442291,5.54,0.231
77158,15.799014,-25.986952,6.98,0.164
77160,15.800407,-37.675455,7.47,0.375
77161,15.800498,31.735615,6.41,1.517
77163,15.800916,-25.215615,7.15,0.131
77167,15.80181,-50.589788,6.7,0.471
77172,15.802629,1.571739,7.44,0.801
77176,15.803696,13.789078,5.98,1.272
77182,15.805346,-44.351788,7.01,0.153
77197,15.80694,-13.499284,6.94,1.353
77199,15.807399,-23.834056,6.71,0.13
77201,15.808001,22.415466,6.85,1.23
77206,15.80956,28.156749,5.89,0.608
77212,15.811812,83.619657,7.0,0.53
77214,15.812327,18.141564,4.09,1.616
77218,15.814005,-52.438256,6.05,1.385
77219,15.814023,12.723616,6.79,0.024
77222,15.81467,-1.001272,6.81,1.592
77227,15.81572,-60.367639,6.65,0.423
77228,15.815777,-3.818513,5.53,0.12
77244,15.820467,-52.21583,7.3,1.698
77245,15.820802,-41.791335,7.4,-0.01
77248,15.821321,56.236367,7.28,1.312
77270,15.826104,12.558692,6.69,0.981
77276,15.82657,26.068394,4.59,0.794
77280,15.827002,-3.430208,3.54,-0.036
77287,15.82864,-32.808287,7.47,0.01
77296,15.831002,2.500748,7.15,0.329
77298,15.831193,-17.901946,6.82,0.407
77305,15.83264,-48.912408,5.86,0.068
77306,15.832708,-3.921211,7.11,0.095
77326,15.835304,-53.20977,5.78,-0.076
77328,15.835561,64.799692,7.21,0.037
77334,15.836628,5.954772,7.11,0.148
77338,15.837862,-45.401714,6.11,0.299
77341,15.838186,-49.0405,6.89,1.111
77342,15.838207,2.196509,5.21,1.019
77370,15.843017,-26.289624,6.58,1.507
77374,15.844403,-23.258187,7.46,0.495
77386,15.846935,4.47773,3.71,0.147
77388,15.847692,37.553496,7.5,1.141
77396,15.849241,42.565409,7.39,0.486
77398,15.849316,-33.627165,3.97,-0.045
77399,15.849652,-25.751295,4.63,-0.072
77409,15.851891,-55.055533,5.74,0.017
77416,15.8528,52.906991,6.74,0.138
77420,15.85387,35.657382,4.79,0.996
77424,15.854331,-3.090497,5.09,0.135
77426,15.85442,20.977919,4.74,1.534
77438,15.857889,57.142236,7.37,1.376
77440,15.858155,25.30414,7.49,1.082
77442,15.858736,-47.0608,6.0,1.152
77443,15.858918,-32.686074,7.0,0.991
77449,15.859774,-37.437262,7.18,1.415
77452,15.860576,-18.93946,7.3,1.162
77453,15.860666,-14.133584,6.2,1.01
77472,15.865827,-12.537548,7.48,0.631
77482,15.86682,15.235924,7.31,0.611
77484,15.867118,-45.505152,7.49,-0.043
77485,15.867296,29.881675,7.37,1.497
77493,15.870225,-29.886552,6.39,0.991
77494,15.870324,-45.284362,6.55,0.887
77502,15.871269,55.826713,5.81,0.972
77504,15.87154,-18.436065,7.25,0.628
77519,15.876677,-67.639601,7.0,0.237
77524,15.877903,42.451518,4.6,0.563
77529,15.878518,-54.241747,7.32,1.647
77535,15.88092,-50.615824,6.63,1.527
77543,15.881968,-59.061562,7.06,0.526
77546,15.882255,17.40315,6.29,1.238
77547,15.882301,15.430708,7.46,1.036
77549,15.882417,-65.152496,6.54,0.186
77561,15.885691,46.040052,7.25,0.956
77565,15.886694,13.196623,6.07,0.598
77568,15.887334,12.353127,7.36,1.03
77575,15.888905,-20.16704,5.04,-0.014
77580,15.88963,-3.029161,7.4,0.471
77581,15.889704,-62.606583,6.22,1.467
77588,15.891392,65.288253,6.73,0.926
77599,15.893019,16.074933,6.21,0.413
77602,15.893488,68.720113,6.76,0.544
77604,15.893533,-25.327142,4.59,-0.073
77617,15.897093,-16.729293,4.13,1.003
77622,15.89831,-24.533157,5.38,-0.011
77623,15.898851,-23.978094,5.41,-0.033
77642,15.903825,-11.090182,7.01,1.241
77643,15.904049,-53.582945,7.2,0.409
77657,15.907105,5.294056,6.87,1.041
77664,15.908364,-27.338639,6.15,-0.069
77665,15.908772,-51.2377,7.43,0.012
77666,15.909615,20.310968,5.45,1.588
77671,15.910516,43.138567,5.35,1.645
77673,15.910981,-25.243741,5.87,-0.065
77674,15.911188,8.580337,6.28,0.171
77675,15.911555,-22.766252,6.86,0.035
77691,15.914621,-60.743651,6.14,0.121
77696,15.915623,-53.483855,7.11,0.013
77697,15.91579,34.362526,7.12,0.159
77703,15.916768,-19.382926,5.95,-0.013
77706,15.916964,75.574292,6.88,0.831
77716,15.919083,-63.430727,2.83,0.315
77722,15.921099,-42.605126,6.68,0.402
77728,15.922285,-43.391711,6.92,0.2
77730,15.922664,9.223419,6.9,1.052
77732,15.923024,-44.526012,6.97,-0.005
77744,15.924663,-77.732254,7.34,0.988
77746,15.924891,-68.603001,5.11,1.108
77748,15.925023,-26.265993,5.63,0.141
77749,15.925148,-31.083644,6.21,1.371
77750,15.925166,42.566193,5.73,-0.102
77754,15.925665,-60.177647,5.78,0.355
77759,15.927737,18.620745,6.26,-0.089
77762,15.92804,72.392043,7.24,1.033
77766,15.928312,-26.747217,7.33,0.498
77767,15.928409,-8.647644,6.94,1.085
77768,15.928636,-44.532407,6.83,-0.008
77776,15.929884,37.946958,5.43,0.352
77781,15.930455,58.911774,6.31,-0.028
77788,15.931829,-2.164408,6.77,0.61
77791,15.932348,-40.786505,7.41,1.087
77806,15.934757,-40.704761,7.05,0.117
77808,15.934982,-60.482477,5.76,0.087
77810,15.935233,-39.864364,6.04,0.13
77819,15.936693,10.297387,7.26,1.126
77822,15.937229,-31.785882,6.29,0.462
77823,15.937342,-14.399402,6.32,0.485
77836,15.940882,15.661617,3.85,0.478
77842,15.942604,-14.829438,6.11,0.243
77853,15.944827,5.911087,7.38,1.111
77861,15.945979,12.477928,6.94,0.407
77868,15.948077,-29.214073,3.87,-0.199
77869,15.948193,-33.966134,5.14,0.129
77870,15.948366,-33.964281,5.59,0.072
77881,15.95108,-48.162186,6.31,0.381
77882,15.951402,-35.9276,6.91,0.115
77883,15.951447,-16.034409,6.53,1.769
77888,15.952396,-6.296632,7.19,0.171
77893,15.953521,-21.485682,7.13,0.152
77894,15.953798,-27.642561,7.29,0.448
77896,15.954048,14.41448,5.54,1.141
77898,15.954144,3.405346,7.3,0.264
77906,15.955924,-36.185344,5.78,1.095
77917,15.958288,39.695086,6.3,1.11
77923,15.959794,26.87788,4.14,1.231
77932,15.96124,-20.98308,5.84,0.012
77933,15.961349,-60.200257,7.33,0.621
77944,15.963196,54.749762,4.96,0.269
77947,15.963556,-23.527301,6.77,-0.008
77960,15.966485,-31.728932,7.03,-0.011
77971,15.969825,-14.279358,4.95,-0.08
77982,15.972527,70.894445,7.26,0.654
77985,15.973333,-44.080823,6.72,0.169
77986,15.973412,37.827477,7.33,0.399
77990,15.9738,43.213712,7.42,0.177
77993,15.974076,-13.442769,7.12,1.653
77996,15.974649,4.754897,7.09,1.005
77999,15.975214,36.022148,7.33,1.485
78000,15.975222,-37.503878,6.31,1.006
78010,15.976352,-24.831488,5.43,-0.092
78022,15.978854,-60.707328,7.4,1.599
78024,15.979093,30.004642,7.37,1.545
78029,15.980865,-26.114105,2.89,-0.18
78040,15.982697,36.643773,5.61,1.529
78043,15.982821,-65.037585,5.74,-0.066
78050,15.984552,49.881043,6.04,0.289
78052,15.984975,29.431582,7.11,1.145
78070,15.988974,-33.012191,6.97,0.031
78074,15.989929,-58.726216,7.07,0.16
78080,15.990999,-27.016293,7.02,1.096
78087,15.991743,-41.744436,4.99,0.988
78090,15.993331,-62.814989,7.05,1.606
78095,15.993965,-29.632557,7.34,0.606
78097,15.994804,-7.302058,6.64,0.093
78105,15.996335,-6.127542,7.4,1.107
78110,15.99723,-64.854148,6.89,1.767
78116,15.998007,-31.16845,6.57,1.0
78119,15.998374,-54.020911,6.1,-0.016
78123,15.998626,-33.38533,6.83,0.035
78124,15.998649,-78.027277,6.4,0.387
78131,15.999401,-40.65311,6.51,1.499
78141,16.000597,0.623649,7.2,1.638
78143,16.000699,83.404101,7.35,0.873
78148,16.002036,-38.396706,3.42,-0.206
78151,16.003285,44.279504,6.78,1.165
78164,16.005447,-16.53335,5.47,0.517
78165,16.005557,-22.62171,2.29,-0.117
78166,16.005865,67.627406,7.02,0.439
78169,16.006086,-43.822752,7.4,1.193
78192,16.011809,31.568241,6.61,1.094
78194,16.012117,32.039537,7.07,1.203
78197,16.013021,-72.462898,6.58,1.404
78198,16.013027,-39.088508,6.67,0.249
78199,16.013231,-8.411353,5.53,0.043
78205,16.014204,4.427363,5.82,1.003
78208,16.014919,-40.43548,6.21,0.01
78209,16.015044,13.271648,7.05,0.528
78211,16.015262,39.177518,6.74,0.131
78215,16.016075,64.950031,7.06,0.111
78223,16.017412,33.303509,5.39,0.612
78230,16.018288,-21.155648,7.12,1.054
78232,16.018468,-54.577899,6.12,0.264
78234,16.018911,-24.266601,7.16,1.474
78239,16.019644,-63.776538,6.42,0.567
78244,16.020644,17.818397,5.1,0.992
78249,16.022098,-31.889137,6.33,1.454
78254,16.0237,-66.848606,7.36,1.444
78256,16.024047,29.851061,4.98,-0.05
78265,16.025733,47.142633,7.16,1.413
78276,16.028106,-3.763435,6.87,0.395
78281,16.029813,-34.627238,7.43,1.797
78290,16.031532,58.565251,4.01,0.528
78292,16.032071,-21.980389,7.19,0.089
78295,16.033018,-37.534367,7.39,0.097
78299,16.033917,40.022846,6.86,1.298
78302,16.034578,-51.120771,6.38,-0.003
78303,16.034678,-36.743914,6.99,0.006
78304,16.034877,52.915917,5.93,1.498
78307,16.035176,-0.821106,7.27,0.3
78309,16.036212,-42.700229,6.91,0.501
78311,16.037099,-22.68756,7.33,0.079
78315,16.037792,-73.515408,6.68,0.236
78316,16.038248,22.804454,4.82,0.066
78324,16.041252,-56.854462,6.51,0.526
78325,16.041414,-26.148032,7.5,1.601
78336,16.04422,47.240355,6.52,1.164
78337,16.044283,-29.1358,6.07,1.304
78342,16.045334,-0.412387,7.45,1.018
78352,16.046172,22.238464,7.03,0.148
78354,16.046634,46.036705,4.72,-0.094
78364,16.047763,-25.014308,7.03,0.177
78365,16.04792,-62.54159,6.25,-0.015
78369,16.048886,-43.441546,7.36,0.073
78377,16.04968,-8.048205,7.12,0.427
78386,16.050975,-5.834548,6.97,1.348
78389,16.051961,-19.840713,7.31,0.264
78393,16.052599,59.410738,6.19,1.576
78400,16.053579,-49.229695,4.65,0.902
78408,16.054482,-26.7171,6.96,0.505
78410,16.055379,36.631787,5.79,0.586
78411,16.05573,-25.86524,4.96,1.234
78416,16.05672,-38.602541,4.9,-0.146
78422,16.058718,76.793939,5.73,0.051
78423,16.058931,-57.775064,4.63,0.252
78426,16.059545,-32.000538,6.0,0.47
78434,16.061003,11.433568,7.13,1.297
78436,16.061505,-64.465026,7.44,1.148
78437,16.061537,59.089625,6.81,0.99
78443,16.062352,-60.498462,7.12,-0.046
78446,16.062692,4.986834,6.07,0.96
78451,16.063843,17.802772,6.75,1.204
78460,16.065195,-24.726312,6.22,1.386
78464,16.066767,73.148371,6.85,0.488
78470,16.067706,25.254843,7.1,0.771
78471,16.068389,-59.176182,6.4,1.366
78477,16.069389,-9.919725,7.4,1.274
78483,16.070413,34.178791,6.78,0.065
78487,16.071617,-33.213718,6.1,0.338
78489,16.072123,6.011276,7.14,1.241
78491,16.07259,-53.710375,6.46,0.006
78498,16.073867,-11.44938,7.44,0.75
78502,16.074886,0.67222,6.81,0.451
78507,16.076899,-37.862951,5.91,0.409
78512,16.07817,-1.160148,7.28,0.985
78514,16.078424,-37.816131,7.08,-0.011
78516,16.079025,-39.434656,6.95,-0.084
78522,16.080264,70.261717,6.85,0.128
78523,16.080273,60.044716,7.41,1.167
78536,16.082469,39.156509,6.66,0.734
78545,16.08414,-18.539472,6.74,0.465
78552,16.085691,-3.527611,6.87,0.176
78563,16.087642,-56.339903,7.22,1.89
78567,16.088418,-55.811196,7.49,0.84
78577,16.089954,-31.456928,7.07,0.251
78580,16.09062,-19.805453,2.56,-0.065
78581,16.09071,-19.80186,4.9,-0.024
78599,16.093872,8.096248,6.27,0.084
78600,16.093861,21.892864,7.23,0.593
78603,16.094572,-20.45006,7.39,1.043
78609,16.09571,-6.291129,6.35,0.413
78611,16.095868,32.247778,6.71,1.524
78614,16.096887,36.528223,7.39,0.87
78618,16.09785,9.935957,6.93,0.042
78628,16.098851,-72.400898,5.7,1.169
78630,16.099948,-6.139754,6.39,1.034
78635,16.100785,13.320929,6.8,0.995
78636,16.101607,64.687296,7.08,1.234
78637,16.101772,-23.606315,5.9,-0.071
78646,16.103823,-0.366523,7.41,1.002
78648,16.104049,1.711022,7.41,0.976
78653,16.105475,67.810134,5.44,-0.019
78661,16.106423,5.412666,7.39,0.44
78673,16.108176,-45.173185,4.73,0.23
78675,16.108591,-40.450162,7.22,0.735
78678,16.109874,-36.802288,4.22,-0.184
78689,16.112523,-64.56159,7.11,1.305
78693,16.113452,-20.669192,3.93,-0.046
78706,16.116547,47.505042,6.65,-0.025
78709,16.116975,-3.877834,7.43,1.692
78715,16.117604,-14.071292,6.32,0.66
78722,16.120054,-76.255923,7.45,1.136
78724,16.120343,-45.346215,7.38,1.419
78726,16.120427,-42.069612,7.18,1.594
78730,16.121168,-36.755676,5.72,0.298
78745,16.122827,21.822615,6.15,1.365
78748,16.123357,-56.190956,6.16,0.565
78750,16.123424,-20.868764,4.31,0.831
78751,16.123644,-48.422438,6.61,0.147
78753,16.123801,13.336464,7.32,0.344
78760,16.126321,-36.719656,6.64,1.116
78766,16.126782,-12.74541,5.75,0.018
78767,16.127094,9.891743,5.63,0.2
78778,16.128905,-46.525343,7.07,0.045
78788,16.130291,12.373522,7.29,0.948
78791,16.13108,-24.462349,6.32,-0.038
78796,16.132758,-71.944637,7.01,0.273
78797,16.133165,45.380295,7.01,1.017
78803,16.134551,-36.231835,6.75,-0.056
78804,16.134591,17.04698,5.0,0.931
78805,16.13471,17.054382,6.25,1.14
78806,16.134753,-58.970753,6.74,0.224
78807,16.134921,10.080439,6.74,0.169
78808,16.135312,-18.243133,7.02,0.562
78809,16.135329,-27.730436,7.19,1.613
78810,16.135439,-26.326679,5.35,1.643
78815,16.136344,-53.078952,6.86,1.989
78816,16.136592,-77.288952,7.45,-0.039
78820,16.138026,-51.636109,7.44,1.56
78829,16.140841,-77.238825,7.3,1.117
78830,16.140903,-10.102308,6.69,0.507
78832,16.141132,8.53431,5.69,1.575
78839,16.142494,-62.981878,6.88,-0.062
78840,16.142858,-39.105094,7.0,0.19
78841,16.142934,-39.092854,6.65,-0.071
78846,16.143476,8.613176,6.47,1.418
78858,16.145478,-23.685416,5.86,0.02
78861,16.146162,44.934906,4.23,-0.045
78862,16.146286,17.205638,6.13,-0.003
78872,16.147495,-61.80058,7.29,1.64
78879,16.149529,36.490944,4.73,1.015
78880,16.149689,3.454475,5.93,1.471
78882,16.150594,-9.647802,7.25,0.349
78885,16.150806,57.937883,6.33,0.032
78893,16.152513,-56.057943,6.51,1.389
78894,16.152597,50.180863,6.86,1.028
78897,16.153115,6.378695,5.93,0.988
78898,16.15309,-32.100335,7.45,0.506
78903,16.153806,-71.069607,7.23,0.714
78912,16.154869,41.095202,6.69,0.53
78913,16.155154,-57.934318,5.57,-0.024
78921,16.156536,63.407638,6.86,0.117
78924,16.157219,55.828975,6.43,1.076
78925,16.157397,11.574461,7.45,0.604
78926,16.157768,11.74791,7.04,0.387
78933,16.158818,-32.649012,6.18,0.79
78947,16.161501,0.819842,6.68,1.36
78950,16.161905,-56.445149,7.11,0.856
78955,16.164033,-3.466729,5.39,1.446
78959,16.164609,-33.545805,5.5,-0.075
78960,16.164833,-12.885696,7.47,1.128
78963,16.165354,-18.34062,6.43,0.447
78964,16.165649,59.871764,6.76,0.069
78968,16.166441,-62.967154,6.5,0.231
78974,16.166822,-35.642559,7.16,0.596
78979,16.167754,26.74275,6.57,1.037
78985,16.168466,25.487792,7.41,0.939
78989,16.169411,-24.58242,6.64,0.024
78990,16.169599,-40.128829,7.07,0.145
78991,16.170083,1.601092,6.61,0.961
78995,16.17109,-26.909126,6.59,0.073
78996,16.171134,48.61138,7.4,0.95
79004,16.172193,-22.157021,7.05,0.145
79009,16.173412,43.817645,6.61,0.877
79011,16.174142,-62.922911,7.45,-0.004
79040,16.180424,75.877563,5.48,-0.093
79045,16.181676,30.985403,7.42,0.706
79057,16.183136,43.055009,7.36,1.074
79062,16.18391,-29.41622,5.09,1.131
79080,16.188256,-41.119803,5.86,0.273
79082,16.188559,-45.33343,6.65,0.482
79092,16.191316,16.665692,6.09,0.02
79097,16.191601,9.712027,6.52,0.268
79103,16.192646,-27.150852,6.95,0.121
79109,16.193899,23.494801,5.74,1.519
79110,16.194333,33.342764,6.3,1.228
79117,16.196556,42.374569,5.89,1.464
79118,16.196682,36.425094,5.62,1.352
79132,16.199424,-54.352934,6.53,0.02
79134,16.199926,-19.460708,4.0,0.076
79135,16.199997,-10.064253,4.93,0.087
79137,16.200681,-18.232623,7.41,0.616
79145,16.201818,39.055524,6.39,1.262
79147,16.202032,-8.547576,5.43,0.118
79159,16.204456,-28.417305,5.67,0.012
79161,16.204864,32.655356,7.35,1.036
79164,16.205057,-27.926372,4.58,-0.172
79171,16.206168,-61.929027,7.02,0.023
79174,16.207047,67.144176,6.21,0.993
79180,16.208936,75.210681,6.36,1.283
79201,16.212629,26.670583,6.48,0.391
79203,16.212693,-1.721905,7.48,-0.117
79212,16.214167,32.599208,7.5,1.122
79213,16.214289,19.101548,7.08,1.494
79223,16.215718,-4.220809,6.26,0.133
79225,16.216046,12.800702,7.01,0.23
79232,16.218877,21.566191,6.69,0.182
79235,16.219763,-15.116965,7.32,1.688
79237,16.219959,-49.884702,6.83,0.15
79239,16.220083,-34.306883,7.39,1.795
79240,16.220257,38.072414,7.08,0.363
79248,16.220953,5.021086,5.46,1.472
79250,16.221381,-53.671171,6.03,1.965
79252,16.221791,13.526911,6.68,0.764
79257,16.222984,-55.540947,5.78,0.365
79261,16.223697,35.198925,7.49,1.36
79263,16.223778,-4.051575,6.96,0.296
79266,16.224345,39.824424,7.14,1.263
79267,16.224447,-64.985658,7.46,-0.052
79270,16.224648,-54.630467,4.95,1.017
79282,16.227388,-1.475133,6.45,0.997
79284,16.227875,-21.39996,6.68,0.617
79289,16.229287,-8.118012,6.84,1.071
79290,16.229305,-24.422092,6.4,0.043
79299,16.230696,6.993917,7.41,0.168
79300,16.230807,-11.837747,5.24,1.394
79324,16.234848,-58.039044,7.04,1.29
79327,16.235136,-4.158479,7.4,0.126
79331,16.235501,-48.932773,6.75,1.29
79338,16.23665,-31.663651,6.55,0.646
79341,16.237113,5.901846,6.3,1.148
79348,16.237935,-10.414497,7.28,0.495
79352,16.239094,-3.694323,2.73,1.584
79354,16.239479,2.647193,6.93,0.543
79355,16.239546,-33.011088,5.91,1.021
79358,16.241357,-21.107636,6.41,0.002
79360,16.242628,73.394891,6.02,0.063
79364,16.244235,-18.535649,6.32,1.085
79366,16.24469,33.858613,5.23,0.599
79367,16.245067,7.858242,6.59,1.3
79377,16.246656,18.216564,7.46,0.996
79380,16.248146,-22.380306,7.38,0.075
79381,16.248175,-25.476976,6.06,0.027
79390,16.24938,-39.627811,7.16,0.019
79410,16.254159,34.713169,7.25,1.052
79412,16.254257,-47.372021,5.13,-0.114
79420,16.256656,-42.899422,6.14,1.114
79423,16.257297,-63.685682,3.86,1.105
79425,16.257955,18.808087,5.72,1.126
79426,16.25924,-12.680035,7.48,0.155
79431,16.260352,-8.369442,5.49,0.652
79444,16.263132,53.236672,6.95,0.403
79445,16.263146,27.422081,6.14,1.334
79448,16.263834,-57.91235,5.61,0.137
79450,16.264089,36.554481,7.0,1.332
79451,16.264304,-14.849115,6.09,0.098
79463,16.266626,11.425268,7.26,0.994
79475,16.26917,-43.125532,6.92,1.198
79483,16.271311,23.122726,6.57,0.986
79488,16.272112,-1.648134,7.07,0.521
79495,16.273316,8.035983,7.47,0.958
79498,16.274082,-24.281945,6.7,0.147
79512,16.278687,-53.811109,5.45,1.696
79516,16.279107,29.150261,5.8,0.063
79523,16.279574,40.038371,6.76,1.527
79526,16.280074,-5.49679,7.2,0.261
79538,16.282028,-3.953349,6.18,0.326
79541,16.282657,18.846042,7.44,1.542
79543,16.282991,-21.304131,6.61,0.01
79544,16.283017,-80.800251,7.15,1.038
79545,16.283042,-53.696234,6.4,0.793
79546,16.283111,-20.104088,6.4,1.27
79548,16.283593,-50.068122,4.97,0.788
79555,16.284849,-67.941285,5.95,0.159
79560,16.287051,-70.991345,7.08,0.081
79562,16.287595,59.755023,5.37,1.551
79572,16.28915,-53.086385,6.3,0.273
79580,16.291791,75.75533,4.95,0.393
79591,16.295377,1.496714,6.5,1.128
79594,16.295954,-4.036725,7.21,0.511
79595,16.296097,31.804384,6.84,0.605
79601,16.297213,-13.372492,7.24,1.111
79602,16.297568,35.699578,7.46,0.135
79604,16.297652,23.607308,7.2,1.468
79610,16.299927,-13.444744,7.36,0.351
79611,16.300332,6.078566,7.28,1.03
79619,16.301623,62.423288,7.33,1.08
79620,16.301634,34.482764,7.5,0.631
79625,16.302721,68.554545,6.39,1.343
79633,16.303924,-34.914732,7.1,1.702
79636,16.304489,-28.041707,7.07,-0.016
79638,16.304851,-46.449804,7.48,1.79
79639,16.304973,-28.61402,4.8,0.008
79640,16.305358,-4.692511,3.23,0.966
79645,16.306537,-73.043404,6.58,0.012
79647,16.306571,25.896685,6.7,0.882
79650,16.30726,-58.392912,7.22,1.243
79653,16.307536,-17.387683,7.36,0.415
79658,16.309075,77.548693,7.48,1.482
79690,16.314398,-57.89979,6.54,0.931
79696,16.316783,-14.872825,5.97,1.475
79697,16.316826,37.765718,7.22,1.128
79698,16.317403,-49.406355,7.28,0.027
79703,16.318811,-20.218072,6.29,1.066
79706,16.319281,-6.876306,6.88,1.09
79711,16.319783,49.038159,5.93,1.369
79720,16.321444,-35.490897,6.63,0.375
79721,16.321568,-42.673965,5.44,0.099
79725,16.322444,-54.513595,7.09,0.642
79737,16.325421,-30.901869,7.29,0.585
79738,16.325758,-30.906716,5.53,0.466
79742,16.326423,-18.828028,7.06,0.255
79750,16.329011,46.313366,3.91,-0.151
79752,16.329214,19.833476,7.49,1.262
79756,16.330359,76.143136,7.05,0.204
79759,16.330687,-50.155508,4.01,1.08
79763,16.331217,83.697267,7.13,0.184
79766,16.33199,39.708584,5.48,0.41
79775,16.333465,-64.648816,6.7,0.0
79779,16.334521,21.13261,6.04,0.938
79782,16.334859,-20.056399,7.36,0.156
79793,16.337393,-39.630021,6.89,1.015
79799,16.338099,-74.305922,7.28,1.008
79800,16.338392,36.975584,6.57,1.527
79805,16.339119,-78.695745,4.68,1.68
79809,16.340159,52.039035,6.63,0.085
79812,16.340345,-55.139706,5.76,0.97
79815,16.340795,-78.667496,5.27,1.413
79818,16.34117,-12.911038,6.56,0.385
79824,16.342394,-39.430344,6.11,-0.079
79829,16.342802,-68.536649,7.2,-0.048
79837,16.343939,-24.16932,4.55,0.758
79843,16.34536,-21.840674,6.8,1.704
79869,16.352976,22.239822,6.91,1.26
79870,16.353143,-25.592796,2.9,0.299
79884,16.355331,-23.707982,7.04,0.137
79898,16.357219,-33.301267,7.39,0.465
79899,16.35751,-48.188624,6.51,-0.047
79906,16.359536,-33.234545,7.36,1.466
79907,16.359686,0.076807,6.85,1.112
79909,16.360257,-51.751077,6.87,1.248
79910,16.360413,-71.873898,6.71,0.02
79912,16.360788,70.497577,7.32,1.066
79918,16.362712,-42.003727,7.44,0.321
79919,16.363536,69.109391,5.26,1.115
79922,16.364443,21.812223,7.09,1.234
79924,16.365145,13.455276,7.39,1.33
79925,16.365159,-55.551619,7.0,0.173
79928,16.365338,19.15313,3.74,0.299
79938,16.367875,1.029039,4.82,0.338
79939,16.368287,30.891996,4.86,0.97
79945,16.370849,2.875413,7.24,1.355
79951,16.371497,-8.741636,7.34,0.313
79953,16.372025,3.084997,7.32,0.433
79955,16.372618,33.799052,5.2,1.631
79958,16.372831,-80.745823,7.04,0.435
79966,16.374444,-49.572354,5.32,-0.047
79970,16.374741,-43.912051,5.89,1.121
79973,16.374783,33.703478,5.4,1.523
79976,16.375756,-4.249244,7.34,0.718
79977,16.376124,76.445059,7.43,1.552
79985,16.377474,-2.07987,6.24,0.058
79991,16.379717,-62.569252,7.29,0.944
79998,16.381554,-17.019142,6.87,0.373
79999,16.38171,-75.974685,6.86,1.551
80002,16.381894,-66.887342,6.75,-0.073
80005,16.38236,32.333013,6.41,0.083
80006,16.383182,-7.208936,7.47,1.736
80015,16.384605,19.505983,7.39,0.197
80019,16.384977,-0.856162,7.46,0.358
80022,16.385297,50.344215,7.42,0.516
80025,16.385451,-37.424577,6.77,1.271
80035,16.386493,-34.92495,7.17,0.375
80039,16.388228,35.611768,7.19,0.911
80063,16.394424,-41.074058,7.39,1.661
80069,16.396437,61.696461,5.67,0.956
80080,16.398794,28.38404,7.48,1.088
80082,16.399089,-33.199396,6.45,0.013
80089,16.39986,61.514213,2.73,0.91
80094,16.400279,-58.605651,7.17,0.277
80095,16.400355,-39.19298,5.37,0.625
80100,16.401243,-70.145278,7.05,1.024
80101,16.401718,-20.037327,4.48,0.996
80109,16.403008,6.948207,5.83,0.018
80122,16.404845,55.331974,6.93,0.575
80130,16.406704,10.254334,6.93,1.564
80133,16.407037,55.205096,5.75,0.001
80137,16.407334,52.289406,6.84,0.015
80145,16.408451,-27.151147,7.47,0.171
80148,16.408821,-37.566044,5.42,-0.104
80156,16.410958,-2.488093,7.21,0.43
80157,16.411046,-29.704663,5.4,0.625
80163,16.412144,-34.893758,7.01,0.118
80172,16.413353,44.689945,7.17,0.478
80179,16.415042,-45.349499,6.32,0.187
80185,16.41674,51.716611,7.35,0.238
80202,16.421068,19.239735,7.0,1.623
80206,16.421561,-49.147866,7.33,0.3
80210,16.422329,67.072391,7.18,1.085
80213,16.422817,-63.125217,6.14,0.029
80217,16.42338,37.394079,5.53,0.174
80219,16.423412,-23.46022,6.75,0.266
80221,16.423598,14.03327,4.57,0.002
80225,16.424778,71.384578,7.09,0.624
80227,16.425558,51.138472,7.23,0.356
80231,16.426412,-23.405213,7.27,0.32
80232,16.426422,-23.447178,4.57,0.227
80233,16.426823,-32.076732,7.4,0.425
80237,16.427976,9.3706,6.73,1.435
80238,16.42874,78.963854,5.55,0.249
80272,16.436496,11.407493,6.11,1.065
80275,16.43682,8.512823,7.05,1.06
80283,16.438813,-45.791391,7.5,1.645
80285,16.439221,2.507839,6.66,0.091
80286,16.4393,40.809486,6.9,1.104
80290,16.440292,15.094339,7.29,1.114
80296,16.442233,47.95761,6.51,1.065
80301,16.444224,15.972638,6.7,0.647
80304,16.444777,9.272887,6.66,1.183
80306,16.445355,10.990536,6.68,1.61
80312,16.446958,-71.768249,7.27,1.053
80313,16.447081,16.171747,7.39,1.035
80315,16.447179,-48.044323,7.2,-0.035
80316,16.447243,2.347944,6.06,0.919
80325,16.450225,-82.559908,6.8,1.049
80327,16.450399,-18.456251,4.22,0.217
80328,16.450462,-17.768696,7.22,0.509
80336,16.452481,-58.121585,7.25,1.014
80339,16.453067,-47.554786,4.46,-0.07
80363,16.458213,-69.326035,6.68,-0.019
80364,16.458245,-29.288274,7.01,0.083
80367,16.458964,2.870633,6.35,1.638
80370,16.459407,47.341705,7.32,1.311
80377,16.462071,-7.597929,5.24,1.721
80381,16.462893,-81.961382,7.28,1.093
80385,16.463385,-8.371731,4.62,0.185
80394,16.464733,-69.861374,7.22,-0.026
80397,16.465177,25.984353,6.88,0.1
80402,16.465918,-64.057942,5.28,0.383
80404,16.466029,32.699469,6.87,1.07
80406,16.4664,68.768137,4.94,-0.051
80407,16.466418,-46.250831,7.0,1.545
80412,16.467013,51.59209,7.3,1.02
80428,16.470685,-37.179881,5.79,1.104
80429,16.470858,-25.454009,6.97,0.189
80431,16.470881,-58.599795,5.67,0.008
80433,16.471127,-16.212186,7.19,0.441
80438,16.472543,67.044,6.45,1.517
80440,16.473379,15.4313,7.33,0.986
80442,16.474422,-70.084401,4.9,0.555
80443,16.474487,-13.39964,6.89,0.95
80446,16.475507,29.075705,7.24,0.119
80449,16.476106,0.665002,5.41,1.461
80451,16.476193,1.586871,6.93,0.987
80459,16.477191,19.018629,7.25,0.918
80460,16.477373,41.881677,4.83,1.289
80464,16.478421,0.054855,6.46,1.378
80466,16.478731,51.407738,6.31,1.052
80468,16.479312,-17.984991,7.18,0.269
80475,16.480265,-8.128843,6.49,0.41
80477,16.480524,-44.812612,7.32,0.134
80481,16.481299,18.414055,6.98,0.848
80490,16.48292,22.894941,7.5,0.964
80508,16.487528,-71.123965,7.25,0.451
80519,16.490128,-26.432002,1.06,1.865
80524,16.490483,-13.570369,7.09,1.563
80538,16.495091,-46.243229,5.35,0.488
80543,16.49586,35.201893,7.44,1.065
80544,16.495895,-57.756323,6.09,1.459
80547,16.496307,7.748921,6.85,1.128
80549,16.496367,-14.550879,5.66,0.823
80551,16.496796,-11.129531,6.9,0.167
80552,16.497532,5.970781,6.9,0.428
80555,16.498712,-75.206142,7.35,1.273
80559,16.499777,-25.14779,7.34,0.236
80564,16.501681,48.96109,6.44,0.026
80569,16.502813,15.128289,7.47,0.349
80570,16.503466,-25.115224,4.79,-0.116
80571,16.503668,21.489613,2.78,0.947
80573,16.504162,47.952379,6.98,0.582
80574,16.504355,-27.916253,6.89,0.078
80575,16.504377,-52.440841,7.08,0.021
80586,16.507118,-10.441385,7.47,0.609
80592,16.507906,4.178224,7.27,0.545
80594,16.508257,33.75088,6.97,0.99
80595,16.508338,-7.514451,6.46,0.371
80598,16.50932,20.479188,5.24,1.274
80605,16.510839,77.446514,6.35,0.995
80629,16.513713,-61.633503,5.19,1.236
80637,16.515229,1.983923,3.82,0.022
80638,16.515339,30.940888,7.17,0.573
80642,16.51744,35.225066,6.25,1.64
80648,16.518991,-16.612733,4.29,0.924
80649,16.519656,-34.332802,6.94,0.962
80652,16.520398,22.195458,5.76,1.605
80656,16.521479,79.789775,7.01,0.607
80658,16.52172,-7.920854,7.32,0.497
80661,16.522547,1.308784,6.79,1.39
80664,16.523015,-26.537643,6.07,1.085
80665,16.523037,-34.704366,4.24,-0.168
80674,16.524522,72.612338,6.27,1.291
80679,16.525028,-39.012275,7.24,0.858
80680,16.525159,33.513674,7.09,0.103
80682,16.525173,8.2941,6.97,0.904
80693,16.527373,5.433707,7.5,0.357
80699,16.528269,-41.817145,5.31,0.299
80702,16.529051,-64.473408,6.61,-0.042
80707,16.529786,45.598281,5.61,0.125
80708,16.529986,-7.023266,7.41,0.18
80711,16.530914,-62.290232,7.24,-0.023
80718,16.53235,9.414423,6.51,0.429
80722,16.533619,-9.69605,7.28,0.496
80725,16.534417,3.362077,7.29,0.236
80728,16.535579,-12.431642,6.98,0.14
80729,16.535611,-21.46639,4.45,0.13
80740,16.539347,30.123739,7.41,1.425
80744,16.540463,60.823323,5.92,0.039
80755,16.542543,40.113365,7.3,0.803
80761,16.543246,5.52122,5.63,-0.044
80762,16.543415,11.488041,4.84,1.495
80764,16.543926,-15.987533,7.02,0.543
80770,16.54497,62.854905,7.36,0.332
80781,16.548817,-10.562485,6.84,0.279
80782,16.549085,50.142109,6.82,0.912
80795,16.551647,-63.842244,7.37,0.573
80816,16.556495,-4.261975,7.24,0.533
80819,16.557609,-78.897148,3.86,0.923
80820,16.558091,30.499067,6.87,0.242
80823,16.558668,-12.56024,7.41,1.973
80827,16.559456,10.369023,6.74,0.243
80831,16.559682,-62.121569,6.94,1.043
80833,16.559979,-53.200222,6.59,0.883
80837,16.561403,-37.38288,7.47,0.213
80839,16.561619,38.091062,6.59,0.442
80849,16.563987,13.394745,6.92,1.127
80850,16.564164,-46.558716,7.5,1.819
80854,16.564552,-48.111243,6.73,0.316
80857,16.56527,68.012994,7.13,1.396
80867,16.56644,52.237962,6.84,1.011
80876,16.568061,-44.045315,4.86,0.045
80879,16.568351,-48.461489,6.92,0.264
80880,16.568384,42.437041,4.2,-0.013
80890,16.56957,-38.390292,7.47,0.746
80895,16.572044,-70.988097,5.5,1.235
80898,16.573076,-49.769809,7.39,0.782
80904,16.57436,8.673985,6.85,1.106
80922,16.578267,-66.014092,7.34,-0.09
80926,16.579359,-49.395597,7.42,0.443
80942,16.583542,60.468122,7.23,1.5
80952,16.585487,-45.244366,6.43,1.346
80962,16.587178,-35.724642,6.63,-0.049
80970,16.588893,-53.647283,7.2,-0.067
80973,16.589257,77.755187,6.89,0.639
80984,16.590593,17.100767,7.27,0.088
80985,16.590636,17.057342,6.42,0.062
81002,16.594792,57.781123,7.43,0.208
81006,16.595775,-65.495399,5.5,0.949
81013,16.597046,-71.894254,6.52,0.024
81020,16.598043,-28.216016,2.82,-0.206
81033,16.600841,1.381389,7.25,0.523
81035,16.601443,-51.239798,7.34,0.01
81043,16.603113,46.613333,5.83,1.044
81044,16.603174,52.900048,5.53,-0.06
81046,16.603812,52.924422,5.07,-0.027
81054,16.605958,-2.324584,5.77,0.827
81057,16.606195,33.82178,6.95,1.089
81058,16.606242,-35.255326,4.18,1.535
81059,16.606268,-42.858861,5.46,0.338
81066,16.607222,30.941683,7.1,0.555
81070,16.607965,-40.303035,7.11,0.087
81072,16.608719,-8.854009,6.88,0.563
81073,16.608801,36.039931,7.06,1.555
81074,16.608898,-67.00491,7.12,0.092
81087,16.611049,-77.34549,7.31,0.382
81089,16.611527,-35.916366,6.89,0.374
81091,16.611928,15.497455,6.36,-0.055
81092,16.61235,-66.984405,7.42,1.079
81107,16.614344,7.107194,7.29,0.016
81111,16.614982,22.867918,6.87,1.007
81112,16.615275,63.072824,6.17,1.527
81114,16.615895,-54.985208,7.2,1.466
81115,16.616168,14.475253,7.04,-0.174
81121,16.617402,-38.676211,7.36,0.005
81128,16.619008,0.254342,7.09,0.828
81129,16.619029,-52.381695,6.84,1.607
81130,16.619316,-10.56709,2.54,0.038
81154,16.625047,43.564735,7.28,0.09
81156,16.626044,5.277526,6.48,1.15
81163,16.627128,22.444873,7.15,1.428
81177,16.630003,13.687035,6.3,0.433
81178,16.630281,27.043834,6.96,1.667
81180,16.631332,78.918667,6.33,1.141
81183,16.633025,-58.630852,7.41,-0.05
81185,16.63326,-46.154616,6.62,1.539
81189,16.633462,56.01554,5.28,1.055
81192,16.633765,-6.538014,6.05,0.165
81197,16.634454,39.57722,6.74,1.147
81203,16.636039,61.172327,6.91,1.549
81210,16.637417,-46.931602,7.46,0.622
81211,16.637828,29.672488,7.5,0.73
81223,16.64042,-7.153025,7.47,1.607
81224,16.640637,-43.398426,5.83,-0.053
81226,16.641293,-18.220479,6.73,0.248
81229,16.641929,-39.152328,6.93,-0.02
81235,16.642372,48.862294,6.56,1.54
81236,16.642648,-1.23152,6.73,1.274
81238,16.642985,-18.825698,6.97,1.455
81245,16.645067,-68.720873,7.23,-0.048
81249,16.645794,48.928342,4.86,1.562
81251,16.646591,-8.61861,6.44,1.806
81259,16.647974,-60.990402,6.16,-0.073
81268,16.650515,50.829828,7.03,1.039
81272,16.651183,-58.258203,7.01,0.616
81275,16.651452,-37.21737,5.93,-0.035
81281,16.652488,38.344981,7.41,0.158
81292,16.654325,-1.757902,7.5,1.482
81293,16.654557,-29.924236,7.14,0.26
81306,16.656097,22.005968,6.76,1.292
81311,16.657242,29.218226,7.26,0.188
81324,16.659779,-7.512316,7.46,0.385
81331,16.660869,-9.554589,6.33,0.492
81336,16.662029,-50.212781,7.28,1.0
81340,16.662426,-56.994407,6.73,-0.06
81357,16.665794,-47.783585,7.27,0.432
81359,16.667164,-6.081258,6.72,0.548
81367,16.669621,-28.940126,6.89,1.591
81370,16.670074,17.707212,7.21,1.334
81371,16.670257,-33.743574,6.55,1.208
81383,16.676255,-20.408649,6.25,1.077
81385,16.676431,4.207203,6.92,0.136
81388,16.676995,56.167027,7.47,1.149
81391,16.67718,-35.687176,6.64,0.173
81392,16.677413,4.219789,5.77,-0.004
81397,16.678476,72.671659,6.98,1.574
81400,16.678999,-51.47826,6.3,0.321
81402,16.679051,-48.75617,7.07,0.033
81404,16.679836,-72.29961,6.53,0.8
81408,16.68068,-60.446442,6.17,0.488
81410,16.680928,12.395043,6.08,0.046
81411,16.681978,64.589046,4.84,1.212
81412,16.682026,-58.868772,7.35,0.387
81413,16.682336,-8.309628,6.47,1.147
81421,16.683496,24.858705,6.07,1.316
81424,16.684605,36.201194,7.29,0.263
81429,16.684888,-47.746117,7.23,0.023
81430,16.685084,62.307993,7.16,0.121
81431,16.685499,-11.838596,6.85,1.779
81432,16.685615,-2.857277,7.21,0.631
81438,16.68654,-1.000312,6.25,0.313
81442,16.687982,1.245444,6.4,1.019
81444,16.688113,31.602726,2.81,0.65
81445,16.688521,-18.059463,6.68,0.171
81446,16.688626,22.43674,7.19,0.991
81448,16.688736,-48.763218,6.87,0.13
81452,16.689004,-48.762957,5.57,0.169
81454,16.689308,30.273131,7.5,0.456
81460,16.689756,-68.296123,5.89,-0.078
81467,16.691722,4.871843,6.96,0.159
81471,16.69254,18.921507,7.34,1.462
81474,16.692884,-17.742167,4.91,1.095
81475,16.692984,30.875759,7.07,0.525
81478,16.693384,-24.467962,6.07,0.214
81479,16.693527,26.91688,5.92,0.402
81481,16.693766,-27.809676,6.52,1.119
81483,16.694507,-49.651552,5.62,-0.043
81484,16.695134,1.181231,5.74,0.336
81491,16.695961,-33.145759,5.84,0.653
81496,16.697163,-45.368728,7.03,0.653
81504,16.698247,-19.924377,5.55,0.436
81507,16.699225,73.887381,6.82,0.223
81549,16.707244,21.592885,7.21,0.145
81550,16.707714,49.936441,6.48,0.541
81553,16.708082,-37.079353,6.47,0.776
81562,16.709836,-11.174639,7.38,0.231
81563,16.71083,-61.785017,6.57,0.775
81567,16.711197,-70.58049,7.4,-0.004
81569,16.712958,-37.342515,7.16,0.78
81570,16.713006,-62.370051,7.04,0.989
81573,16.71345,-62.553931,6.23,1.524
81580,16.714669,-79.024261,6.73,1.345
81583,16.714933,38.922254,3.48,0.916
81587,16.715845,15.654305,7.41,1.383
81590,16.716232,55.690119,6.18,0.088
81596,16.717466,3.454365,7.41,0.317
81597,16.717657,-46.070293,6.22,0.821
81598,16.71784,36.509643,6.86,1.541
81602,16.718126,-77.517435,4.23,1.06
81604,16.71838,77.513973,5.99,0.43
81614,16.720744,12.878324,7.45,1.484
81623,16.722812,-67.432386,6.02,0.037
81630,16.725026,20.716113,7.19,0.573
81634,16.725939,12.418583,7.21,1.334
81639,16.727368,32.692307,7.34,1.086
81640,16.727423,-32.105945,6.46,-0.076
81647,16.7283,-0.783981,7.32,1.204
81650,16.728991,-47.105707,7.06,-0.054
81653,16.729357,-41.119204,6.21,0.143
81655,16.729888,-38.156346,6.05,-0.054
81660,16.730954,-26.808945,6.72,0.674
81661,16.731027,34.038803,6.02,0.321
81664,16.731689,-41.113344,6.14,-0.078
81681,16.734666,-18.541222,7.45,1.611
81683,16.736268,23.517492,6.87,0.563
81689,16.738166,-27.456244,6.58,0.097
81692,16.73826,-0.556706,7.41,0.181
81709,16.742929,49.862945,7.22,0.301
81716,16.744374,-53.152313,5.96,1.23
81721,16.745114,2.332854,7.46,0.189
81722,16.745165,-40.839675,5.64,-0.093
81741,16.749996,6.088161,6.55,0.89
81742,16.750053,-28.509657,5.99,0.103
81746,16.750639,23.7177,7.32,0.987
81750,16.751454,28.357925,7.14,0.541
81757,16.752408,-23.184045,6.98,0.446
81761,16.75318,-3.084944,6.95,1.79
81762,16.753277,43.217169,6.07,1.415
81770,16.754946,56.781857,4.84,0.375
81771,16.75528,-30.806737,6.99,1.219
81777,16.756255,15.745289,5.6,1.637
81786,16.758243,1.020161,6.02,-0.012
81787,16.758382,-19.136927,6.6,1.876
81795,16.759886,-33.850453,7.11,0.558
81800,16.760591,55.313946,6.96,0.377
81817,16.76338,35.630765,7.33,0.51
81818,16.763462,-26.649419,7.02,0.037
81823,16.763859,8.582616,5.15,1.535
81824,16.764404,46.04469,7.48,1.211
81825,16.764907,-83.239876,6.58,1.571
81827,16.765825,-67.750152,6.88,0.181
81828,16.765819,-61.663514,6.83,0.1
81829,16.766111,4.041803,7.12,0.408
81830,16.766159,82.037262,4.21,0.897
81840,16.768437,-46.531996,6.47,0.087
81859,16.772563,-58.503595,5.74,-0.101
81870,16.776165,-41.610699,7.07,0.179
81878,16.777779,-67.109691,5.1,-0.08
81884,16.779989,-39.376962,5.48,0.975
81889,16.780929,-25.52857,6.72,1.177
81890,16.781011,55.409979,7.34,1.348
81892,16.781388,2.242459,6.72,0.356
81896,16.782093,-68.101965,6.53,0.182
81903,16.7838,-39.533873,6.92,-0.029
81909,16.784614,67.266817,7.05,1.514
81911,16.786043,2.064526,6.07,0.14
81915,16.787751,63.531509,6.8,1.556
81920,16.788795,-58.341441,5.55,-0.096
81921,16.788818,42.238918,5.86,1.504
81931,16.789652,69.098848,7.49,0.034
81936,16.790351,-59.669377,7.4,0.009
81938,16.791147,-48.319462,7.22,1.692
81942,16.791761,-45.460524,7.41,0.003
81944,16.791936,-47.590452,7.22,1.05
81952,16.793823,37.560222,7.18,-0.034
81953,16.793958,79.503707,6.83,1.267
81965,16.796227,5.246746,5.22,-0.001
81970,16.797048,-45.390311,7.22,0.029
81981,16.800254,57.489272,7.06,0.951
81982,16.800511,-15.963953,7.43,0.566
81987,16.801538,-45.944921,6.69,0.377
81988,16.801662,11.132421,7.42,0.957
81990,16.802467,13.590296,6.38,0.877
81995,16.80383,1.090461,7.18,0.263
81996,16.803842,-24.526649,7.08,1.695
81998,16.804622,57.81371,7.45,1.329
82002,16.806717,17.13323,7.37,0.277
82003,16.806849,-31.203668,6.82,-0.041
82008,16.807493,-14.909421,6.03,0.192
82011,16.808449,-61.489116,7.2,1.125
82021,16.810485,-37.251963,7.39,0.475
82022,16.811077,-69.027715,1.91,1.447
82024,16.811519,35.92205,7.21,0.379
82029,16.812017,-67.083221,6.9,1.56
82038,16.814286,-4.515669,7.11,0.764
82041,16.814934,-52.940842,6.74,0.017
82051,16.816498,-47.71877,7.38,0.901
82053,16.816774,12.881954,7.35,1.581
82059,16.817842,34.9563,6.92,1.257
82061,16.818169,48.235478,7.48,0.224
82065,16.819334,12.909142,6.64,0.94
82070,16.820615,45.983323,4.82,0.087
82073,16.820912,29.96471,6.59,1.211
82081,16.823166,52.916856,7.09,1.076
82083,16.82379,0.890529,7.38,0.399
82088,16.824353,-15.66797,6.18,0.234
82096,16.825898,-31.651375,6.81,1.149
82099,16.826294,13.261141,5.91,0.015
82100,16.826383,-21.852334,7.28,1.935
82104,16.827936,43.430437,6.18,1.257
82112,16.82976,-59.041378,3.77,1.562
82115,16.83007,-42.001716,7.16,0.123
82118,16.830563,-10.783,4.64,0.478
82121,16.832546,15.376989,6.98,0.508
82122,16.832815,9.421324,6.91,0.903
82124,16.833169,46.649076,6.9,1.458
82134,16.834467,26.209148,7.28,0.953
82144,16.83608,-34.293232,2.29,1.144
82146,16.836308,-26.742546,7.5,0.108
82151,16.838717,7.247683,5.48,0.108
82154,16.839514,-2.654356,6.32,0.401
82167,16.843356,-50.044946,6.45,0.325
82168,16.843363,41.8965,6.29,1.086
82171,16.844155,29.806538,5.73,1.626
82175,16.845319,32.553668,6.16,1.014
82179,16.845978,-38.25642,7.24,-0.038
82191,16.848744,-16.546928,7.04,0.248
82199,16.849707,5.488996,7.4,0.142
82202,16.85001,-37.514512,6.1,0.124
82205,16.850856,9.878931,7.14,1.67
82209,16.85206,9.404321,6.68,0.529
82212,16.852238,18.077523,7.41,1.141
82217,16.853307,15.794709,7.24,0.069
82227,16.856508,50.773065,7.47,1.08
82229,16.856925,1.215947,5.51,0.055
82234,16.85763,28.121824,7.09,0.891
82242,16.859367,-41.230534,5.23,0.047
82252,16.862499,-73.722621,6.76,-0.027
82253,16.862573,24.656433,5.03,1.246
82254,16.862617,20.574073,6.88,1.129
82255,16.862908,25.400185,7.1,0.354
82259,16.863916,28.666392,6.62,0.479
82262,16.864433,54.331015,7.25,1.207
82263,16.864509,-38.04738,3.0,-0.2
82264,16.864662,-49.115047,7.23,0.448
82265,16.864968,-65.375457,6.12,-0.028
82267,16.865285,67.915032,7.41,0.111
82275,16.868014,14.974215,6.51,-0.033
82276,16.86882,-2.798325,6.96,0.224
82277,16.869165,-57.580331,7.14,-0.057
82287,16.871132,-25.600608,6.91,0.058
82288,16.871598,-67.681633,6.33,1.289
82292,16.872013,-41.854514,6.36,0.264
82293,16.872148,11.241894,7.04,1.611
82294,16.872263,-38.017536,3.56,-0.21
82303,16.874283,-40.723153,6.35,-0.141
82309,16.875525,-42.991791,7.04,0.125
82310,16.875648,-38.436104,7.48,0.16
82314,16.876682,-37.599416,6.71,0.891
82317,16.878095,18.062132,6.81,0.529
82320,16.878853,76.852632,7.35,0.333
82329,16.881991,75.392811,6.82,0.318
82336,16.882796,31.701674,5.34,0.319
82337,16.883001,-0.026421,6.65,0.749
82347,16.885295,-30.429598,7.02,0.168
82353,16.887054,10.874479,6.92,1.495
82360,16.888213,47.416725,5.99,1.325
82369,16.89034,-20.415555,5.86,0.685
82384,16.892306,42.824856,6.81,0.631
82398,16.895119,-43.050968,5.95,1.643
82402,16.896049,21.17294,7.34,1.07
82405,16.89714,-70.170974,7.23,-0.103
82407,16.897229,-54.363437,7.45,1.29
82417,16.899682,-41.994327,6.28,0.462
82419,16.899924,-42.362025,4.7,0.444
82420,16.900106,-57.909507,5.91,1.592
82421,16.900131,10.165359,4.39,-0.088
82424,16.90051,-41.806389,5.46,0.176
82425,16.900519,60.362267,7.04,1.31
82426,16.900704,-54.438312,6.93,0.009
82433,16.901472,-41.079475,7.32,0.135
82439,16.902795,-41.82504,6.07,0.126
82440,16.902799,15.623451,7.2,0.489
82441,16.902946,-1.612304,6.25,0.283
82450,16.905219,46.538999,6.86,0.117
82451,16.905263,43.406397,7.05,1.011
82454,16.905472,-41.819868,6.61,0.15
82456,16.905739,-25.829382,7.21,0.538
82459,16.906438,-44.891882,7.41,0.388
82462,16.907332,-33.475355,7.03,0.035
82464,16.907484,-42.478891,5.84,0.626
82468,16.907919,70.46401,6.99,0.092
82471,16.908765,-49.7108,6.49,1.466
82474,16.909229,-63.455616,7.44,1.626
82477,16.909731,-42.361313,3.62,1.393
82478,16.909915,-6.153982,5.23,1.1
82479,16.909988,-30.58734,6.34,0.214
82485,16.911174,-11.792463,6.57,0.144
82488,16.911597,-43.560002,7.07,0.647
82498,16.912832,62.099932,7.07,0.676
82506,16.914116,-23.512373,6.76,0.944
82512,16.915324,20.958488,5.39,0.966
82513,16.915326,28.13713,7.32,0.325
82515,16.915381,-40.52483,7.2,0.087
82522,16.916194,-50.189181,7.35,1.1
82523,16.916251,-41.150858,5.78,0.132
82526,16.916963,-56.048286,7.5,1.129
82529,16.917267,25.730681,6.06,0.921
82531,16.917592,-42.090831,6.3,0.396
82534,16.918369,-38.413204,7.25,-0.007
82538,16.918869,-6.650974,6.82,1.307
82540,16.919079,-31.402605,6.72,0.063
82546,16.921108,13.61991,6.35,0.339
82550,16.922825,18.433213,5.35,1.407
82552,16.923012,-69.279784,7.25,-0.059
82554,16.923523,-63.269659,5.99,0.059
82570,16.925705,-21.569509,6.62,0.117
82575,16.926232,-60.677435,7.22,1.284
82577,16.926472,-43.315986,6.77,0.029
82581,16.92717,-39.504977,7.28,1.81
82585,16.928504,-59.417411,7.4,0.455
82589,16.929515,67.478475,6.78,-0.026
82593,16.930325,-6.123391,7.43,1.231
82594,16.930932,77.959698,7.49,1.084
82602,16.932708,-33.506873,6.29,1.747
82607,16.93375,65.134796,4.88,0.481
82608,16.933845,-16.806263,6.33,0.952
82611,16.934603,47.370786,7.03,0.311
82614,16.935119,50.038877,6.6,1.633
82615,16.93579,-50.67479,6.3,-0.016
82616,16.935933,-37.188055,7.41,1.049
82617,16.936004,15.383669,6.58,1.236
82619,16.936152,77.652745,6.72,-0.004
82622,16.937361,-46.849416,7.45,0.061
82623,16.937508,-40.659941,6.7,0.045
82626,16.937977,-61.64061,6.78,0.052
82627,16.937982,73.127867,6.29,0.259
82631,16.938376,52.69843,7.09,0.054
82633,16.938558,74.282624,7.09,0.493
82638,16.939423,62.36989,6.9,0.127
82639,16.939454,16.285255,7.24,0.252
82641,16.94004,80.859575,6.64,0.996
82645,16.94036,65.039124,6.4,0.383
82648,16.941328,-52.283746,5.94,-0.069
82656,16.943327,-40.823453,6.18,0.228
82657,16.943844,-30.580059,6.97,1.167
82663,16.944349,14.140252,6.77,0.945
82669,16.946677,-23.150346,5.57,-0.018
82671,16.946865,61.475118,7.32,1.086
82673,16.947532,6.501328,7.33,1.6
82681,16.948519,-40.512341,7.1,0.65
82688,16.950294,-71.111644,6.46,0.26
82691,16.95048,18.233792,7.49,1.015
82695,16.951106,-19.539856,6.27,0.084
82699,16.951888,14.673654,7.46,1.604
82704,16.953104,-33.259492,5.48,1.606
82706,16.953501,32.233601,7.5,1.122
82715,16.955625,6.211303,6.73,1.522
82718,16.955934,43.683722,7.49,0.962
82723,16.957222,-10.963373,6.15,1.0
82729,16.958311,-60.600123,6.52,-0.06
82731,16.958624,25.352841,6.27,0.909
82733,16.9589,13.884113,6.38,0.93
82743,16.96066,-3.016684,7.46,0.379
82745,16.961139,9.375033,3.19,1.16
82751,16.961752,24.38126,6.35,1.089
82758,16.963939,42.512451,6.36,1.28
82759,16.96395,-39.115722,6.59,1.799
82790,16.969308,-14.372468,7.16,1.559
82798,16.970977,-65.204545,6.53,0.359
82800,16.971303,-26.058974,7.44,1.568
82802,16.971651,-50.641185,5.53,0.016
82804,16.972152,-33.609108,7.16,0.765
82826,16.977006,-55.990141,3.12,1.552
82828,16.977201,15.454363,6.89,0.646
82834,16.978194,-61.741645,7.26,0.435
82835,16.978211,-14.869671,6.48,0.391
82845,16.981183,-37.620508,6.05,0.179
82849,16.981991,-39.168473,7.44,1.055
82859,16.984048,69.186248,6.41,0.725
82861,16.984881,-48.875121,6.64,0.347
82868,16.986625,14.079296,7.35,0.4
82883,16.989316,56.688594,6.04,1.165
82895,16.992771,-69.268164,5.79,-0.103
82898,16.993069,-53.160438,4.06,1.452
82908,16.995642,-18.248341,6.63,0.569
82910,16.996619,10.915468,7.08,1.499
82911,16.997052,-4.22121,7.49,1.598
82913,16.997245,58.462582,6.87,0.122
82915,16.997562,17.806145,7.34,0.306
82917,16.998031,27.315934,7.2,1.55
82918,16.998532,-73.422484,6.72,-0.069
82919,16.998554,-59.329667,7.18,0.47
82921,16.999363,-25.092198,5.88,1.607
82928,17.000955,53.044547,7.42,1.344
82929,17.001252,78.099062,7.12,1.501
82931,17.001507,39.100634,7.25,1.04
82932,17.001745,-54.597179,5.64,0.194
82941,17.002641,-24.98907,5.74,0.407
82942,17.002789,34.338387,7.05,0.9
82947,17.003958,-44.988548,6.5,0.403
82949,17.004547,10.822813,7.38,0.594
82952,17.004827,30.926405,3.92,-0.018
82961,17.00749,-48.647759,5.98,0.883
82963,17.007674,75.225153,6.98,0.414
82964,17.007755,73.19425,7.38,1.3
82967,17.008021,45.778807,7.48,0.52
82968,17.008166,6.583706,6.57,0.233
82969,17.008254,-21.461663,7.35,1.096
82973,17.008813,-57.297102,6.99,0.581
82974,17.00887,38.908346,7.35,1.02
82975,17.00899,-45.451756,6.58,1.81
82980,17.010275,-35.934133,5.95,1.161
82992,17.015197,-76.218721,6.93,0.532
82999,17.016149,22.632095,5.69,1.332
83000,17.016235,-86.364297,6.05,0.043
83003,17.017062,-29.671806,7.39,1.466
83005,17.017414,16.59349,7.27,0.11
83007,17.017667,-4.222644,4.82,1.483
83011,17.018349,-42.071767,7.28,0.108
83014,17.018618,-56.555077,6.4,0.1
83015,17.018671,21.497194,7.24,0.329
83019,17.019341,27.196528,6.57,0.427
83021,17.019655,-13.567129,7.12,0.608
83026,17.02028,-38.2033,7.46,0.134
83027,17.02041,-7.028111,7.31,1.678
83030,17.020609,52.604508,6.89,0.091
83031,17.0208,-20.436669,7.36,0.101
83034,17.021375,60.648754,6.16,1.006
83036,17.021668,7.428559,6.78,1.239
83050,17.025313,58.556315,7.28,0.523
83053,17.025848,14.949717,6.27,0.031
83054,17.026012,42.727149,7.23,0.876
83056,17.026356,-6.736424,7.41,0.084
83058,17.026767,33.56827,5.27,0.028
83062,17.027802,75.297497,6.17,0.306
83066,17.029543,-51.131026,6.43,0.279
83068,17.02983,-58.958245,6.26,-0.124
83077,17.030904,-18.885538,6.28,1.351
83081,17.03129,-32.143519,5.03,-0.1
83087,17.033049,8.450669,6.33,0.091
83104,17.037712,64.600739,6.11,0.96
83105,17.037771,49.593962,7.17,1.107
83109,17.038085,31.88412,6.41,1.134
83112,17.038526,25.50562,5.76,1.018
83117,17.039613,-10.95214,7.46,1.504
83122,17.040832,-72.609123,7.03,1.158
83125,17.041177,-56.679718,7.46,0.583
83129,17.042091,19.386135,7.24,0.14
83133,17.042551,9.820191,7.02,0.234
83134,17.043436,47.081881,6.76,0.728
83139,17.044021,20.725625,7.11,1.678
83147,17.04562,-54.561275,7.09,0.165
83151,17.04792,-50.160408,6.89,0.262
83155,17.048285,-38.460227,7.41,0.14
83167,17.051248,-27.097765,7.39,1.324
83168,17.051397,21.562175,7.47,0.954
83175,17.052186,14.091947,4.97,1.6
83176,17.052419,-53.237028,5.27,0.498
83180,17.052902,14.511339,6.52,0.77
83182,17.053667,-48.336794,6.75,1.239
83192,17.054982,-31.614615,6.97,-0.073
83200,17.055995,-23.15165,7.5,1.661
83201,17.056165,-40.0879,7.36,0.328
83203,17.057268,34.383484,6.68,1.234
83205,17.058349,-24.241364,7.26,1.367
83206,17.058392,35.414049,6.19,1.467
83221,17.060917,13.605346,5.91,0.01
83223,17.061512,-0.145952,6.7,0.19
83224,17.061579,-47.160571,6.07,0.072
83234,17.064146,-38.152572,5.91,0.409
83236,17.064628,19.690513,6.35,1.518
83237,17.064885,34.790222,6.08,0.2
83243,17.06577,-37.844143,6.48,0.263
83247,17.066123,13.56742,6.06,1.05
83251,17.066893,-25.698001,6.66,-0.083
83278,17.073534,-57.712166,5.73,-0.097
83283,17.074349,-24.240294,7.3,1.061
83284,17.074399,-28.582678,6.59,0.814
83285,17.074395,-23.390535,7.08,1.008
83287,17.074829,-17.49226,7.17,1.061
83288,17.074875,-12.676193,6.91,1.2
83290,17.075235,-43.30977,7.39,0.565
83294,17.07561,31.411312,7.48,0.983
83298,17.075928,-11.088493,6.91,1.51
83299,17.076028,-68.278694,6.47,1.57
83308,17.078152,19.599105,6.19,0.01
83309,17.078756,-25.645354,6.6,0.264
83310,17.079257,-20.494703,6.29,-0.035
83311,17.079389,28.091054,7.24,1.105
83312,17.079528,-31.362803,7.35,0.866
83317,17.080376,-34.12293,4.83,0.257
83318,17.080489,48.803958,6.11,1.091
83336,17.084706,43.812238,6.45,0.099
83337,17.084826,-45.502127,6.28,0.074
83344,17.088005,0.702559,6.0,0.578
83346,17.088578,-47.069039,7.08,0.533
83351,17.088929,54.470042,4.91,0.471
83358,17.089636,12.740828,4.89,0.125
83361,17.089846,3.438611,7.31,0.334
83366,17.09049,46.355813,7.34,1.114
83372,17.091751,-22.072755,7.05,0.105
83378,17.092294,-0.89207,5.63,0.104
83381,17.092979,3.767485,7.4,1.655
83383,17.093775,29.623204,7.36,0.177
83385,17.094653,56.135288,7.1,1.122
83393,17.096798,-44.105042,6.18,0.281
83407,17.100037,75.103478,7.38,0.593
83408,17.100103,7.854695,7.49,0.269
83409,17.100183,-44.372682,7.39,0.061
83411,17.100954,23.322065,7.2,1.013
83416,17.101527,-26.580564,7.48,0.849
83418,17.102016,8.623179,6.96,1.524
83420,17.102679,9.733868,6.38,1.458
83427,17.103278,-21.564583,6.29,0.128
83429,17.103312,-60.420784,7.43,1.182
83431,17.103625,10.453878,6.38,0.896
83432,17.104479,15.229651,7.07,0.96
83435,17.105014,22.084153,5.56,1.299
83436,17.105608,-37.22759,5.98,0.076
83449,17.10788,-35.451046,6.15,0.438
83453,17.108179,-13.934883,7.47,0.503
83465,17.111385,-36.077907,7.4,0.296
83467,17.111556,35.323409,7.36,0.036
83481,17.114711,-1.656186,6.34,0.209
83483,17.114785,-26.513022,6.26,-0.038
83507,17.119066,9.008937,7.28,0.033
83508,17.119521,58.268792,7.22,1.117
83510,17.119709,12.125999,7.47,0.448
83517,17.121875,-76.223978,6.68,0.151
83523,17.122885,48.399328,6.66,1.133
83531,17.124169,-65.747549,6.85,0.401
83537,17.125141,-59.667163,7.44,1.14
83545,17.126439,-46.679683,6.89,0.255
83555,17.128948,-31.077694,7.12,1.022
83559,17.129635,40.516054,6.34,0.032
83562,17.13012,55.768127,6.87,1.19
83564,17.13058,-67.187965,7.38,0.082
83570,17.13218,32.105485,7.21,0.562
83571,17.132278,-24.99814,7.15,1.005
83577,17.133526,31.206189,6.44,1.285
83581,17.133907,35.935174,5.41,0.309
83588,17.134895,-41.614746,7.0,0.223
83590,17.13543,61.159619,6.72,0.528
83592,17.135637,-48.883774,6.93,1.48
83596,17.137125,-1.079476,6.06,0.074
83597,17.13746,-17.609052,5.98,1.011
83598,17.137703,16.093927,6.67,0.505
83600,17.138077,50.842272,6.46,-0.017
83601,17.138136,-41.024505,6.89,0.561
83605,17.139254,28.23373,7.07,0.42
83606,17.139281,4.424492,7.25,0.623
83613,17.141568,72.133595,7.46,1.126
83615,17.142133,35.033979,6.73,1.079
83619,17.142652,24.486487,6.84,0.128
83638,17.146448,65.714683,3.17,-0.12
83639,17.146539,-30.40373,5.93,0.276
83649,17.148478,-3.882991,6.35,0.697
83661,17.150553,14.961062,7.07,1.354
83668,17.152876,-68.846739,6.59,-0.05
83685,17.157555,22.09182,7.03,0.539
83690,17.159238,40.777033,5.07,1.275
83692,17.159623,33.355855,7.28,0.545
83693,17.159911,38.293489,7.37,0.466
83696,17.161413,10.038689,7.0,0.561
83705,17.163319,-10.523301,5.43,0.465
83715,17.164346,-82.318644,7.17,-0.061
83716,17.164746,-47.031439,6.9,0.327
83718,17.165798,26.45537,6.95,1.147
83727,17.16841,-61.675456,6.37,-0.049
83731,17.16953,-60.728771,7.38,0.889
83741,17.170816,-19.436267,6.93,0.017
83742,17.170988,0.481618,6.82,0.94
83744,17.171208,-75.376544,7.3,0.45
83747,17.171812,40.689945,7.33,1.253
83751,17.172385,84.598783,7.24,1.039
83753,17.172455,-46.73841,6.73,0.287
83755,17.172968,-15.72491,2.43,0.059
83764,17.175177,52.408769,6.3,-0.025
83776,17.178425,-44.557719,5.06,0.867
83777,17.178728,-12.701216,6.71,0.176
83779,17.179375,12.466978,6.58,0.086
83781,17.179457,49.346825,7.49,1.595
83782,17.180058,32.178912,7.24,0.937
83796,17.184212,24.237694,6.2,0.227
83798,17.184546,-20.654569,6.81,1.03
83804,17.185673,56.659207,6.98,0.705
83805,17.185939,-58.025509,6.77,1.288
83811,17.187689,-56.680796,7.24,0.699
83812,17.188034,24.252415,6.94,0.392
83813,17.188061,-32.325202,7.06,2.397
83814,17.188236,51.754352,7.13,0.124
83820,17.189441,-20.424711,7.42,0.085
83824,17.189607,4.690274,6.77,0.569
83828,17.190495,-50.119125,7.45,0.044
83847,17.194077,-48.873399,5.94,1.786
83848,17.194403,45.324447,6.57,1.588
83849,17.194519,49.746357,6.12,0.185
83853,17.19563,-58.815031,7.25,0.035
83855,17.1959,7.894762,6.34,1.04
83860,17.197278,41.730113,6.75,1.345
83871,17.198528,57.96761,7.14,0.464
83874,17.199621,-14.620381,7.25,0.699
83875,17.199829,14.487742,7.21,1.53
83879,17.201686,21.228998,7.26,1.241
83885,17.202552,-43.239189,3.32,0.441
83886,17.203038,-27.042359,6.75,0.998
83889,17.203782,-25.255154,6.52,-0.037
83890,17.204065,-53.376114,7.3,1.599
83892,17.204502,-39.506949,5.66,0.042
83893,17.204601,-38.822535,6.3,1.05
83899,17.205521,-70.721082,6.21,1.062
83911,17.20637,43.737252,7.23,0.684
83916,17.206962,-27.762124,6.12,-0.048
83919,17.207725,10.585168,5.32,1.593
83925,17.209047,62.874337,5.54,0.216
83930,17.209525,-63.685399,6.92,0.009
83940,17.210979,-21.606048,7.03,0.408
83959,17.215096,0.352028,6.65,0.504
83961,17.21516,-82.388145,7.41,0.334
83968,17.216266,-32.438332,5.95,0.071
83971,17.216439,-58.596985,6.82,0.394
83972,17.216469,7.749369,6.87,0.379
83974,17.217606,-54.85216,7.19,1.219
83978,17.218406,54.139307,6.91,0.307
83979,17.218973,24.985525,7.25,1.491
83980,17.219285,-37.952375,6.59,0.338
83991,17.221673,-67.196591,5.87,1.07
84001,17.224226,38.985057,6.99,1.145
84009,17.225633,-47.31941,7.1,0.028
84011,17.226866,-15.560343,6.7,0.168
84017,17.227564,21.431309,6.82,0.99
84030,17.231413,-56.800578,6.98,0.45
84032,17.231663,-38.294939,6.74,0.458
84039,17.233895,-27.796569,6.68,0.578
84044,17.235401,-65.962472,7.12,1.055
84050,17.236265,12.039615,7.1,0.981
84053,17.237058,-56.888526,6.08,1.728
84056,17.237291,-26.984418,6.64,0.427
84059,17.237811,-62.734395,7.14,-0.031
84065,17.238904,14.552555,7.42,0.474
84069,17.239554,-64.630978,7.47,1.1
84074,17.241015,-39.76665,6.42,2.282
84082,17.242631,26.051903,6.56,1.373
84084,17.242812,63.353085,7.11,1.567
84086,17.244127,14.390333,2.78,1.164
84114,17.249206,19.682595,7.22,0.786
84121,17.250531,24.839204,3.12,0.08
84122,17.250788,36.809162,3.16,1.437
84127,17.252195,17.801517,7.12,1.658
84135,17.254019,67.388248,7.34,1.429
84143,17.255346,-33.54842,5.6,-0.056
84144,17.255635,-14.58414,5.98,1.096
84147,17.255836,-26.602829,4.33,0.855
84151,17.256201,-38.212968,6.71,-0.012
84165,17.259627,-10.297451,7.33,0.462
84167,17.259994,-38.593896,5.95,0.58
84169,17.260574,34.707643,6.78,1.186
84172,17.261412,-9.808807,6.93,0.796
84173,17.26152,23.742761,5.99,1.335
84176,17.262415,-51.083272,6.94,0.028
84183,17.263818,41.649151,7.38,1.51
84186,17.264097,-33.737005,6.54,-0.015
84187,17.264264,-30.210731,6.2,-0.027
84197,17.26636,27.134127,6.57,1.187
84198,17.266386,-52.307854,7.44,1.387
84203,17.266881,-87.566275,6.58,0.898
84207,17.268024,60.713907,6.91,0.385
84219,17.270331,71.792351,6.81,1.071
84220,17.270388,-26.546147,6.33,1.144
84221,17.270628,2.186202,6.17,0.235
84223,17.271079,-15.223732,6.52,1.79
84225,17.271551,-42.339034,6.75,0.13
84231,17.272671,-35.750297,6.09,0.479
84236,17.274357,-25.305445,7.14,1.185
84238,17.27484,60.670614,6.32,1.09
84240,17.27531,18.019674,7.11,-0.04
84242,17.275477,1.210545,5.89,0.023
84252,17.276579,-74.533008,6.24,-0.004
84253,17.276667,52.784485,7.49,1.042
84256,17.276857,-0.445297,4.72,1.119
84260,17.277475,-60.956295,7.43,-0.031
84266,17.278541,-6.244975,6.08,1.1
84268,17.278952,-17.91467,7.38,1.122
84274,17.281666,39.468474,7.48,0.48
84275,17.281754,-30.351422,7.27,0.336
84279,17.282569,89.037708,6.31,1.575
84282,17.282983,15.820762,7.41,1.051
84293,17.284349,-32.66284,5.53,0.514
84298,17.284872,-44.778595,6.46,0.187
84301,17.2855,39.96826,7.4,0.972
84302,17.286155,13.134214,6.62,1.195
84303,17.286336,25.873846,7.1,0.1
84315,17.288769,33.1001,4.8,-0.166
84318,17.28904,-30.164449,6.96,0.82
84328,17.290424,-66.951035,6.87,0.798
84329,17.290692,31.518379,7.07,-0.115
84334,17.292669,6.761593,7.45,1.553
84337,17.292959,28.913273,6.88,1.663
84341,17.293293,23.090627,6.25,1.544
84342,17.293602,1.742502,6.86,0.416
84344,17.293839,64.033162,7.39,0.35
84347,17.294314,-26.629023,6.81,0.02
84348,17.294517,37.291498,4.64,0.043
84363,17.298758,28.906342,7.47,0.258
84365,17.299548,17.124615,7.06,1.38
84367,17.300169,-24.284111,6.59,0.51
84368,17.300189,-24.286901,5.14,1.046
84370,17.300382,-43.577705,7.02,-0.04
84373,17.301372,17.317886,6.0,0.015
84374,17.301372,3.147106,6.87,0.412
84376,17.301518,-38.164025,6.92,0.039
84378,17.30198,-24.073022,6.59,0.647
84380,17.303318,-39.690807,7.09,1.693
84389,17.304986,-15.798775,7.23,1.022
84391,17.305353,-16.311877,6.28,1.691
84392,17.305697,-32.553107,6.36,0.109
84398,17.306465,38.811395,5.97,1.011
84399,17.306665,-50.211048,6.99,0.008
84405,17.308304,25.807998,6.61,1.071
84413,17.310275,10.864475,5.03,1.539
84432,17.313287,-44.129746,5.76,-0.049
84433,17.313479,28.822968,5.68,0.981
84434,17.313477,32.864735,7.36,1.164
84438,17.31401,-2.810583,6.66,0.534
84442,17.314375,-62.874577,6.5,1.087
84446,17.314663,6.08545,6.51,0.388
84447,17.315205,63.72273,7.34,0.043
84451,17.315842,-34.989792,5.91,1.082
84453,17.315974,70.787845,7.13,0.056
84462,17.317655,-46.636235,5.47,0.764
84473,17.320142,-59.694612,5.93,1.389
84474,17.32081,79.305354,7.31,0.163
84476,17.321283,-31.361699,7.01,0.119
84484,17.322583,-2.74916,7.29,1.139
84485,17.323297,28.02593,7.05,0.035
84486,17.323355,27.283815,6.8,1.657
84490,17.323508,-44.223028,6.64,0.211
84499,17.324973,-45.639965,6.93,0.037
84501,17.325143,-50.063762,6.27,0.413
84502,17.325154,-55.116538,7.23,0.156
84512,17.326961,80.136399,5.74,1.499
84522,17.329584,2.139539,6.43,1.487
84527,17.330814,45.308627,6.66,0.332
84529,17.330947,-48.549319,6.67,0.614
84534,17.331486,-17.756543,6.03,0.04
84542,17.333209,-5.917509,6.31,0.85
84549,17.333489,15.884667,7.38,1.06
84556,17.334138,69.753611,7.11,1.184
84563,17.336065,25.537603,5.36,0.063
84569,17.33687,-70.045367,6.53,0.598
84575,17.338575,18.057081,5.01,1.654
84577,17.339203,46.24078,5.51,1.586
84586,17.340741,-57.248091,7.41,1.704
84588,17.341002,-29.36502,6.97,0.058
84589,17.341089,35.370995,7.47,-0.055
84592,17.341715,44.192126,6.84,1.043
84593,17.341863,-26.549774,7.09,0.936
84597,17.342699,48.188791,6.36,0.427
84598,17.342865,-19.333746,6.5,0.578
84599,17.343397,15.159427,7.13,0.573
84601,17.34364,-59.440486,7.04,0.013
84604,17.34432,32.467743,5.38,0.619
84607,17.345267,-38.020598,7.2,0.045
84613,17.345962,32.674398,7.02,0.026
84619,17.346285,21.519469,7.04,-0.01
84622,17.347128,-12.846875,4.32,0.037
84623,17.347394,-45.420832,7.26,0.082
84625,17.347953,-10.69641,6.46,0.326
84629,17.348391,24.499435,5.13,0.0
84632,17.349087,66.562722,6.94,1.139
84636,17.350101,-21.112933,4.39,0.394
84641,17.350707,4.618905,7.46,1.147
84645,17.351558,-27.417922,7.38,1.084
84647,17.35196,1.443051,6.95,0.571
84652,17.352903,69.800708,7.38,0.626
84659,17.353745,-63.582206,6.86,1.293
84661,17.354087,31.256907,6.9,0.573
84675,17.358677,28.758101,6.37,0.724
84679,17.35929,16.731229,6.35,1.608
84682,17.359722,-79.065043,7.41,0.316
84686,17.360774,35.823573,7.45,0.408
84688,17.361545,-24.906103,6.36,1.399
84690,17.362116,39.974649,5.55,0.667
84691,17.3626,53.420428,5.69,1.463
84695,17.363789,23.686312,7.41,-0.019
84696,17.364033,9.735919,7.17,1.051
84699,17.364324,-20.569436,7.03,1.672
84700,17.36443,-77.19324,7.26,1.668
84706,17.36587,11.672289,7.07,0.086
84710,17.366531,-67.770668,4.76,1.194
84711,17.366827,-24.999545,3.27,-0.186
84713,17.36697,21.154784,7.03,1.205
84716,17.367814,5.000817,6.67,0.927
84720,17.368299,-70.123208,5.39,-0.042
84723,17.3692,-30.50135,7.19,0.073
84729,17.370638,-75.348149,7.0,0.607
84747,17.374331,10.196086,7.06,1.219
84748,17.374346,24.879447,6.88,0.526
84749,17.374643,-66.268906,7.41,1.492
84751,17.374949,-54.285655,6.81,0.504
84754,17.375382,-70.442104,7.17,1.022
84760,17.37721,-35.910699,6.42,0.541
84761,17.37756,-37.804637,6.33,0.682
84776,17.379577,-45.614274,6.68,0.83
84779,17.379976,-58.473245,6.75,0.248
84783,17.380913,-2.388176,6.28,0.68
84789,17.381874,-37.220786,5.91,1.075
84790,17.382007,-58.010327,5.86,1.075
84805,17.384564,-7.104564,6.94,0.689
84809,17.38531,-56.525547,5.76,0.994
84812,17.386028,-25.09753,7.28,0.15
84817,17.387645,71.869929,7.06,1.486
84820,17.387799,-47.468197,5.21,-0.097
84824,17.388848,9.46677,7.19,0.155
84825,17.389331,-28.142831,5.3,1.549
84827,17.389629,57.011719,6.53,0.293
84844,17.392929,76.05505,7.22,1.438
84846,17.393396,-16.038313,6.65,0.43
84849,17.393808,60.998546,7.15,1.244
84850,17.393868,13.397517,7.4,1.2
84853,17.394708,37.145946,4.15,-0.011
84858,17.395652,-58.665234,6.81,-0.089
84879,17.399338,8.852571,5.77,1.251
84880,17.39934,-65.702134,6.64,-0.074
84884,17.399514,8.604582,7.22,1.339
84888,17.400299,-62.864153,5.69,-0.147
84889,17.400627,38.582782,6.48,0.716
84895,17.400975,-23.84434,6.67,1.017
84898,17.40183,22.960285,5.7,0.229
84899,17.402429,-34.798448,6.92,0.588
84901,17.403091,36.922858,7.2,0.976
84903,17.403636,-44.162576,5.1,-0.052
84910,17.405221,-60.673799,5.76,-0.067
84922,17.407533,36.951929,6.25,0.884
84926,17.40876,16.301006,5.75,0.074
84928,17.409389,15.606048,6.34,-0.017
84936,17.410289,-18.445762,6.34,0.046
84943,17.410783,39.209552,7.35,1.274
84945,17.41091,32.670379,6.68,0.961
84948,17.411675,-21.441479,5.82,0.939
84952,17.411971,-45.008235,6.66,0.388
84957,17.412738,-59.213669,7.22,0.04
84964,17.414458,-46.20196,6.75,-0.062
84976,17.416831,67.306705,6.44,0.759
84978,17.417408,-34.696055,6.14,0.046
84983,17.4184,-24.243683,6.17,1.103
84990,17.420405,-34.429964,6.79,0.962
84999,17.421665,-55.529884,2.84,1.479
85000,17.421879,8.924668,6.68,1.511
85008,17.423239,-56.377727,3.31,-0.15
85009,17.423358,52.790684,6.46,0.619
85014,17.423974,-8.828515,7.23,0.477
85015,17.424524,-66.390087,7.31,1.103
85019,17.4249,-29.670674,6.82,0.194
85030,17.428026,16.383968,6.64,0.377
85031,17.428155,60.048398,5.65,0.024
85035,17.429285,27.303341,7.47,1.04
85043,17.431768,16.917578,6.09,1.528
85048,17.432743,-1.651777,6.44,0.457
85049,17.433023,-49.734921,6.89,-0.06
85052,17.433183,-6.581833,6.96,0.218
85053,17.433344,-50.63351,5.19,1.055
85054,17.433574,26.878734,6.38,0.124
85058,17.434678,58.651895,6.49,0.139
85059,17.434963,-27.599624,7.49,0.067
85074,17.438614,7.59565,6.01,0.592
85081,17.439504,-24.175309,4.16,0.283
85083,17.439567,-48.614901,7.04,0.482
85096,17.441911,4.14036,4.34,1.48
85097,17.442101,0.822127,6.86,1.292
85104,17.443348,-62.923052,6.96,1.28
85106,17.443856,-5.086596,4.53,0.385
85117,17.445167,-21.469413,7.24,1.599
85120,17.445623,48.260065,5.83,0.121
85122,17.446101,31.21925,7.14,0.483
85123,17.446153,34.695802,5.94,-0.017
85126,17.44698,20.080977,5.52,-0.119
85128,17.447436,-26.331777,7.35,0.307
85130,17.447772,-45.84303,5.28,-0.058
85132,17.448694,-25.943462,6.42,-0.055
85134,17.448987,-51.948819,6.17,-0.039
85138,17.450597,-12.512488,6.2,0.517
85141,17.450992,-47.136529,7.14,-0.05
85146,17.452745,-15.85336,6.48,1.146
85150,17.453462,-50.63037,5.9,0.063
85160,17.454734,17.897542,7.39,1.075
85164,17.455909,-29.867033,4.28,0.402
85175,17.459108,16.456866,7.24,0.1
85176,17.459326,-53.2225,7.07,1.681
85183,17.460431,-29.724567,5.98,0.01
85186,17.461496,-37.185613,6.67,1.197
85189,17.462136,-63.263674,7.35,1.658
85191,17.462244,8.442039,6.42,1.66
85204,17.464513,11.390507,7.11,0.137
85208,17.465226,-47.026219,6.57,0.184
85211,17.466002,-52.297168,5.72,1.169
85215,17.467316,-8.208374,6.37,0.57
85218,17.467996,-64.951078,7.37,1.517
85221,17.468853,-63.03624,6.22,-0.073
85240,17.472867,-53.499942,7.5,1.748
85242,17.473207,-54.021215,7.13,0.212
85248,17.474326,-29.058593,7.34,1.851
85261,17.477436,-25.51067,7.06,0.401
85262,17.477476,-55.169686,5.93,1.113
85271,17.478885,-82.7796,6.64,-0.095
85275,17.479935,10.534028,7.06,0.185
85278,17.48046,0.330625,5.41,0.237
85281,17.480903,-70.633707,7.22,1.054
85284,17.482247,-36.77828,5.98,1.112
85286,17.482825,50.870288,7.08,0.5
85290,17.483573,-43.973919,6.3,-0.01
85294,17.483939,-59.032453,7.22,1.674
85309,17.486924,-31.534289,6.99,-0.017
85329,17.490447,-38.51692,6.38,0.091
85336,17.49115,34.938611,7.17,1.081
85338,17.491381,-61.76385,6.74,0.374
85362,17.496485,-5.919479,6.36,0.93
85381,17.501566,-33.716366,6.68,0.078
85393,17.504549,47.402203,7.22,0.737
85398,17.505467,63.777504,7.33,1.251
85401,17.505554,-4.369398,6.72,0.319
85404,17.506176,10.76832,7.09,1.011
85405,17.506293,11.924015,6.47,0.056
85407,17.50661,-1.062922,5.31,0.715
85408,17.506918,-66.86997,6.99,-0.091
85410,17.507213,52.301387,2.79,0.954
85413,17.508075,-43.754096,7.5,0.443
85422,17.509421,-43.22607,6.94,0.393
85423,17.509761,17.520785,6.91,0.505
85428,17.511169,38.882202,6.43,0.51
85432,17.512102,57.876824,6.22,1.397
85433,17.512308,26.110645,4.41,1.434
85436,17.512732,-37.295811,2.7,-0.179
85439,17.513056,86.968047,5.78,0.239
85440,17.513323,-37.436972,6.89,0.106
85443,17.513777,-23.841602,7.39,0.375
85447,17.514313,1.119553,7.14,0.328
85455,17.515381,31.158139,5.63,0.96
85462,17.517289,-2.826757,7.11,1.533
85467,17.518318,-60.683848,3.6,-0.104
85481,17.52162,-10.971458,7.45,0.521
85482,17.521634,69.599983,7.26,0.958
85484,17.521864,19.521946,6.77,1.556
85486,17.522133,-39.018034,7.14,0.538
85489,17.522593,2.724507,5.57,0.844
85491,17.523134,-56.920964,5.99,-0.045
85494,17.523598,-23.962643,4.78,0.016
85498,17.524134,54.35578,7.22,0.138
85499,17.524298,-80.859134,5.83,1.617
85505,17.52523,1.672301,7.18,1.319
85519,17.528482,30.317847,6.91,1.087
85520,17.528498,-41.03956,7.19,0.06
85521,17.528993,-26.269709,6.05,-0.065
85524,17.529822,-33.703158,6.43,1.191
85526,17.530305,-46.036783,6.04,0.805
85528,17.530439,28.407499,5.66,-0.001
85530,17.530695,-49.876145,2.84,-0.136
85537,17.531698,16.824013,6.98,0.534
85543,17.532701,0.042496,6.75,1.112
85544,17.532745,68.135024,5.07,1.077
85548,17.533617,34.271147,6.52,0.639
85550,17.534131,2.823703,7.41,-0.054
85557,17.536251,55.184243,4.89,0.251
85560,17.536918,86.58646,4.35,0.021
85562,17.53711,46.330454,7.3,1.374
85564,17.537467,11.930047,6.42,-0.013
85567,17.537767,55.172958,4.86,0.279
85576,17.54001,14.383801,7.02,1.52
85577,17.540175,-34.279405,6.16,0.36
85578,17.540323,26.439463,6.84,0.206
85590,17.544808,74.227355,6.61,1.043
85609,17.547419,-13.482096,7.25,0.121
85613,17.549719,-17.495941,6.81,1.022
85618,17.550653,49.345224,7.36,0.022
85619,17.550956,-29.650844,7.22,0.313
85623,17.551671,-33.057787,7.27,0.127
85626,17.55202,41.243449,5.72,1.089
85627,17.552052,-41.173066,5.84,0.041
85630,17.552574,16.769282,7.01,1.472
85633,17.553151,-58.557533,6.99,0.168
85640,17.553905,-45.511297,7.07,0.033
85650,17.55634,19.256677,5.65,0.505
85657,17.558069,-42.399661,7.35,-0.015
85660,17.55829,-5.744803,5.61,0.187
85661,17.558779,57.558721,6.15,0.602
85665,17.560145,-37.103821,1.62,-0.231
85668,17.560941,16.317553,5.68,1.002
85672,17.561883,14.841598,6.36,1.595
85686,17.56626,-61.531869,7.45,1.628
85692,17.567327,-23.031446,7.36,0.356
85701,17.569005,-3.055603,7.4,0.447
85702,17.56921,60.089374,7.28,0.517
85705,17.569605,-45.006375,7.0,-0.018
85707,17.569955,-54.895775,7.09,0.667
85713,17.571353,-48.526787,6.32,0.953
85717,17.572776,13.160954,6.52,0.95
85718,17.572959,-40.531191,7.14,0.015
85719,17.57297,19.241954,7.46,0.261
85725,17.574232,16.504375,6.59,0.224
85735,17.575941,-18.220834,7.11,0.405
85736,17.57686,9.5867,5.8,0.04
85746,17.578161,40.909268,7.18,0.084
85747,17.578167,43.397245,7.26,1.274
85749,17.57847,-32.581662,5.69,0.045
85754,17.579287,34.751445,6.94,0.223
85757,17.579542,-11.241999,5.54,0.013
85761,17.580147,6.023857,7.4,0.518
85769,17.582241,12.560035,2.08,0.155
85773,17.58317,61.874554,5.23,0.602
85778,17.583924,13.137761,7.27,0.091
85780,17.584204,-62.11095,7.02,0.21
85784,17.585077,-38.799467,6.76,1.24
85786,17.585406,-13.637858,6.87,0.04
85790,17.586296,62.4617,7.05,1.31
85791,17.586317,24.349372,7.29,1.53
85797,17.588472,-22.043822,6.47,0.011
85801,17.588863,-53.352928,6.09,0.025
85825,17.593055,-59.846115,6.26,-0.081
85829,17.594332,-46.505684,4.56,-0.02
85833,17.595102,37.301594,6.13,0.978
85834,17.595155,-6.120331,6.61,1.181
85835,17.595297,-37.439878,6.48,0.006
85838,17.596507,19.843766,6.52,0.96
85842,17.597331,-65.045315,7.49,1.198
85844,17.59744,12.046948,6.76,1.63
85855,17.59988,20.996242,6.11,0.184
85856,17.600178,-38.102236,6.94,0.273
85860,17.601168,11.312598,7.28,1.475
85865,17.601776,-66.864907,7.05,1.053
85867,17.60225,28.185091,6.4,1.367
85879,17.603692,-17.863821,7.47,0.563
85880,17.603855,9.715485,7.37,0.866
85884,17.604745,-65.997497,7.49,-0.028
85890,17.60595,27.566639,6.37,1.586
85897,17.606859,25.616298,7.35,1.169
85904,17.608276,68.488895,7.29,1.597
85907,17.609121,-38.635308,4.26,1.075
85909,17.609271,13.25922,7.0,1.151
85910,17.60944,48.457734,7.44,0.549
85915,17.610206,30.785179,6.04,0.158
85916,17.610219,13.813295,6.84,0.209
85919,17.610457,48.585634,5.35,1.142
85921,17.611111,69.57073,6.33,0.596
85930,17.613946,10.574532,7.28,0.693
85939,17.615859,68.75797,4.77,0.43
85945,17.617119,-18.992078,7.45,1.079
85956,17.619125,72.455794,5.87,1.016
85961,17.620624,55.741063,7.03,1.118
85964,17.621311,-49.24499,6.92,-0.032
85965,17.62198,-42.997824,1.86,0.406
85969,17.62242,-2.873785,7.43,0.606
85983,17.624144,-38.066364,6.26,1.244
85984,17.624253,-50.059702,5.89,1.109
85991,17.625304,24.309991,5.76,0.114
85998,17.626445,-15.398557,3.54,0.262
86001,17.626724,-15.571038,5.94,0.357
86002,17.626858,79.213294,7.38,0.439
86004,17.627101,-40.81354,7.27,0.702
86019,17.630754,-8.118771,4.58,0.132
86021,17.630892,-37.861396,6.68,0.757
86024,17.63164,-42.567565,7.16,0.641
86025,17.63181,-59.432942,7.0,1.677
86036,17.634287,43.598898,7.05,0.068
86037,17.634376,45.557417,7.5,0.569
86040,17.634871,-54.500434,5.25,0.195
86041,17.634886,-56.821469,7.34,0.335
86046,17.635678,-42.880274,6.09,-0.057
86048,17.635973,-10.926268,5.74,1.228
86052,17.636664,-28.046762,6.83,1.906
86060,17.638592,36.747285,6.78,1.189
86066,17.639938,-74.91153,7.28,0.04
86068,17.640364,12.737373,7.49,0.998
86078,17.643962,55.759611,7.47,0.573
86086,17.645792,-21.912658,6.19,0.827
86096,17.6471,32.739361,6.58,0.993
86102,17.64814,-45.759884,7.43,0.997
86107,17.649404,13.329262,6.12,0.567
86109,17.649882,-43.145514,7.24,0.714
86112,17.651105,-60.940384,7.12,0.302
86115,17.651356,-70.694221,7.44,0.244
86116,17.651439,27.050397,7.48,0.482
86125,17.652362,2.02805,6.25,1.021
86126,17.652637,31.886222,7.44,1.526
86133,17.654427,30.253358,7.18,0.453
86134,17.654699,3.555239,6.53,0.959
86138,17.655679,-29.530971,6.72,0.936
86148,17.657747,46.006332,3.82,-0.179
86152,17.658201,-39.344244,7.41,0.632
86155,17.658482,44.001255,6.88,0.086
86157,17.658658,3.39264,6.63,1.534
86165,17.660442,-32.320141,7.16,0.009
86179,17.663321,49.779855,6.6,0.014
86190,17.665538,7.801117,7.06,1.062
86192,17.665799,56.870287,7.3,1.071
86195,17.665978,31.20247,6.05,1.599
86196,17.666028,-0.639246,6.51,0.122
86201,17.666956,-32.201069,6.74,-0.009
86207,17.669367,-39.204978,7.44,-0.025
86209,17.669984,-2.152301,6.08,1.608
86214,17.671348,69.150283,7.01,0.442
86215,17.671692,63.675363,6.79,0.559
86216,17.67222,6.564609,7.18,1.546
86219,17.673276,-49.415587,4.76,0.415
86220,17.673298,-28.923202,7.22,0.178
86232,17.676712,57.310312,6.79,0.918
86234,17.677097,43.470666,6.36,1.199
86239,17.678109,31.287478,6.3,1.075
86241,17.67871,-32.155665,7.26,-0.015
86243,17.67904,-67.854172,6.48,0.999
86249,17.680602,-49.958251,7.3,0.677
86260,17.68293,-32.214464,6.01,1.673
86270,17.684857,24.513254,6.37,1.204
86279,17.686387,15.178376,6.34,0.04
86283,17.687169,41.654942,7.0,0.184
86285,17.687844,-46.92183,5.78,-0.004
86294,17.689386,51.818182,6.0,1.068
86297,17.689821,67.152004,6.64,1.473
86298,17.690243,-12.875307,4.24,0.086
86309,17.692312,6.313156,5.97,1.271
86319,17.69534,24.572767,7.3,1.071
86329,17.696591,21.501471,6.73,0.52
86332,17.697159,23.753438,6.96,-0.113
86335,17.697319,-47.512466,7.41,0.471
86344,17.698847,4.366796,6.96,0.908
86347,17.698978,72.148843,4.57,0.434
86353,17.699461,72.156911,5.81,0.53
86356,17.699621,15.95243,5.54,0.387
86357,17.69973,-33.503808,6.66,1.047
86358,17.69988,10.633096,7.43,1.46
86360,17.700444,27.645191,6.73,0.183
86361,17.701005,-50.510703,6.28,1.661
86372,17.703286,80.282444,7.08,1.633
86375,17.703686,38.07064,7.29,0.633
86381,17.704192,17.228339,7.2,0.025
86391,17.705882,-46.29888,7.47,0.098
86393,17.706251,9.449553,7.39,0.127
86397,17.707456,-73.392792,7.34,0.037
86400,17.707879,24.564058,5.56,1.436
86403,17.708132,-39.029983,2.39,-0.171
86410,17.709774,-4.849761,6.62,1.865
86412,17.710207,29.418904,6.64,0.297
86416,17.711177,-15.559234,7.01,0.066
86431,17.714194,-36.945564,5.53,1.553
86442,17.717029,29.652908,7.13,1.477
86446,17.71821,44.08432,6.38,1.521
86449,17.718573,-33.051289,6.44,1.813
86458,17.721586,-27.883981,6.4,0.438
86461,17.721928,-57.723969,6.85,2.45
86464,17.722659,24.327821,5.73,0.683
86465,17.722784,14.295168,6.22,0.426
86469,17.723833,-21.683194,4.86,0.469
86471,17.723888,-35.297661,6.92,2.0
86472,17.723997,-78.692858,7.01,1.404
86473,17.724238,27.022835,7.4,1.116
86475,17.724543,4.567303,2.76,1.168
86480,17.725858,-57.022152,6.64,-0.017
86484,17.726442,-32.662777,6.65,1.571
86488,17.727021,-45.971325,6.92,-0.027
86501,17.729728,-7.079608,6.3,0.324
86502,17.730114,-13.508699,6.36,0.384
86515,17.733103,53.801715,5.75,0.017
86519,17.733562,-5.929571,7.21,0.983
86524,17.734531,45.034702,6.75,-0.029
86525,17.734906,-38.805745,6.74,0.974
86529,17.735752,-51.834053,5.12,0.694
86540,17.737997,-17.436833,7.26,1.096
86541,17.738073,33.226122,6.98,-0.108
86542,17.738124,14.410067,6.18,0.211
86544,17.738275,-23.678992,7.33,0.353
86546,17.738437,13.78397,6.91,0.28
86547,17.738798,-16.864789,7.49,0.536
86548,17.738831,-72.220923,6.51,0.472
86552,17.739993,-22.194905,6.58,0.33
86564,17.742804,2.579441,6.16,0.131
86568,17.743186,2.579128,6.67,0.061
86580,17.745002,-42.729302,5.87,0.163
86583,17.74551,-46.04261,6.71,-0.008
86592,17.747154,35.217675,6.62,1.113
86602,17.748742,50.044301,7.02,0.451
86604,17.748848,-57.54554,5.97,0.912
86613,17.750586,-35.531704,7.05,-0.043
86623,17.753777,-2.762171,7.4,0.205
86639,17.757573,11.1447,6.93,0.9
86644,17.758868,13.019535,7.15,1.051
86653,17.760793,-50.781873,7.3,0.516
86656,17.761176,31.504678,6.22,0.008
86661,17.762221,-64.723871,3.61,1.161
86662,17.762293,-68.647592,7.32,0.424
86667,17.763781,-64.325282,6.93,0.234
86671,17.764923,38.881385,6.53,0.993
86675,17.765782,-48.93431,6.83,1.693
86678,17.766236,39.322538,6.51,1.39
86681,17.767106,-26.9723,7.41,0.604
86686,17.768701,5.530199,6.85,-0.008
86692,17.769701,5.658215,7.34,-0.002
86701,17.773578,1.04435,6.64,1.663
86705,17.774319,27.720676,3.42,0.75
86715,17.775207,-39.264817,7.07,0.02
86717,17.7755,-7.985656,7.35,0.671
86732,17.777953,25.749151,6.97,0.166
86734,17.778067,5.774274,7.14,-0.019
86755,17.781442,36.087477,6.55,1.47
86772,17.785359,-38.112164,6.41,-0.02
86774,17.785384,-59.994335,6.51,0.321
86775,17.785568,17.697014,5.61,0.036
86776,17.785566,47.612239,6.47,0.095
86792,17.790859,-18.107119,7.45,0.317
86799,17.792055,-20.83734,7.19,0.401
86800,17.792186,18.889358,6.67,0.08
86801,17.792456,-56.165985,7.36,0.393
86803,17.792674,-27.830788,4.53,0.6
86804,17.793078,-40.126997,2.99,0.509
86805,17.79355,-14.725824,5.93,0.009
86830,17.796,-22.477791,6.18,1.446
86831,17.796123,-63.562637,7.16,0.594
86833,17.796542,-34.31068,6.94,0.002
86836,17.797794,34.277873,6.61,-0.144
86838,17.797986,6.402429,7.47,1.565
86839,17.798211,2.707276,3.75,0.043
86845,17.799085,36.555141,6.51,1.655
86847,17.799326,-34.018873,7.2,0.748
86850,17.799825,47.583862,6.8,1.042
86851,17.800037,9.782072,7.28,0.188
86870,17.804188,-35.895301,7.1,-0.042
86874,17.804667,-32.671157,7.36,0.135
86876,17.8048,-47.255108,7.11,0.147
86880,17.805623,3.804215,6.22,0.135
86889,17.80688,20.565441,5.69,0.938
86893,17.807732,-26.974945,6.31,0.094
86894,17.807816,-38.133505,7.2,0.009
86904,17.810575,-55.401742,6.09,0.283
86911,17.811872,-39.898805,6.98,-0.034
86918,17.812853,48.835706,7.37,1.382
86922,17.813298,19.255017,6.13,0.024
86924,17.813652,25.622869,5.09,1.141
86934,17.816196,37.061729,7.18,0.514
86940,17.817302,54.194385,6.6,0.224
86941,17.817755,62.798828,6.7,0.373
86942,17.817862,50.781075,5.02,0.043
86947,17.818664,-71.095294,7.49,0.127
86950,17.819577,-31.703203,4.79,-0.028
86953,17.821484,-30.597447,6.65,0.355
86954,17.821956,1.961413,6.44,1.236
86962,17.823542,-38.983782,7.01,-0.077
86964,17.824155,76.962881,5.02,0.518
86967,17.82447,68.689026,6.92,0.261
86970,17.824749,-35.378102,7.34,0.022
86973,17.826084,0.906228,7.49,1.898
86975,17.826194,20.637304,7.41,1.584
86981,17.828447,20.922741,7.47,1.592
86988,17.829991,-76.201983,7.47,1.097
86991,17.830965,-37.043304,3.19,1.192
86994,17.831392,-61.714704,6.41,-0.049
87001,17.832468,20.869947,7.43,1.532
87003,17.832626,-24.207052,7.02,1.111
87008,17.833676,24.468073,7.11,-0.085
87010,17.834259,48.394152,6.78,-0.109
87016,17.835379,-64.305097,6.57,0.334
87019,17.835902,9.84827,6.74,1.401
87023,17.83614,78.306539,6.25,1.452
87024,17.83642,-40.090435,4.78,0.259
87026,17.837157,-62.680798,7.38,1.036
87027,17.837501,25.290999,6.58,0.125
87036,17.839207,-27.06167,6.96,0.2
87038,17.839692,29.322143,5.51,1.071
87042,17.840449,-61.924619,6.77,0.529
87044,17.84122,-53.612406,5.68,-0.099
87049,17.842083,36.846117,6.89,0.98
87054,17.842968,-49.495702,7.17,0.328
87065,17.845446,11.946548,6.19,1.247
87071,17.846773,22.31633,6.14,0.242
87073,17.847711,-42.330122,6.69,1.039
87079,17.848751,-76.05846,7.15,0.996
87081,17.849241,29.995815,6.78,0.087
87082,17.849561,-50.290906,7.49,1.745
87092,17.851167,8.530827,6.97,0.351
87094,17.851358,5.22903,6.82,1.441
87099,17.852149,-22.921008,7.15,0.656
87107,17.85286,44.907756,7.34,0.397
87108,17.853067,-53.130269,6.09,0.01
87110,17.853488,-30.556869,6.7,0.026
87111,17.853896,40.072463,6.55,0.541
87114,17.856906,74.569083,6.75,0.282
87115,17.857153,-53.838786,6.61,0.271
87119,17.85904,-40.772461,5.94,1.572
87122,17.859853,-60.164056,5.78,1.008
87128,17.860868,-23.677448,7.34,0.623
87133,17.862377,-45.600706,6.09,0.949
87134,17.862427,56.120193,7.04,0.246
87139,17.863476,-19.525194,6.8,0.308
87156,17.866239,15.326372,6.43,0.997
87157,17.866513,-1.236806,6.33,1.126
87159,17.866686,4.487297,6.7,1.736
87161,17.866868,1.099246,7.22,0.347
87164,17.866917,46.643574,6.37,1.06
87169,17.86738,24.304464,7.0,1.29
87170,17.867515,33.888209,7.34,1.034
87174,17.867979,-60.393609,7.46,0.338
87175,17.867978,39.982089,6.01,1.341
87177,17.868112,1.111173,6.55,1.065
87188,17.87037,32.013937,7.2,0.123
87189,17.870461,-34.799196,5.88,-0.111
87195,17.871407,-31.328155,6.97,1.495
87198,17.871821,-51.713837,7.4,0.486
87199,17.871982,76.000669,7.37,0.326
87201,17.872156,-34.416842,5.84,1.129
87206,17.873314,24.992636,7.4,1.182
87207,17.873715,60.396373,6.86,0.199
87214,17.875336,16.900513,6.6,0.44
87215,17.875599,27.193678,7.3,0.309
87220,17.876512,1.305014,5.91,1.573
87223,17.87696,-5.262067,6.82,0.989
87224,17.877418,-6.143577,6.18,1.25
87233,17.878438,38.82063,7.01,1.574
87245,17.88034,-34.114833,6.05,1.241
87251,17.881084,-56.154808,6.51,1.146
87252,17.881265,-41.996522,6.19,0.523
87258,17.882158,-35.018892,6.55,0.0
87260,17.882434,42.212465,7.46,0.256
87261,17.882668,-35.624314,6.03,0.342
87267,17.884255,-2.579348,7.47,1.351
87269,17.884316,-10.899562,6.17,1.11
87273,17.884734,-13.65023,7.14,0.518
87280,17.886427,-58.864288,7.38,0.402
87284,17.886802,-32.03235,6.79,1.395
87287,17.887274,6.101424,5.77,0.425
87288,17.887605,-5.928895,6.86,1.266
87289,17.887772,-34.620847,6.96,-0.026
87292,17.888341,40.007959,5.17,1.166
87293,17.88839,-65.488601,6.48,1.086
87295,17.888668,2.667999,7.41,1.07
87296,17.888772,-34.730812,6.14,-0.041
87298,17.889853,-34.895125,5.58,1.098
87314,17.892134,56.872643,3.73,1.177
87315,17.892184,35.672429,7.26,1.45
87318,17.892839,-27.282645,6.88,0.177
87328,17.894351,-43.719111,7.46,1.11
87335,17.896417,-19.887248,7.22,1.179
87339,17.897138,30.370376,7.45,0.229
87345,17.898548,-34.752721,6.0,-0.06
87353,17.899482,-34.831053,6.41,0.0
87360,17.900392,42.647094,7.35,1.013
87362,17.901024,-1.619312,6.72,0.075
87371,17.902101,-11.337537,6.51,1.193
87384,17.903936,11.130558,6.24,0.474
87385,17.903994,-34.727649,6.88,0.036
87394,17.906772,-38.626532,7.18,0.435
87399,17.907427,75.171307,6.39,0.972
87400,17.907534,-34.466722,6.1,0.055
87404,17.907872,3.732147,6.57,1.453
87407,17.908286,-3.462455,7.32,0.516
87425,17.912311,-55.89843,7.31,0.033
87427,17.913301,-34.542166,6.95,0.019
87435,17.915012,-24.887095,6.18,0.001
87437,17.915478,-11.63182,6.96,0.42
87439,17.91602,-7.733943,6.92,0.759
87451,17.918897,-36.475645,6.05,0.074
87457,17.919762,72.005127,5.43,0.34
87459,17.919984,69.615562,6.86,0.898
87464,17.921354,5.704237,7.24,1.662
87473,17.923233,55.971394,6.09,0.316
87477,17.923663,26.049991,5.47,0.341
87478,17.923713,32.43836,7.44,0.029
87490,17.927086,2.074934,6.77,0.574
87495,17.928611,61.395947,7.36,0.193
87506,17.930781,22.464221,5.62,1.249
87511,17.931936,-18.802154,6.48,0.056
87518,17.933119,-48.939402,7.15,0.938
87519,17.933661,5.16146,7.39,-0.053
87523,17.93457,-42.323327,6.78,0.27
87527,17.935521,-35.048904,6.74,0.035
87534,17.937052,-46.702138,7.43,-0.034
87537,17.93755,37.250539,3.86,1.35
87539,17.9378,-32.474997,6.59,0.422
87541,17.938445,0.670355,5.82,0.058
87542,17.938621,-15.812521,5.93,0.024
87546,17.939247,-21.956078,6.86,0.092
87550,17.940063,-65.721739,6.36,0.451
87551,17.940114,18.326998,6.66,0.4
87552,17.94012,-26.773391,7.39,0.614
87553,17.940167,19.888834,7.19,0.189
87561,17.943437,51.488895,2.24,1.521
87562,17.943873,18.612432,6.55,1.002
87564,17.944955,-28.065394,5.76,0.207
87568,17.945276,44.98737,6.92,-0.018
87574,17.946507,-44.342246,4.85,1.176
87575,17.946596,-4.081823,5.44,1.162
87578,17.946812,45.350851,6.22,1.453
87581,17.94723,-32.688882,6.68,0.07
87582,17.947457,-39.932733,7.28,0.695
87593,17.948861,-40.305643,6.46,1.411
87594,17.948882,6.48773,6.28,-0.015
87603,17.951199,0.066665,5.95,0.11
87605,17.951413,45.855955,6.75,0.524
87606,17.951557,-65.113536,7.3,1.213
87608,17.952072,-23.939248,6.52,1.984
87610,17.952382,36.86039,7.32,0.355
87611,17.95249,37.802937,6.87,1.121
87614,17.952891,-41.97842,6.74,-0.096
87620,17.953671,-55.381248,6.55,0.815
87623,17.95398,23.995889,6.32,0.642
87624,17.953992,20.639058,7.47,0.306
87626,17.954824,-71.0943,7.18,1.263
87627,17.955193,12.626598,7.44,0.521
87637,17.956752,33.400838,6.89,0.911
87638,17.957496,11.044543,6.33,0.13
87641,17.958693,54.665511,7.37,1.497
87652,17.961367,-39.101804,6.65,0.007
87654,17.961579,-76.177949,6.08,1.205
87656,17.961871,-56.896252,6.26,-0.066
87659,17.962429,-83.235629,7.2,0.326
87661,17.962744,29.24788,3.7,0.935
87662,17.962811,20.345883,7.44,1.064
87664,17.963279,-41.716295,4.88,1.617
87667,17.964167,2.253556,6.95,0.087
87672,17.965713,43.41712,6.83,-0.029
87673,17.965765,-36.007934,6.76,0.12
87676,17.966053,-39.136523,6.28,0.007
87682,17.967551,2.719952,7.03,1.764
87686,17.968058,32.648062,6.66,0.466
87689,17.968161,52.218286,7.43,0.27
87693,17.968606,15.139416,7.24,0.602
87696,17.969267,-81.45341,7.3,0.418
87711,17.972371,14.510586,7.38,0.089
87720,17.973806,36.874807,7.33,0.937
87726,17.975041,30.189277,4.41,0.38
87740,17.977514,-28.759089,5.99,-0.077
87745,17.977925,35.631889,7.0,0.93
87747,17.978378,-16.857523,7.32,0.292
87748,17.978422,36.287797,6.03,0.949
87753,17.979508,-58.656106,7.5,1.1
87758,17.981196,45.47622,6.48,-0.064
87766,17.982135,-36.858376,5.74,0.915
87768,17.982571,-22.517549,7.0,0.232
87775,17.983775,-9.773632,3.32,0.987
87782,17.984226,23.828579,7.48,1.64
87783,17.98434,30.04891,7.17,0.958
87786,17.98465,-5.048439,7.4,0.582
87788,17.9848,-30.253025,5.0,1.654
87791,17.986265,-38.573474,6.8,1.646
87797,17.987074,-36.938844,6.92,0.125
87799,17.987145,64.142577,7.31,0.435
87810,17.989215,-77.823933,6.74,0.931
87813,17.990642,-22.466907,7.47,0.108
87816,17.990854,6.41895,7.21,0.434
87821,17.991597,30.727804,7.44,1.064
87829,17.993545,-4.821126,5.86,1.561
87830,17.993573,71.634223,7.19,1.133
87831,17.993578,43.235377,6.71,1.106
87832,17.993876,-56.255525,7.23,1.673
87837,17.99468,-41.487057,6.51,-0.088
87844,17.996543,-23.816133,4.74,-0.03
87850,17.998946,45.501378,5.69,1.562
87851,17.999008,-33.408329,7.35,-0.035
87853,18.000023,-20.339548,6.22,1.405
87854,18.000227,-22.548399,7.38,0.004
87855,18.000944,80.000841,6.11,0.521
87856,18.000949,16.750919,4.67,1.254
87858,18.001304,-53.098537,7.41,1.061
87859,18.001721,20.741622,7.42,0.464
87860,18.002032,6.553926,6.78,0.078
87864,18.002526,80.004095,5.74,0.516
87870,18.003206,-24.284297,6.64,1.082
87872,18.003507,8.855969,6.88,0.941
87875,18.004186,-37.408179,7.18,-0.046
87876,18.004354,0.629483,6.36,0.16
87877,18.004388,4.368615,4.79,-0.1
87878,18.00443,63.55144,7.03,1.089
87879,18.00448,28.71973,7.37,0.066
87880,18.004494,-47.553828,6.7,-0.017
87882,18.005128,-39.249571,7.27,0.585
87898,18.007455,-12.988121,7.45,0.293
87899,18.007683,19.505786,6.42,-0.054
87902,18.008058,-3.690269,4.62,0.39
87908,18.008734,17.10321,7.37,1.624
87917,18.010104,33.213682,6.01,1.516
87920,18.010754,2.931568,3.93,0.029
87921,18.010807,29.571922,7.07,0.635
87931,18.012229,9.564003,7.01,1.216
87940,18.014683,6.268294,6.36,-0.104
87944,18.015909,15.09355,6.28,0.747
87959,18.017621,48.465479,7.07,1.092
87961,18.018044,47.403087,6.87,1.008
87964,18.018458,-78.380331,7.34,1.628
87977,18.020712,56.967642,7.44,1.022
87984,18.023089,-17.156868,6.27,1.763
87987,18.023514,30.645294,7.11,1.267
87991,18.024807,24.24995,7.02,1.205
87994,18.025113,21.595782,4.26,0.406
87997,18.025508,-38.082221,6.91,-0.036
87999,18.02589,11.285757,7.03,0.354
88001,18.026168,-85.214828,6.45,0.437
88004,18.026639,33.311266,6.18,1.549
88018,18.029222,1.305076,4.42,0.046
88021,18.030083,-36.377864,6.3,-0.016
88024,18.031189,-19.106135,7.48,0.249
88025,18.031772,-22.780298,5.72,-0.03
88029,18.03269,47.884966,7.3,0.987
88032,18.033476,22.455704,7.38,1.16
88039,18.036075,-36.359243,7.42,-0.015
88050,18.037984,51.638785,7.43,0.338
88055,18.039665,-60.137303,6.94,1.047
88057,18.039736,20.833632,5.25,-0.1
88058,18.039761,-23.03335,7.14,0.65
88060,18.039875,-23.030832,7.22,0.0
88069,18.041256,-3.157263,6.75,0.556
88073,18.041709,22.92323,6.22,-0.092
88074,18.041769,43.268602,7.33,1.139
88075,18.041899,26.313001,7.01,0.799
88076,18.041874,58.627264,6.86,0.147
88077,18.041908,44.233894,7.1,0.483
88083,18.042961,30.555512,6.59,0.45
88089,18.0437,-20.737628,6.78,0.118
88096,18.045256,-33.889183,7.43,-0.086
88101,18.046187,-5.358086,6.74,0.136
88106,18.04748,75.790192,6.95,0.123
88107,18.047527,-24.282468,5.37,0.495
88111,18.048416,-27.826669,6.69,1.2
88123,18.050475,-22.718494,6.73,-0.056
88125,18.050722,-43.462821,7.41,1.064
88126,18.050947,-51.64901,7.01,0.458
88131,18.051367,-8.180349,4.77,0.41
88142,18.052468,48.464269,6.26,0.037
88156,18.054045,19.613157,6.41,0.017
88161,18.055715,19.555874,6.92,1.62
88162,18.055847,8.419375,7.21,0.118
88166,18.056065,-17.610094,7.21,0.177
88180,18.059381,-66.53838,6.89,1.138
88195,18.064568,-24.36073,5.89,0.031
88197,18.064835,30.377228,6.79,0.531
88199,18.064982,35.970367,7.45,1.027
88200,18.065037,26.651252,6.93,0.432
88214,18.068578,39.48075,7.49,0.065
88218,18.069217,-34.053113,7.03,1.454
88238,18.074101,-59.177903,7.04,1.585
88241,18.074973,42.860622,7.09,1.166
88244,18.07605,63.796244,7.31,1.32
88248,18.077044,1.918992,6.14,-0.056
88249,18.077137,-40.637572,7.19,-0.08
88251,18.077525,27.115221,7.19,0.276
88253,18.077798,3.779089,7.31,1.232
88254,18.077836,23.941999,6.34,0.306
88257,18.07853,-59.209575,6.88,0.624
88259,18.078665,40.084182,6.52,0.509
88267,18.080135,-25.605698,7.2,0.496
88269,18.080225,42.957767,7.29,0.154
88276,18.080662,-35.901442,5.98,1.16
88286,18.08283,-24.680813,7.33,-0.039
88288,18.083057,29.080989,7.03,1.05
88289,18.083437,16.926662,6.97,1.693
88291,18.083556,41.94629,6.38,0.287
88293,18.083674,-29.580087,4.66,0.774
88294,18.083846,22.914318,7.36,0.436
88307,18.086264,-24.39857,6.86,0.079
88309,18.086437,66.945537,6.86,0.709
88313,18.087517,65.723478,7.09,0.037
88316,18.088509,15.647204,7.42,1.65
88325,18.090754,28.685499,7.18,0.976
88326,18.090767,-81.486568,6.37,1.528
88327,18.090913,2.500099,4.03,0.86
88328,18.090923,49.343593,7.39,1.039
88330,18.091705,21.646624,6.18,1.241
88332,18.091875,51.947082,6.84,1.165
88334,18.092028,-11.020134,7.36,0.271
88340,18.092476,-37.47184,6.84,1.027
88341,18.092587,-19.754207,7.05,0.14
88348,18.093738,4.657173,6.8,0.61
88353,18.095361,12.003849,6.51,0.276
88355,18.095714,-36.579475,7.46,-0.07
88361,18.096803,-30.424091,2.98,0.981
88362,18.097114,32.230674,5.72,1.179
88363,18.097142,21.445898,7.07,0.654
88378,18.099943,84.655893,7.3,0.41
88379,18.099981,57.359359,6.97,1.285
88381,18.100446,-8.108613,7.09,0.526
88382,18.100528,22.218879,4.96,1.656
88389,18.101364,-74.004763,7.42,0.157
88395,18.102055,-8.323956,5.84,0.184
88396,18.102063,-0.446128,6.32,1.014
88399,18.10256,-51.743905,6.46,0.172
88408,18.103822,-27.492689,7.29,0.611
88409,18.104221,-4.751252,5.74,0.968
88411,18.104734,24.413709,6.77,1.421
88419,18.106585,-36.019788,5.94,0.615
88427,18.108205,-58.57094,6.82,-0.094
88428,18.108448,40.360973,7.44,0.093
88439,18.11052,-50.091477,3.65,-0.101
88440,18.110784,46.273275,7.46,0.402
88442,18.111274,64.221429,6.67,0.93
88445,18.11272,-28.363824,7.1,-0.022
88447,18.113197,43.451849,7.37,1.302
88451,18.113858,-43.425216,4.92,0.255
88453,18.114104,8.875939,6.96,0.51
88457,18.114854,50.822823,6.31,1.051
88464,18.115513,-3.233512,7.03,0.497
88467,18.116736,-48.247286,7.11,0.989
88469,18.117097,30.56214,5.05,0.528
88474,18.117699,23.403548,7.23,0.156
88478,18.118415,49.710441,6.32,-0.02
88483,18.11982,-21.443938,6.22,0.102
88484,18.119852,34.825262,7.33,1.509
88487,18.121409,6.701495,7.05,1.131
88488,18.121767,8.733867,4.64,0.951
88492,18.122418,15.234707,7.24,1.73
88493,18.122495,2.481669,6.51,1.481
88494,18.122496,9.563847,3.71,0.159
88495,18.122553,15.916502,6.68,1.128
88503,18.123637,77.59314,7.42,1.107
88512,18.12465,43.461891,5.0,0.913
88514,18.124866,19.666426,7.46,0.169
88516,18.125026,26.41488,7.11,0.928
88517,18.125708,28.762488,3.84,-0.018
88526,18.127873,-43.392051,7.45,1.12
88535,18.129883,9.848933,6.66,-0.008
88537,18.130098,13.071112,6.61,0.053
88538,18.130103,-64.550177,6.4,1.266
88539,18.130095,-17.154159,5.52,1.132
88540,18.130417,26.09734,5.79,0.127
88541,18.130434,26.10128,5.83,0.158
88544,18.131108,29.818017,7.21,1.35
88547,18.13177,-38.565423,7.36,-0.141
88558,18.133885,-52.237745,7.12,1.054
88559,18.133959,36.401264,5.49,1.161
88562,18.134716,-28.457093,4.55,0.938
88563,18.134793,40.914671,7.39,1.293
88564,18.135346,2.218653,6.61,0.178
88570,18.13677,30.998887,7.43,0.07
88572,18.137827,-55.691233,7.25,1.481
88575,18.139391,44.11258,6.84,0.44
88578,18.140698,-18.552205,7.42,1.972
88582,18.141697,-45.767015,6.13,-0.082
88585,18.142704,14.284716,6.34,0.181
88587,18.142972,-75.105363,7.27,1.564
88588,18.142997,-27.864206,7.23,0.65
88589,18.143,-63.668553,4.33,0.228
88599,18.144052,-21.449562,6.42,0.755
88600,18.144128,57.979683,7.34,1.421
88601,18.144235,-2.907424,6.75,1.001
88606,18.145548,-49.345402,7.36,0.468
88610,18.14597,20.814557,4.37,-0.164
88619,18.147902,1.995619,6.99,0.446
88620,18.14791,2.243047,7.4,0.228
88621,18.148018,20.045233,5.1,0.176
88623,18.148045,24.966624,6.72,0.073
88626,18.148207,-42.657039,7.11,-0.106
88628,18.148346,-25.473058,6.76,-0.009
88629,18.148382,-27.783637,7.48,1.065
88630,18.148476,-29.992938,6.97,1.127
88636,18.149629,24.158276,7.41,0.633
88652,18.15284,30.469531,6.36,1.194
88666,18.154916,-23.988395,7.32,0.079
88669,18.155937,29.951711,6.84,0.633
88670,18.15625,-36.672533,6.53,-0.059
88677,18.157636,-45.938381,7.35,0.503
88687,18.159415,3.993276,5.71,0.363
88692,18.160177,-5.653646,7.43,0.925
88694,18.160408,38.457777,6.38,0.876
88698,18.161289,50.402072,7.29,0.19
88703,18.161978,6.206461,7.07,1.026
88704,18.16205,-13.934435,6.38,1.428
88707,18.162603,-11.724694,7.32,1.79
88709,18.16321,3.200992,7.38,1.23
88713,18.163464,-44.945519,7.03,1.091
88721,18.16481,61.880981,7.24,0.569
88723,18.165004,3.119827,5.67,0.49
88729,18.165993,-59.040182,6.38,1.553
88731,18.166387,36.466284,5.57,0.915
88733,18.166656,-32.719635,6.39,1.025
88740,18.167598,56.266757,7.4,1.273
88744,18.168268,-45.903971,7.49,-0.027
88745,18.168281,-30.728666,5.53,0.979
88746,18.169091,16.47659,6.09,0.574
88749,18.169489,82.93984,7.43,-0.107
88765,18.173948,-62.002197,5.47,0.592
88768,18.174256,35.171658,7.03,0.495
88770,18.175443,54.286552,5.97,0.943
88782,18.177089,7.63541,7.44,1.148
88788,18.177861,3.324256,5.5,1.204
88789,18.178254,-33.918752,7.15,1.193
88793,18.178852,18.504392,7.33,0.252
88804,18.180528,4.434204,7.4,1.042
88805,18.180558,44.598293,6.82,0.991
88809,18.182041,-33.80007,6.13,-0.137
88816,18.183706,51.739928,7.26,0.976
88818,18.18431,26.670805,7.13,0.89
88819,18.184557,-47.513121,6.07,1.193
88820,18.184784,-25.762307,6.67,1.422
88822,18.184876,-41.359113,5.86,0.295
88827,18.185322,60.409532,6.5,-0.002
88833,18.186946,39.100561,7.02,0.025
88835,18.187157,-45.954418,4.52,1.009
88836,18.18744,-19.841958,6.33,0.158
88838,18.187714,-75.89151,5.86,1.253
88840,18.187896,-0.659083,7.46,1.183
88849,18.189906,29.909068,7.38,1.008
88856,18.190816,-5.205002,6.74,0.062
88859,18.191128,-11.309407,7.39,1.135
88862,18.192217,25.561193,6.78,1.11
88866,18.193101,48.289507,6.65,1.074
88869,18.194652,-35.025414,7.11,-0.027
88871,18.194722,-2.726262,7.26,1.162
88875,18.195332,-55.361707,6.78,1.674
88876,18.19537,-23.701235,4.96,1.055
88879,18.195866,33.447057,5.98,0.045
88892,18.197199,66.135739,7.43,0.947
88894,18.197565,-56.400903,7.14,0.093
88895,18.198377,31.40535,4.96,1.643
88897,18.19875,-5.623982,7.22,0.318
88898,18.198769,52.316425,7.48,0.977
88900,18.199194,-20.423374,7.23,0.01
88901,18.199489,-28.901535,6.51,-0.016
88904,18.200381,-8.730985,7.26,0.441
88912,18.201745,-34.068698,7.24,-0.071
88918,18.202863,8.227045,7.18,1.312
88921,18.203074,33.291704,6.94,1.578
88923,18.203758,-63.986807,7.48,1.362
88926,18.204083,-19.432819,7.16,0.579
88928,18.204225,48.119913,7.38,1.055
88947,18.208139,-39.342306,7.28,-0.097
88953,18.208945,24.451663,6.98,1.117
88957,18.209482,-73.672417,5.86,0.464
88961,18.210432,-28.236282,7.37,0.312
88965,18.21121,2.812808,6.68,0.072
88969,18.211838,41.14684,6.36,1.038
88978,18.214454,22.825035,6.97,1.686
88987,18.215624,-50.558834,6.51,0.351
88992,18.216427,-39.161854,7.27,0.599
88999,18.21736,-23.11728,7.09,0.615
89000,18.217731,2.980602,6.82,0.123
89002,18.218005,38.773493,6.04,-0.057
89005,18.218671,41.475366,7.38,0.649
89008,18.218877,-60.143065,7.08,0.43
89011,18.219445,-4.011608,6.59,0.276
89013,18.220194,-41.336111,5.47,-0.155
89017,18.221016,16.273172,6.77,0.545
89018,18.221128,-1.719592,7.35,0.134
89021,18.221268,21.880332,6.14,1.472
89032,18.223648,11.884277,6.88,0.028
89036,18.224143,26.244021,7.26,1.188
89040,18.224806,43.331732,7.29,1.015
89048,18.226434,45.666504,7.49,1.005
89053,18.227037,-31.967334,6.79,-0.043
89054,18.227276,10.826081,7.12,1.576
89058,18.228017,-41.126833,7.0,1.298
89061,18.228589,-75.550725,7.12,0.003
89064,18.229392,-21.058834,3.84,0.195
89065,18.229857,-46.312588,6.82,0.035
89068,18.230195,-43.204336,6.94,1.05
89070,18.231172,2.393465,6.43,1.545
89071,18.231545,64.397287,4.99,0.44
89075,18.233064,20.27714,7.35,1.274
89076,18.233199,-44.651213,7.46,1.214
89084,18.235267,-38.411985,7.26,-0.058
89085,18.235479,28.216388,6.84,1.092
89089,18.236341,-27.502816,7.16,-0.017
89090,18.23674,64.752353,7.34,1.183
89091,18.237342,70.834438,7.09,0.212
89092,18.23775,-21.713164,5.49,1.528
89093,18.237872,-63.689682,6.47,1.414
89105,18.240033,-70.751214,6.7,-0.025
89109,18.240735,-47.95442,7.31,1.181
89119,18.243535,-2.60277,7.38,2.08
89123,18.244724,56.588238,6.66,0.362
89130,18.245555,29.207306,6.51,0.579
89131,18.245627,-45.595221,7.19,1.552
89139,18.247289,-66.815123,7.49,-0.057
89142,18.248948,49.158311,6.83,1.233
89144,18.249379,-15.38474,7.09,1.172
89151,18.251419,-29.823006,6.81,1.681
89161,18.253585,-20.72827,5.29,0.007
89162,18.253603,-20.387974,5.96,-0.023
89168,18.254391,54.140691,6.83,0.951
89170,18.254739,68.75581,5.96,1.055
89182,18.25741,-48.851579,6.58,0.891
89183,18.257478,-35.03806,7.44,1.215
89185,18.257588,-34.59453,6.92,-0.049
89187,18.257967,86.657751,6.51,1.604
89193,18.258546,-18.661577,6.05,0.165
89196,18.259023,45.209318,6.3,0.641
89198,18.259492,47.560855,7.48,0.372
89199,18.259536,-5.47518,7.26,1.047
89200,18.259577,79.064898,7.33,0.636
89202,18.260301,-32.342745,7.47,0.366
89204,18.260772,42.159345,5.56,-0.111
89208,18.261162,-33.091568,6.94,0.013
89209,18.261289,-63.055366,5.58,0.944
89211,18.261791,-3.357638,7.28,1.072
89221,18.263866,-35.6373,7.42,0.115
89222,18.264011,-43.168743,7.04,-0.004
89224,18.26414,-36.573762,6.94,-0.11
89227,18.264819,30.399864,6.76,1.029
89228,18.264843,-44.206461,5.45,0.962
89234,18.266092,-3.617992,6.35,0.201
89237,18.26691,53.296705,7.22,0.972
89243,18.267582,50.532632,7.45,-0.017
89248,18.268214,2.377517,6.1,1.55
89252,18.26863,-56.650925,6.91,1.277
89254,18.269182,21.039878,7.2,0.058
89261,18.270346,-35.240902,7.33,1.614
89274,18.273095,-40.472144,7.34,-0.084
89275,18.273584,48.368779,7.45,1.595
89280,18.274599,-57.447135,7.03,0.465
89283,18.275427,23.398608,7.32,1.071
89289,18.276492,-20.544488,6.89,1.027
89292,18.276966,48.105195,6.9,1.402
89309,18.281417,-3.007401,5.99,0.89
89310,18.281695,49.094555,7.29,1.127
89314,18.282637,-27.715878,6.66,1.246
89316,18.282989,68.741457,6.79,-0.071
89317,18.283203,12.067691,7.17,0.76
89319,18.283589,-51.068271,6.06,-0.046
89323,18.284678,1.005733,6.62,0.312
89324,18.285099,33.535432,7.03,1.33
89325,18.285235,40.936727,6.12,0.977
89327,18.285426,-56.023351,5.36,-0.05
89331,18.286563,-17.373886,5.81,1.569
89334,18.287325,5.753585,7.34,0.015
89337,18.287586,-76.583818,7.15,1.295
89339,18.288262,-38.177708,6.69,1.139
89343,18.289928,-28.288975,6.36,0.536
89344,18.290024,-28.652065,6.18,0.184
89345,18.290045,-9.758578,6.29,0.382
89351,18.291266,-18.463449,6.52,0.043
89359,18.293402,-34.107258,6.03,-0.096
89363,18.293809,-15.43071,6.72,0.398
89364,18.293793,-36.761686,3.1,1.582
89376,18.296777,40.303536,7.31,0.05
89380,18.29746,-56.477932,7.41,0.291
89381,18.297515,-33.396153,7.01,-0.068
89382,18.297538,-18.798498,6.74,0.001
89384,18.297672,-27.354732,7.21,1.777
89387,18.297803,11.877755,7.05,-0.07
89391,18.298568,17.981313,7.4,1.327
89394,18.299516,-12.870046,7.36,0.272
89396,18.300266,-68.229257,6.32,-0.026
89399,18.300817,13.777038,6.29,-0.04
89400,18.300886,-27.042641,4.66,1.629
89402,18.301531,-1.330148,7.47,0.399
89403,18.301638,-12.242585,7.38,0.657
89405,18.302143,18.131691,6.24,-0.004
89406,18.302147,23.296907,6.45,1.698
89410,18.303358,11.396269,7.17,1.635
89416,18.304991,46.407059,7.0,0.912
89417,18.305189,-61.208608,7.2,0.897
89419,18.305662,-54.332436,6.91,1.677
89422,18.306817,12.980431,6.76,0.002
89427,18.307822,5.135245,7.49,0.043
89430,18.308464,-34.686115,6.93,-0.058
89448,18.311155,-42.288399,6.3,-0.144
89453,18.3116,-25.60479,6.51,1.346
89462,18.314301,33.045396,7.25,1.581
89489,18.318331,12.193311,7.1,-0.083
89492,18.318977,71.517854,6.68,0.444
89494,18.319316,7.259767,5.41,1.084
89495,18.319633,24.446059,5.3,1.508
89498,18.320604,12.533951,7.49,-0.097
89499,18.321199,15.826041,6.98,0.291
89501,18.321713,52.651919,7.35,1.212
89519,18.326121,-49.347113,7.36,0.353
89527,18.327806,-63.886562,6.17,0.584
89529,18.327937,67.435069,6.92,1.654
89530,18.328141,-45.699151,6.84,0.533
89538,18.329849,-66.655062,7.29,1.256
89545,18.330591,-17.750801,6.96,1.574
89548,18.331031,36.064547,4.33,1.162
89549,18.331131,29.666392,6.01,1.319
89550,18.331147,-11.28755,7.4,0.552
89557,18.332243,51.347823,6.3,1.112
89562,18.333809,-48.765242,6.56,0.149
89566,18.334426,-9.595723,6.92,0.724
89568,18.334765,-7.981329,6.54,0.401
89573,18.335775,-15.831697,5.39,1.473
89577,18.336516,-45.922247,7.34,0.759
89581,18.338005,-35.428695,6.87,-0.041
89583,18.338309,21.961297,4.92,1.594
89589,18.338783,64.20299,7.32,0.853
89593,18.33921,-27.407709,7.25,1.371
89594,18.339275,-56.215679,6.94,1.012
89595,18.339483,-80.239296,7.36,1.0
89599,18.340369,28.983527,6.61,-0.096
89601,18.340724,-31.316226,7.48,0.248
89609,18.341226,-44.076909,7.18,1.616
89620,18.344074,22.797417,6.8,-0.05
89624,18.345048,-59.839883,6.99,-0.114
89630,18.345955,71.337814,4.22,-0.093
89634,18.347015,27.530331,6.99,0.636
89640,18.347795,3.377165,4.85,0.911
89642,18.348663,-37.487648,6.46,1.315
89644,18.348816,-33.333549,7.05,0.167
89648,18.349158,29.858925,5.61,0.231
89653,18.3499,-29.828103,2.72,1.38
89657,18.350283,28.869954,5.12,0.212
89658,18.350382,-43.774836,6.65,0.276
89659,18.350634,-15.230683,6.94,1.76
89660,18.350736,72.732843,3.55,0.489
89663,18.351712,20.934849,7.48,0.056
89665,18.351985,49.725466,6.39,1.086
89675,18.353282,32.877863,7.49,0.42
89676,18.353446,-26.085116,6.91,0.249
89677,18.354003,-39.021752,6.77,0.128
89682,18.35457,-30.941477,6.99,0.023
89684,18.355167,-2.898825,3.23,0.941
89686,18.355444,32.939631,7.26,1.014
89690,18.356385,-18.859999,5.76,0.67
89698,18.357714,25.056777,6.99,-0.09
89699,18.357889,5.435726,6.14,-0.048
89700,18.358189,51.301091,6.65,1.387
89702,18.358713,-24.915276,6.19,1.823
89703,18.359075,49.121593,5.02,1.619
89720,18.363403,32.247543,7.5,1.374
89721,18.363457,21.507773,6.83,-0.09
89722,18.363469,55.129855,7.42,1.556
89729,18.364464,41.213332,7.49,1.292
89734,18.366705,-28.429962,6.15,0.264
89738,18.367508,-22.921687,7.3,0.034
89740,18.368316,-63.381593,7.33,0.895
89745,18.369083,23.285176,5.41,1.633
89751,18.369481,-22.238832,7.3,1.555
89752,18.369672,-7.49878,7.04,0.094
89753,18.369943,51.541904,6.84,0.131
89754,18.370525,-15.088274,7.11,0.65
89756,18.371104,-14.388695,7.1,0.619
89758,18.371674,7.54893,7.2,0.561
89759,18.371828,-38.656894,5.09,1.498
89763,18.373278,-1.202318,7.28,0.061
89774,18.376477,12.02968,5.99,0.056
89777,18.377698,83.368606,7.26,0.955
89788,18.380288,17.826616,5.25,1.25
89790,18.380297,7.206747,7.09,1.36
89791,18.380443,15.001806,7.44,0.169
89795,18.38141,-36.669556,5.33,-0.121
89798,18.382378,20.963686,7.15,1.086
89800,18.383226,46.362651,7.22,0.309
89804,18.383919,-10.218983,6.32,0.13
89807,18.384147,16.688,6.22,1.216
89810,18.384575,-60.749208,6.8,0.245
89817,18.386712,-12.014755,5.71,0.006
89819,18.387117,-61.493901,4.35,1.462
89826,18.388027,-48.360817,7.39,0.293
89832,18.388737,14.700041,6.74,-0.034
89845,18.39134,-36.237987,5.52,1.015
89846,18.391664,-42.323041,7.07,1.028
89854,18.393456,-75.044277,5.47,0.043
89856,18.394329,-8.934383,4.66,0.932
89860,18.394967,21.769752,3.85,1.168
89861,18.395573,38.345117,6.92,-0.004
89864,18.396313,23.682904,7.04,1.352
89867,18.396658,53.300837,6.35,0.168
89877,18.398507,58.800736,4.98,0.082
89884,18.399244,38.73921,6.41,1.429
89891,18.399987,43.907734,6.63,1.682
89895,18.400997,-3.583157,6.36,0.351
89897,18.401559,20.452374,6.75,0.305
89900,18.402372,79.222698,6.54,1.092
89903,18.402553,83.1754,6.16,0.051
89906,18.402868,-34.384616,1.79,-0.031
89907,18.402895,77.561381,7.03,0.991
89908,18.403041,42.466904,6.65,0.097
89912,18.40383,39.507239,5.11,0.047
89921,18.405067,-44.110256,5.24,-0.163
89926,18.406261,15.655404,7.46,-0.009
89927,18.406503,-59.61614,7.41,-0.054
89939,18.408334,-8.175026,7.34,0.408
89944,18.409202,-49.652879,6.45,0.593
89950,18.410239,-32.29112,7.1,1.389
89959,18.411702,-7.075936,6.28,1.161
89960,18.41194,-6.603798,7.18,0.604
89974,18.415891,-1.579413,6.15,0.381
89977,18.416239,27.394783,6.27,0.053
89978,18.416631,-18.538695,7.26,1.761
89981,18.417066,-30.75657,5.58,1.138
89992,18.419132,5.084567,6.73,0.011
89995,18.41948,64.83842,6.84,0.995
89996,18.419957,49.864536,7.16,1.02
90002,18.420887,-13.978417,6.61,0.778
90003,18.421328,-57.095506,6.85,0.441
90005,18.421726,48.761817,7.21,0.799
90010,18.422511,-20.541679,4.81,1.31
90011,18.422688,-35.992025,6.14,1.006
90014,18.42309,38.440941,7.36,-0.087
90016,18.42441,22.706798,6.8,-0.087
90017,18.424802,22.033505,7.23,0.787
90021,18.425018,-30.253438,7.45,0.9
90025,18.425453,-63.021534,6.13,0.202
90034,18.427444,8.032006,5.64,0.884
90046,18.429804,35.342739,7.22,0.859
90056,18.431736,71.73177,7.34,0.428
90057,18.431835,-33.945718,6.3,-0.075
90058,18.432008,14.966232,6.37,-0.037
90063,18.432996,29.82893,5.81,0.068
90065,18.433069,65.56348,4.82,1.179
90066,18.433611,15.758433,7.42,0.456
90068,18.43427,0.780495,6.87,0.277
90074,18.435959,79.628576,7.21,0.302
90080,18.438073,-79.9274,7.46,1.762
90082,18.438788,26.227719,6.89,-0.126
90090,18.439914,-15.630191,7.34,0.063
90099,18.44145,26.461013,7.09,-0.101
90115,18.444098,59.705645,7.05,0.947
90118,18.444672,-30.393333,6.75,0.548
90119,18.444702,26.449216,6.5,-0.107
90131,18.447539,30.968386,7.01,1.189
90135,18.448336,-48.117243,5.44,0.855
90142,18.449326,-79.269442,7.16,1.201
90143,18.449561,-45.968459,3.49,-0.179
90148,18.450454,9.209598,7.39,0.844
90158,18.452463,-8.040406,6.5,1.054
90162,18.453475,0.196108,5.2,0.487
90169,18.455269,-53.633884,7.2,0.973
90173,18.456447,-36.015972,7.11,-0.033
90175,18.457639,49.818628,7.48,0.271
90181,18.458699,-15.373626,6.95,0.475
90194,18.461169,53.951016,7.23,0.873
90197,18.4617,59.549112,6.43,0.979
90199,18.462154,-26.634845,6.31,0.263
90204,18.462748,24.69741,6.94,0.0
90206,18.463745,-29.816865,5.9,0.517
90208,18.463978,3.74857,6.07,1.61
90215,18.465689,-17.800357,6.19,0.003
90217,18.466179,-25.4217,2.82,1.025
90218,18.466326,6.194104,5.71,-0.034
90229,18.46838,-26.757245,6.28,0.157
90232,18.468432,-84.387256,6.49,-0.035
90234,18.468638,-22.999635,6.96,1.019
90239,18.46992,-52.499987,7.33,0.092
90245,18.471901,44.256756,7.45,1.183
90261,18.474198,-38.995671,5.63,0.14
90269,18.476359,-77.366233,6.84,1.077
90271,18.476557,46.423271,7.21,0.293
90288,18.480505,-49.070588,4.1,0.995
90294,18.482432,-25.042911,7.42,0.599
90296,18.482599,-26.582077,6.68,0.095
90304,18.483879,11.65044,7.5,0.582
90306,18.484421,43.939287,7.49,0.619
90314,18.486533,29.553848,7.21,0.95
90315,18.486626,-14.565813,4.67,0.076
90316,18.486646,-29.259533,6.88,0.463
90317,18.486909,-43.845939,6.36,0.904
90324,18.487997,-38.851303,6.63,-0.019
90326,18.488891,-80.232708,5.95,1.173
90328,18.489128,17.983921,6.78,-0.064
90330,18.489441,-25.256607,6.63,0.002
90332,18.489681,45.981966,7.34,1.027
90335,18.490288,76.225812,7.41,1.154
90339,18.490963,13.854952,7.02,0.451
90357,18.493253,23.866202,5.87,-0.096
90359,18.493861,-33.933975,7.04,-0.038
90362,18.494717,-1.985308,5.38,0.961
90367,18.495823,77.547068,5.65,1.192
90371,18.496322,-14.581987,6.02,0.006
90382,18.498871,-47.220546,5.69,1.258
90384,18.499086,-57.523143,5.74,0.987
90385,18.499204,10.48301,6.91,0.337
90389,18.499842,15.944398,7.17,1.024
90394,18.501216,-43.833963,7.11,0.496
90396,18.501422,4.065354,6.66,0.11
90406,18.503295,-18.728794,5.63,1.057
90410,18.503971,-5.724169,6.27,0.953
90431,18.5081,-23.250643,6.99,1.482
90438,18.509125,40.97577,6.99,1.227
90441,18.509604,36.24917,7.42,1.574
90445,18.510906,12.611204,7.26,0.054
90446,18.511436,4.510835,6.95,0.211
90447,18.51157,20.815046,6.49,0.795
90461,18.515629,-48.014812,6.6,0.52
90465,18.516062,41.106461,7.27,0.443
90468,18.516384,21.654637,7.41,1.057
90477,18.517486,-41.913834,6.02,0.138
90480,18.517903,16.928556,5.76,0.053
90481,18.518012,-32.989114,5.37,0.182
90484,18.518594,32.245381,7.45,-0.019
90486,18.519068,-5.789532,7.37,0.36
90487,18.519125,-53.527609,7.46,0.981
90493,18.519858,-36.809223,6.98,0.349
90498,18.520807,65.436024,6.6,0.341
90499,18.520838,33.63038,7.37,1.165
90507,18.521945,62.537973,7.19,0.9
90508,18.521935,-18.908812,6.81,0.861
90513,18.522783,-0.481964,7.07,-0.01
90515,18.522896,-62.278302,4.63,-0.116
90522,18.523804,-10.795836,5.77,0.379
90523,18.523935,8.027266,7.4,0.972
90524,18.523971,-18.402697,5.12,0.016
90526,18.524265,22.985988,7.41,0.959
90528,18.524721,-1.63487,7.21,0.383
90544,18.528626,7.23175,7.38,0.15
90548,18.529287,-45.914814,4.92,-0.101
90549,18.529299,45.988778,7.15,1.201
90550,18.5295,-2.418466,7.19,1.272
90552,18.530658,-15.18268,7.29,0.339
90554,18.531481,-19.125072,6.59,1.07
90559,18.532284,-43.507383,5.71,1.322
90562,18.532498,-1.002977,5.93,0.17
90569,18.533814,6.780096,7.46,0.486
90571,18.533874,-45.757382,5.07,-0.127
90576,18.535247,3.659603,6.41,-0.025
90582,18.53624,13.736565,7.2,0.692
90583,18.536495,52.115537,6.58,-0.061
90588,18.536975,-19.123966,7.37,1.499
90592,18.537226,-29.190203,7.02,0.848
90600,18.538557,67.776865,6.66,1.396
90602,18.539071,-14.644268,6.36,0.217
90604,18.539157,45.774399,6.96,1.501
90605,18.539257,-39.704001,5.16,0.079
90618,18.541436,-18.972656,6.97,1.333
90622,18.542576,-35.349609,6.95,1.179
90623,18.542923,57.045599,4.77,0.611
90624,18.543316,25.489475,7.44,0.881
90626,18.543852,46.092548,6.69,1.298
90628,18.544043,4.296385,7.36,1.796
90631,18.545367,-14.865662,5.47,1.998
90633,18.546154,23.616801,5.88,1.49
90640,18.54721,30.554209,5.47,-0.077
90648,18.548704,-73.965596,5.88,0.992
90654,18.55025,-39.892022,6.22,0.429
90657,18.550562,-16.560188,6.97,1.46
90664,18.551973,-5.162502,7.03,1.043
90666,18.55235,40.532328,6.93,0.971
90668,18.552805,-18.368386,6.79,0.46
90671,18.554002,-24.109537,6.81,0.018
90672,18.554054,40.159634,7.25,0.535
90673,18.554071,18.915553,6.83,1.044
90685,18.556308,-5.911718,6.36,0.034
90686,18.5564,30.892089,6.55,-0.102
90687,18.556413,-38.720033,6.31,0.02
90688,18.556426,-38.725985,5.67,-0.06
90689,18.556473,8.268251,6.42,-0.044
90699,18.558183,-58.708784,6.4,0.688
90700,18.558383,-42.31251,4.62,0.994
90709,18.560839,-14.853614,5.74,0.043
90714,18.562673,17.732193,7.08,0.65
90715,18.563181,-71.768613,7.01,0.279
90716,18.56324,46.219152,6.73,-0.053
90722,18.564857,-24.032283,5.49,1.795
90726,18.565239,47.870196,7.39,1.399
90729,18.565602,66.356889,7.41,0.08
90731,18.565749,52.353517,5.38,1.091
90733,18.566046,-33.01656,5.28,-0.115
90738,18.56809,-32.961136,7.13,0.002
90745,18.56916,34.448158,7.36,1.035
90750,18.570115,-7.712323,7.35,0.099
90753,18.570689,-66.279284,6.76,0.894
90757,18.571141,72.411196,7.5,0.889
90759,18.572103,20.466411,6.57,0.125
90760,18.572144,29.741768,6.64,1.025
90761,18.572251,18.690063,7.39,0.618
90768,18.573689,-54.088057,6.72,0.413
90769,18.573703,-19.784678,7.18,1.369
90770,18.573974,57.801823,7.33,0.194
90772,18.574243,-34.815713,6.91,0.303
90779,18.575243,51.782263,6.51,1.472
90780,18.575312,-52.891521,6.21,1.254
90781,18.575362,6.462336,7.22,1.243
90784,18.575767,-24.222393,6.53,0.515
90790,18.576483,3.13578,7.46,0.255
90802,18.578327,-50.721705,6.79,1.296
90806,18.579713,21.486244,7.21,0.067
90808,18.579859,10.89201,6.48,0.032
90809,18.580841,-49.35216,7.39,1.166
90811,18.581568,-52.387506,6.83,1.13
90823,18.583998,-10.977206,5.12,0.926
90830,18.585523,-16.985536,7.1,0.431
90835,18.586785,-8.244073,3.85,1.317
90836,18.586834,18.20341,5.79,0.006
90837,18.587085,34.458021,6.1,-0.115
90838,18.587359,41.581553,7.16,0.442
90839,18.587531,72.274199,7.37,1.096
90843,18.587853,-39.694382,7.17,0.266
90850,18.589258,-20.840442,6.49,0.28
90853,18.589918,-19.268535,6.77,1.77
90854,18.590715,-32.890756,6.86,0.122
90857,18.591777,23.60553,5.62,1.015
90860,18.59347,4.935988,6.47,0.075
90861,18.593543,-18.550623,7.08,0.218
90867,18.595433,-29.93752,6.91,1.169
90869,18.596056,73.280861,7.43,0.912
90878,18.598117,16.975697,6.21,0.542
90881,18.598529,43.055599,7.25,0.936
90882,18.598544,72.380259,6.81,1.34
90890,18.599901,-29.699104,6.36,1.272
90892,18.600038,-14.065581,7.21,0.21
90903,18.602178,-6.74206,6.95,1.325
90910,18.603332,41.278105,6.92,0.066
90914,18.603683,65.488717,6.07,0.279
90918,18.604163,30.584741,6.68,1.236
90931,18.607366,43.796725,7.37,1.486
90935,18.607731,9.122491,5.38,0.387
90938,18.608056,4.955036,6.73,1.142
90946,18.609365,30.442486,7.47,0.88
90951,18.610173,12.98761,7.36,0.479
90952,18.610284,22.107583,6.76,0.068
90953,18.610373,33.469036,5.41,-0.101
90955,18.610854,6.671805,5.43,0.386
90956,18.610952,-20.313945,7.47,0.0
90963,18.61151,-56.226976,6.94,1.102
90965,18.611698,15.448088,6.75,0.979
90968,18.612651,43.221815,6.21,0.251
90969,18.6132,-15.945465,7.01,1.924
90976,18.615017,3.78989,6.6,0.899
90979,18.61564,38.783692,0.03,-0.001
90980,18.615621,67.804465,7.5,0.029
90987,18.61719,-48.209258,7.33,0.686
90990,18.617579,-28.513061,6.78,0.954
90993,18.618644,-19.209398,7.01,1.585
90996,18.619183,16.198295,6.31,0.896
90997,18.619189,-15.026249,7.49,0.428
90998,18.619287,0.951139,6.88,0.569
91003,18.620172,11.421506,6.57,-0.011
91004,18.62023,-25.671266,7.43,0.687
91009,18.621018,-40.803643,6.96,1.49
91014,18.622372,11.355848,6.88,0.032
91015,18.623312,77.686819,6.94,0.363
91018,18.623831,-47.074571,6.88,0.362
91023,18.62466,29.584864,6.7,1.294
91025,18.624929,-2.920029,6.74,1.272
91027,18.625349,37.78065,7.03,1.54
91031,18.62579,-12.349872,6.95,0.476
91033,18.625974,62.526591,5.74,-0.045
91035,18.626349,46.149954,7.4,0.401
91039,18.626656,-0.309472,5.76,0.067
91053,18.628894,-41.614211,7.42,0.338
91054,18.629295,-4.806797,6.77,0.374
91055,18.630126,5.883466,6.68,-0.026
91056,18.630131,18.441485,7.44,1.438
91060,18.630991,-17.231285,6.78,0.582
91064,18.631785,-21.397725,5.93,0.189
91066,18.632051,-13.472964,7.35,0.926
91072,18.632526,-2.590528,6.9,1.079
91078,18.633316,28.629943,6.92,-0.117
91086,18.634578,-14.004781,6.49,0.189
91089,18.635132,39.668326,6.02,1.444
91101,18.638611,-1.112987,6.64,0.433
91103,18.638833,-32.685816,7.29,0.413
91106,18.639202,8.834113,7.41,1.201
91111,18.639944,-3.19364,6.49,0.553
91113,18.640064,63.532866,6.85,1.14
91114,18.640089,60.711057,6.65,0.393
91116,18.640471,36.053142,7.21,0.405
91119,18.640703,-23.102974,7.28,1.656
91122,18.641865,-23.504893,5.78,-0.018
91123,18.642113,-48.720778,6.54,1.407
91126,18.642888,15.083687,6.78,0.023
91134,18.644382,30.452016,7.29,1.602
91135,18.644403,4.854791,6.71,1.09
91141,18.644964,-30.027905,6.84,0.401
91142,18.645097,-70.235447,7.49,1.594
91153,18.647576,52.343934,6.92,0.432
91156,18.648168,-21.051871,5.85,0.673
91157,18.648597,6.270782,7.14,0.284
91161,18.649603,32.229254,7.12,1.556
91163,18.650575,-23.182089,6.71,0.647
91165,18.6507,-15.039267,7.48,1.94
91167,18.651316,72.959475,7.35,1.043
91171,18.652631,-70.803175,7.13,1.25
91176,18.653709,-1.952197,7.13,1.417
91178,18.653968,-47.909767,5.84,0.233
91182,18.654711,-59.121804,7.15,1.061
91183,18.654966,-34.166319,6.65,0.006
91186,18.655377,59.528037,6.92,1.432
91208,18.659176,40.935059,6.25,-0.052
91211,18.659768,-43.185878,5.42,1.654
91216,18.660244,5.264287,6.36,0.8
91220,18.661022,8.732813,7.01,1.07
91224,18.6617,37.993091,7.5,0.525
91229,18.663278,-58.869197,6.75,1.177
91235,18.663721,15.089344,7.47,0.253
91240,18.664333,7.358598,6.26,0.962
91242,18.66467,52.196075,6.0,-0.067
91244,18.664917,-20.071289,6.67,0.261
91247,18.665683,-11.107194,7.31,0.676
91249,18.666774,-7.790799,5.82,1.536
91250,18.667202,30.849471,6.43,0.9
91269,18.670055,38.367195,6.45,0.22
91276,18.671882,12.054229,7.01,0.271
91280,18.672504,33.684512,7.28,0.461
91282,18.672507,-58.7799,7.0,0.974
91285,18.672711,26.130871,6.85,0.019
91288,18.672946,8.868451,6.93,0.22
91292,18.673476,-52.200823,7.34,0.157
91296,18.674917,31.643459,7.4,0.335
91301,18.67663,-33.856818,7.05,1.35
91305,18.678443,-44.172251,7.39,0.556
91306,18.678857,-47.027246,6.8,0.079
91311,18.679472,8.792929,7.21,0.35
91317,18.680816,-56.089768,7.36,1.094
91323,18.682334,62.749466,6.1,0.978
91332,18.684303,44.271102,7.31,0.312
91346,18.686979,-42.16663,7.1,0.127
91352,18.687814,30.290753,6.91,0.54
91353,18.687877,30.294602,6.79,0.82
91362,18.688987,4.558163,7.06,0.506
91364,18.689176,-50.472658,6.54,0.877
91372,18.690745,0.564411,7.47,1.447
91376,18.691254,12.236546,6.83,0.998
91379,18.691857,-48.094686,6.47,1.22
91382,18.692909,-3.11848,6.69,1.172
91388,18.694505,34.098743,7.43,-0.15
91390,18.694612,61.546414,7.25,1.465
91391,18.6947,40.717833,6.64,0.327
91392,18.694808,31.617612,6.41,-0.047
91394,18.695128,-14.564244,6.4,0.757
91402,18.697127,12.255581,7.33,0.109
91406,18.697674,-23.833423,6.22,0.231
91424,18.702246,34.746307,6.49,-0.116
91431,18.702828,-17.011108,7.14,1.683
91439,18.703992,-81.808114,6.27,-0.104
91441,18.704563,-9.052549,4.7,0.358
91444,18.704972,-7.337322,6.91,1.702
91445,18.705552,36.55177,7.4,-0.063
91448,18.706249,-47.760967,6.6,0.466
91449,18.706285,-64.643044,6.35,0.153
91452,18.707067,-20.311937,7.1,0.148
91460,18.708335,-70.303164,7.25,-0.024
91467,18.710033,-7.073654,6.13,1.006
91468,18.710266,15.199386,6.91,0.067
91471,18.710543,55.539457,5.03,-0.07
91474,18.71106,-15.521973,6.95,0.921
91480,18.712423,14.842314,7.23,0.0
91491,18.714063,47.575229,6.95,0.302
91493,18.714763,-39.285676,7.01,-0.062
91497,18.715305,-19.284209,6.32,1.591
91498,18.715395,44.925252,7.17,0.889
91500,18.715639,55.451262,7.45,1.031
91507,18.71726,-71.428113,4.01,1.134
91510,18.71755,-78.066259,6.77,0.458
91526,18.719541,70.792849,6.28,1.234
91531,18.720691,19.466468,7.28,0.012
91535,18.72127,39.300066,6.45,1.59
91539,18.721871,17.489749,7.43,0.069
91557,18.724725,53.871767,6.18,0.094
91559,18.725348,-8.275215,4.88,1.112
91561,18.725454,-11.337012,6.95,1.813
91563,18.725767,-20.918904,7.36,1.125
91565,18.726162,-8.368266,7.06,1.323
91566,18.726696,36.556605,6.04,1.04
91568,18.727035,-64.551425,5.76,0.967
91569,18.727048,-1.559023,7.2,1.887
91589,18.729706,-38.323441,5.11,0.075
91594,18.730898,-6.818119,6.3,0.479
91595,18.730903,8.625059,7.13,0.516
91596,18.730971,10.901141,6.56,1.668
91597,18.730999,31.926613,5.68,0.36
91598,18.731012,-16.941615,7.42,0.275
91601,18.731774,47.616209,6.68,1.367
91604,18.732237,12.168712,7.32,1.186
91612,18.734763,38.533083,6.54,1.615
91615,18.73554,-36.718335,6.31,0.98
91617,18.735769,-19.317853,6.74,0.428
91629,18.738407,61.048143,6.02,0.967
91632,18.738711,-35.641987,4.86,-0.168
91633,18.738984,39.670123,4.67,0.17
91635,18.739217,61.938709,7.44,0.455
91636,18.739295,28.101394,7.16,0.264
91639,18.739661,39.612721,4.59,0.18
91649,18.741704,60.349018,7.12,1.513
91651,18.74181,-53.801805,7.21,-0.004
91663,18.743146,64.810068,7.28,1.019
91667,18.743949,-20.971159,7.34,1.56
91669,18.744302,-41.435394,7.43,0.431
91671,18.744526,23.589883,6.3,0.437
91673,18.744678,-6.536137,6.71,1.868
91684,18.746209,37.605115,4.34,0.192
91686,18.746722,37.594615,5.73,0.285
91687,18.747112,-25.010914,5.82,0.033
91688,18.747205,2.060038,5.02,-0.055
91697,18.748357,33.187499,7.35,1.571
91698,18.748721,54.897184,6.26,0.839
91699,18.748865,-0.373434,6.89,-0.023
91701,18.749091,22.562185,7.49,0.979
91702,18.74921,-39.686188,5.4,0.85
91705,18.749787,-39.750118,6.75,0.518
91710,18.751037,35.008414,7.18,-0.026
91713,18.751209,-11.455033,7.1,0.182
91721,18.753198,-61.095196,6.04,1.484
91726,18.75486,-20.647376,7.45,0.773
91728,18.755107,17.727375,7.4,0.258
91729,18.755182,-21.001615,6.35,0.458
91730,18.755202,-35.856765,6.57,1.181
91733,18.756029,36.56726,7.03,-0.021
91734,18.756639,-56.88197,6.22,1.385
91737,18.757465,-64.871259,4.78,0.199
91740,18.757879,5.500128,5.82,0.041
91745,18.75867,19.969896,6.58,1.022
91746,18.759414,-48.459519,7.17,1.329
91749,18.759894,21.984682,6.53,0.017
91751,18.760292,-17.544827,7.14,0.178
91752,18.760321,-48.264043,6.81,0.211
91753,18.760574,79.942673,6.4,0.296
91754,18.76094,-26.990778,3.17,-0.107
91756,18.761035,20.546308,4.19,0.483
91760,18.761525,15.725414,6.69,0.204
91765,18.762135,11.497029,7.11,0.041
91769,18.762989,74.085553,5.25,0.953
91773,18.763843,34.518439,7.09,0.215
91775,18.764258,-10.492788,6.95,0.532
91779,18.764786,-18.364064,7.42,0.077
91784,18.765554,-50.872715,6.24,-0.08
91791,18.766975,9.81837,7.32,0.474
91792,18.766985,-19.606357,6.34,1.578
91793,18.767138,59.686944,7.19,0.953
91798,18.767651,-42.566366,6.93,0.422
91799,18.767738,-27.498998,6.61,0.944
91801,18.767911,26.66213,4.83,1.199
91802,18.767918,18.487835,6.96,0.058
91807,18.769161,-44.223117,6.77,1.513
91811,18.77028,41.44181,6.06,-0.12
91816,18.771047,-72.813564,6.84,0.489
91819,18.771736,-41.917962,7.09,1.063
91824,18.772391,-22.392176,5.37,1.591
91825,18.772849,75.433964,5.37,0.049
91829,18.774473,43.560826,7.19,1.514
91830,18.77461,-0.961692,5.89,0.131
91839,18.776857,-8.119744,6.99,0.18
91843,18.777617,-39.730919,6.88,1.613
91844,18.778156,18.705907,6.18,1.594
91846,18.778634,52.98796,5.91,-0.096
91848,18.778671,63.265772,7.26,0.889
91849,18.778701,-10.125048,5.69,0.584
91851,18.779401,67.771483,7.14,-0.03
91853,18.779543,-14.465382,7.28,0.462
91854,18.779791,-29.631645,6.83,1.523
91856,18.779896,-43.788753,7.39,0.287
91861,18.781188,-65.249599,7.03,1.72
91863,18.78186,-7.57912,7.22,0.222
91869,18.783074,46.314922,6.52,0.068
91870,18.783085,-50.094636,6.54,0.291
91874,18.783686,18.181519,4.34,0.148
91881,18.784978,74.725404,7.18,0.763
91883,18.785512,35.875696,7.46,0.102
91884,18.785634,-5.898565,7.05,0.094
91888,18.786242,-4.747867,4.22,1.087
91891,18.786968,31.405607,7.22,0.89
91901,18.788621,-37.548675,7.08,-0.043
91904,18.788873,16.908513,6.8,0.121
91909,18.789691,-60.375103,7.48,0.01
91912,18.790091,-49.630528,6.92,-0.067
91915,18.791375,-5.705147,5.38,1.28
91916,18.791469,15.512717,7.33,0.029
91917,18.791549,49.432027,7.19,0.443
91928,18.793653,-28.279727,7.42,0.079
91932,18.794479,49.074858,6.67,0.057
91935,18.794933,13.442319,7.09,0.09
91939,18.795726,-40.406167,5.2,0.781
91940,18.795808,-12.329739,7.5,2.009
91946,18.796997,-77.868249,6.39,0.593
91948,18.797869,-20.274509,6.92,0.12
91949,18.798196,11.16354,7.5,-0.025
91956,18.79927,31.756835,6.06,-0.139
91958,18.79956,-18.228687,7.29,0.901
91959,18.799771,-16.776446,6.94,1.693
91967,18.80074,4.241422,6.2,1.509
91969,18.800805,37.073942,7.32,-0.102
91973,18.802201,-43.572974,7.18,1.496
91975,18.80328,-14.708361,6.86,0.498
91979,18.803722,-19.198906,6.87,1.661
91981,18.804103,-33.908195,6.94,0.181
91982,18.804467,48.767556,6.12,0.225
91983,18.804556,23.514749,6.19,0.492
91985,18.80558,-11.392054,7.12,1.18
91989,18.806044,-37.013515,6.94,1.411
91993,18.806292,15.394134,6.94,0.025
91994,18.807689,32.77968,7.43,1.454
92003,18.810077,45.261758,6.97,0.347
92007,18.810538,-65.077679,5.71,0.268
92009,18.81097,-6.004311,6.49,0.242
92014,18.812614,-18.60115,6.46,0.902
92020,18.813585,-18.632175,7.22,0.182
92021,18.814024,-43.680047,5.46,0.133
92025,18.814829,19.32872,5.89,0.022
92032,18.815452,24.055871,6.55,-0.071
92034,18.816065,21.16702,7.13,0.01
92042,18.817526,-32.710418,6.69,1.039
92043,18.817632,-63.269526,7.39,0.183
92049,18.818951,83.905064,6.86,0.118
92052,18.819736,14.658098,7.12,0.015
92056,18.820382,27.720162,6.98,1.171
92059,18.820636,25.046567,6.74,0.094
92063,18.821434,-34.74916,6.59,1.085
92064,18.822164,-8.312583,7.07,1.211
92065,18.822408,43.73439,6.54,0.81
92071,18.823328,33.700903,7.0,0.118
92079,18.824257,-45.8101,5.8,0.891
92089,18.825569,-10.380013,7.47,1.287
92094,18.826388,-43.434102,5.6,-0.077
92096,18.826488,-19.142342,6.77,0.192
92098,18.826998,0.836197,6.24,0.041
92102,18.827807,-20.324656,5.22,1.404
92103,18.828043,-5.912863,5.99,1.568
92105,18.828465,15.934543,6.68,-0.029
92107,18.828799,-72.995722,6.04,0.033
92108,18.828912,31.629461,6.64,-0.014
92110,18.82942,32.81282,5.93,-0.154
92117,18.831366,32.551058,5.22,0.1
92122,18.832159,26.425157,7.1,0.2
92124,18.832571,-52.122046,7.1,0.231
92133,18.834665,33.362667,3.52,0.003
92138,18.83579,-3.62267,6.93,1.51
92141,18.83667,-22.848187,7.2,1.216
92146,18.837486,11.522679,7.11,0.7
92148,18.83836,60.837552,6.69,1.227
92154,18.838899,-7.907617,6.82,2.995
92157,18.839359,54.300969,7.45,-0.132
92161,18.840147,24.106717,6.85,1.703
92162,18.840463,7.458236,6.88,1.32
92167,18.841956,42.912145,7.31,1.256
92168,18.841992,-13.572262,6.48,1.662
92175,18.843754,-26.770484,7.22,0.185
92180,18.844455,39.340167,7.28,0.708
92182,18.844826,-47.779741,7.07,-0.142
92184,18.845333,43.957429,7.05,1.334
92187,18.845986,10.976392,6.37,1.443
92188,18.846337,-34.305123,7.36,0.011
92191,18.847359,-22.16219,6.29,0.39
92199,18.849586,-9.774096,5.82,0.594
92200,18.849625,-41.062687,6.5,-0.075
92203,18.849965,-20.29523,6.84,0.854
92207,18.850342,34.393905,7.15,0.21
92213,18.851503,-3.26114,6.89,0.285
92217,18.85177,-20.3001,7.5,0.112
92220,18.852428,-39.17487,6.98,1.432
92225,18.853348,59.388351,4.63,1.185
92233,18.855523,-17.154283,6.87,0.264
92236,18.856155,-3.317857,6.08,0.299
92242,18.856645,-51.520215,7.42,0.941
92244,18.85698,38.626571,7.15,0.594
92247,18.857334,-27.16423,7.21,1.214
92248,18.857454,39.320587,7.28,-0.024
92252,18.858206,45.133717,7.23,-0.085
92258,18.859672,-60.895789,7.45,0.333
92260,18.859712,52.975117,5.51,0.843
92261,18.85997,28.783671,6.22,1.183
92262,18.860144,36.539092,6.1,-0.1
92278,18.862772,-52.395239,7.36,1.18
92281,18.863518,41.465137,7.36,0.96
92296,18.866122,-83.316353,7.17,1.267
92300,18.867084,37.516527,7.33,-0.078
92303,18.867201,13.965647,6.19,-0.008
92304,18.86728,59.667035,6.96,-0.048
92309,18.868681,41.383244,6.28,-0.083
92312,18.868992,-21.921527,6.58,0.144
92313,18.869114,-44.536442,7.0,1.275
92318,18.869983,-41.709195,6.47,1.426
92319,18.870288,-62.187593,4.22,-0.15
92322,18.870813,26.026364,7.15,0.483
92324,18.87123,21.425142,5.43,-0.068
92325,18.871252,43.709932,7.44,0.495
92330,18.871843,14.535496,6.55,1.05
92338,18.873805,-3.725641,7.08,1.91
92340,18.874229,-46.595119,5.51,1.641
92345,18.874532,-26.65077,6.28,0.941
92353,18.876957,-29.379676,6.12,1.344
92356,18.877675,-52.10737,5.18,0.962
92359,18.878246,-30.734062,6.64,-0.028
92361,18.878566,35.479545,7.48,1.526
92378,18.883258,43.713473,7.21,1.274
92379,18.883305,-46.586329,6.17,0.051
92381,18.883457,-16.381475,7.01,0.171
92382,18.883583,71.787226,6.97,0.159
92384,18.883836,-9.575521,6.27,0.2
92386,18.883987,-48.360913,6.17,0.124
92387,18.884589,74.088266,7.4,1.0
92392,18.885147,-18.636838,6.77,1.276
92396,18.886483,-4.732055,7.42,0.387
92397,18.886667,-51.931437,6.3,-0.092
92399,18.887096,50.708221,4.92,0.903
92400,18.887104,-73.629667,6.93,-0.082
92410,18.88847,40.995192,6.6,1.407
92423,18.891256,42.902612,6.61,1.599
92425,18.891639,9.658566,7.4,1.781
92427,18.892556,75.787372,6.33,0.021
92433,18.894712,-31.991999,6.8,1.591
92437,18.895197,-74.958277,7.41,-0.035
92438,18.895433,36.971721,5.58,-0.138
92439,18.895749,60.017872,7.05,-0.128
92441,18.896194,57.486557,6.24,1.243
92443,18.896835,-19.797128,6.98,1.45
92447,18.897903,35.772713,7.39,1.556
92448,18.898279,82.370026,6.89,0.01
92450,18.898875,-9.370311,7.04,0.383
92457,18.900025,-21.359845,5.68,1.206
92460,18.900446,-47.274375,6.89,0.508
92467,18.902117,15.006306,7.24,0.45
92470,18.902539,-47.263179,7.31,0.043
92471,18.902827,-22.744834,4.86,1.412
92478,18.90368,27.909528,5.64,1.361
92481,18.903986,41.225794,7.32,0.51
92488,18.90607,13.389755,7.22,0.07
92489,18.906091,10.808334,6.54,1.311
92490,18.906327,-24.768989,7.31,0.111
92492,18.90661,71.297192,4.82,1.151
92495,18.907834,20.359903,7.18,1.082
92497,18.908045,10.632514,7.31,1.57
92498,18.908085,-45.486268,6.65,-0.081
92502,18.908412,36.898613,4.22,1.575
92505,18.908498,1.897486,7.44,0.399
92509,18.909011,-49.879074,6.58,0.085
92510,18.909126,20.6153,6.85,0.121
92516,18.909975,9.685686,7.38,1.062
92517,18.910117,1.887477,7.4,1.071
92524,18.911976,-15.603036,5.08,0.141
92527,18.912468,22.645076,4.57,0.782
92530,18.912763,-48.947739,7.22,0.022
92532,18.913095,48.859401,5.84,0.452
92534,18.91323,-87.605843,5.29,1.304
92535,18.913406,15.342675,7.08,0.002
92541,18.914494,41.602723,5.46,1.034
92542,18.914545,31.147181,7.28,1.584
92543,18.914588,33.968576,5.99,0.922
92546,18.915101,1.121587,7.39,0.364
92547,18.915187,-10.516285,7.05,0.082
92554,18.918649,-22.671328,5.0,1.348
92563,18.920912,-14.691064,7.26,0.407
92564,18.92109,-26.296722,2.05,-0.134
92571,18.922249,43.946088,4.08,1.397
92575,18.92321,-37.386603,6.48,1.122
92578,18.923793,40.177153,6.83,0.101
92579,18.923867,-29.213107,6.74,0.979
92581,18.92429,6.61529,5.58,1.041
92584,18.924546,13.222468,7.03,0.055
92589,18.925112,14.384974,6.62,0.353
92591,18.92528,-16.376635,5.56,0.445
92594,18.925928,47.440777,7.01,1.164
92597,18.926118,4.435369,7.44,1.049
92600,18.926587,42.06028,6.55,1.294
92608,18.929101,-16.349172,7.16,0.475
92609,18.929206,7.175559,6.7,0.862
92610,18.92936,-56.423375,6.77,1.61
92612,18.92963,0.265152,7.38,0.106
92617,18.930176,3.449778,7.07,0.15
92622,18.930958,-0.739478,7.39,1.199
92626,18.93138,-5.745216,7.46,0.747
92628,18.931536,35.810553,6.67,1.2
92634,18.932542,44.228376,6.92,0.2
92636,18.933331,-80.727885,6.57,0.041
92637,18.933448,-25.045742,7.37,0.569
92638,18.933469,7.126253,7.35,0.3
92639,18.93352,-23.173751,5.91,-0.021
92642,18.934389,17.99534,6.64,-0.071
92645,18.935034,18.10541,5.69,1.092
92648,18.935733,-29.476654,7.28,0.198
92654,18.936995,4.203595,4.62,0.161
92657,18.937328,-18.709457,6.63,0.977
92659,18.937401,4.202132,4.98,0.204
92661,18.938044,-42.710676,5.35,0.998
92671,18.939628,-1.799863,6.2,-0.046
92673,18.939775,-61.819163,7.06,0.406
92674,18.939772,-11.323324,7.1,1.613
92676,18.940446,2.47119,6.14,0.961
92677,18.940481,65.258084,5.62,0.938
92680,18.940899,-31.689025,6.45,1.223
92685,18.942232,-48.992256,6.65,0.836
92686,18.942261,46.766273,7.09,0.125
92692,18.943659,4.265128,6.71,0.583
92694,18.943883,28.198921,6.96,1.114
92697,18.944582,-37.343241,5.36,-0.147
92698,18.944626,-65.476245,7.43,1.234
92704,18.945689,-17.444101,7.09,1.502
92705,18.945851,57.814851,5.67,1.155
92708,18.946138,-14.857677,7.15,0.185
92720,18.948528,-62.801904,6.47,1.535
92721,18.948667,56.749375,7.11,0.388
92722,18.949036,-33.329452,7.16,-0.029
92723,18.949177,-67.233495,4.4,0.53
92725,18.950441,32.901273,5.2,0.594
92730,18.950846,45.855954,7.39,0.091
92733,18.951019,-5.846314,4.83,1.057
92734,18.951189,-38.91444,7.15,1.237
92739,18.951421,32.000807,7.28,0.257
92741,18.95177,38.798459,7.32,1.6
92745,18.952175,26.095882,7.32,0.174
92749,18.952936,36.469866,6.7,1.363
92751,18.953212,14.83302,7.12,0.725
92752,18.953485,13.372497,7.2,0.324
92756,18.953975,-43.917012,6.27,-0.073
92758,18.954608,2.535346,5.56,0.004
92760,18.954816,62.396773,6.5,0.927
92764,18.955688,-20.656346,5.02,0.137
92771,18.957048,42.103457,7.25,0.428
92775,18.957909,58.225026,6.47,0.072
92780,18.959229,32.989564,6.91,0.33
92781,18.959554,-39.823195,6.29,0.21
92784,18.959919,-19.15313,7.02,-0.102
92793,18.962167,-21.106654,3.52,1.151
92804,18.965904,77.050825,6.56,0.421
92811,18.967194,38.266188,5.89,-0.09
92816,18.967983,28.161044,7.44,1.103
92821,18.968482,-30.825041,7.33,0.543
92824,18.969455,-83.422198,6.35,-0.033
92825,18.969657,-20.42376,6.93,-0.128
92831,18.970763,17.360912,5.33,0.731
92833,18.971463,-32.175636,7.37,1.087
92836,18.972233,39.64178,7.47,0.046
92839,18.972363,-24.876858,6.62,0.055
92841,18.972579,-31.035975,6.09,1.347
92845,18.973251,6.239929,6.22,0.478
92847,18.973564,-22.529493,6.14,0.087
92849,18.973807,1.198124,7.07,0.204
92855,18.974378,-52.938629,4.85,-0.051
92856,18.97439,-34.214662,7.19,0.04
92857,18.974436,23.802343,7.24,1.007
92858,18.974552,-64.001475,6.94,1.297
92868,18.976077,60.66732,6.91,-0.038
92870,18.976812,-60.20055,5.14,1.355
92872,18.977109,74.132934,7.03,0.317
92878,18.978165,20.623167,6.74,0.039
92881,18.978721,-37.107357,4.83,0.396
92882,18.979182,19.794393,6.52,-0.048
92884,18.979608,40.679194,6.2,-0.146
92886,18.979701,13.906648,5.91,0.251
92888,18.979808,-5.634837,7.25,0.16
92892,18.980833,30.180645,6.8,0.606
92894,18.981284,69.531292,6.52,-0.169
92895,18.981388,-48.505923,6.63,1.322
92897,18.98142,-4.726675,7.49,0.443
92902,18.982395,32.689557,3.25,-0.049
92904,18.983166,50.809143,6.32,0.979
92905,18.983589,49.319415,7.46,0.092
92907,18.983698,-12.587785,7.02,0.091
92908,18.984071,33.117216,6.98,0.126
92910,18.984928,13.622245,5.27,0.573
92911,18.984932,43.721018,6.86,-0.001
92916,18.986379,-39.534712,6.49,-0.04
92917,18.986748,39.217321,6.43,-0.168
92918,18.986763,15.129852,7.36,0.185
92921,18.987447,31.681514,7.45,0.282
92925,18.98815,10.141004,6.75,0.211
92931,18.989945,-12.840517,5.51,-0.038
92932,18.98995,-19.279359,6.52,1.582
92940,18.990772,-18.566433,6.37,0.962
92941,18.99078,-75.39008,6.7,1.28
92945,18.991465,-70.468653,6.49,0.305
92951,18.993711,15.068298,4.02,1.082
92952,18.993762,-2.835378,7.41,0.145
92959,18.995147,16.252573,7.06,0.508
92963,18.995966,26.230404,5.26,1.228
92967,18.997658,6.157254,7.23,0.932
92973,18.999244,43.253724,7.09,0.3
92977,18.999475,22.814515,6.28,1.672
92979,18.999571,-71.932635,6.8,-0.037
92980,18.999655,12.890019,7.26,1.633
92981,18.999704,4.610819,7.43,0.083
92982,18.999723,26.965664,6.8,-0.066
92987,19.000229,32.145514,4.94,1.465
92994,19.000987,-66.653618,5.98,0.977
93002,19.003262,-60.203707,6.88,0.646
93006,19.003799,50.533466,5.39,-0.182
93015,19.004933,-55.015581,7.14,1.024
93016,19.005295,40.683999,6.53,1.463
93021,19.006791,33.741826,6.8,1.119
93022,19.006892,-24.942171,6.35,1.253
93043,19.01002,-19.658277,7.22,1.541
93045,19.010621,-48.2844,7.12,1.035
93047,19.012072,55.658301,5.51,0.862
93049,19.012613,-0.455065,7.2,0.858
93057,19.013934,42.252537,6.82,0.534
93061,19.015334,33.802158,6.04,0.983
93068,19.016684,-33.231662,7.29,0.348
93076,19.017569,-37.060898,6.73,0.004
93078,19.017861,-37.061555,6.44,0.02
93079,19.018045,-62.865272,6.78,1.583
93081,19.018176,19.309605,6.47,1.114
93083,19.018486,48.035559,7.04,0.986
93086,19.019121,20.157527,7.34,0.06
93088,19.019306,-4.43897,6.89,1.684
93090,19.019842,2.48229,7.07,1.035
93092,19.020356,2.033218,6.92,0.977
93100,19.021488,26.291411,5.69,-0.086
93102,19.021598,21.513857,7.05,0.074
93103,19.021662,28.412007,7.04,-0.097
93104,19.022033,29.518908,6.82,0.049
93111,19.02293,20.832841,6.78,0.004
93115,19.023991,46.934812,5.0,0.186
93120,19.024986,32.392323,7.25,-0.136
93124,19.025974,2.588524,7.09,1.7
93125,19.025977,-15.282617,6.31,0.963
93126,19.026362,25.025939,6.74,1.461
93129,19.026655,-45.123432,7.38,1.05
93130,19.02715,-22.695364,6.25,1.647
93132,19.02748,-36.890708,7.22,0.121
93134,19.027692,41.490092,7.2,0.569
93136,19.028008,-5.739115,4.02,1.079
93144,19.030103,33.621257,6.39,-0.117
93145,19.030167,12.540949,6.83,0.056
93149,19.030397,22.264412,6.44,0.13
93160,19.032678,19.124873,6.94,1.017
93165,19.033816,-40.662768,7.12,-0.042
93168,19.03469,14.42985,7.37,0.1
93169,19.034722,60.128469,6.87,1.577
93173,19.035288,52.261058,6.35,0.983
93177,19.035698,-41.910505,6.21,0.001
93180,19.036169,47.287349,7.47,0.314
93188,19.037342,-83.939791,7.5,-0.017
93195,19.039324,8.373539,6.25,1.648
93201,19.040484,9.633058,7.4,1.148
93205,19.041022,-24.846826,5.63,1.232
93206,19.041962,62.705498,6.86,1.009
93209,19.042818,-10.721776,6.64,0.205
93213,19.043532,-29.880105,2.6,0.062
93216,19.043905,14.567009,6.88,0.629
93224,19.045269,68.32517,7.1,0.069
93230,19.04795,19.661011,6.11,1.317
93233,19.048472,-3.698987,5.4,-0.005
93242,19.050804,-62.90002,7.4,0.873
93244,19.051057,-19.245686,5.96,1.158
93248,19.051907,-42.095105,4.74,-0.027
93249,19.051944,-19.103024,6.37,0.48
93252,19.052922,-47.051326,6.86,0.96
93253,19.053396,-56.996667,7.07,0.888
93254,19.053582,-11.189654,7.2,0.156
93257,19.054895,-5.559052,6.91,1.058
93258,19.054915,-38.253147,5.73,0.328
93259,19.054964,25.826117,6.97,-0.028
93263,19.05537,0.576152,6.7,1.42
93265,19.056005,-57.924109,7.2,1.054
93272,19.057598,-50.316637,7.19,1.484
93275,19.057758,65.586985,7.22,0.939
93276,19.057994,62.094478,7.05,0.657
93279,19.058242,-68.755544,5.89,0.553
93283,19.058842,8.293769,7.49,0.923
93285,19.058959,1.818768,5.82,0.182
93291,19.059531,17.280764,7.08,1.471
93294,19.059851,2.545741,6.91,1.078
93308,19.061801,21.26835,6.61,0.323
93326,19.065446,34.151247,7.31,-0.101
93329,19.065985,-51.018604,5.93,1.236
93334,19.066947,-57.959962,6.3,0.857
93337,19.067201,16.463308,6.94,1.299
93342,19.068364,-63.784692,6.96,-0.036
93347,19.068973,15.100865,7.38,1.1
93350,19.069376,17.556091,6.93,0.475
93352,19.069642,3.330558,6.72,0.144
93354,19.07061,-22.896517,6.73,0.206
93361,19.071035,43.880413,6.99,-0.022
93363,19.071438,34.087022,7.17,1.285
93366,19.072302,-21.531459,7.18,0.551
93367,19.072588,27.320734,7.12,-0.028
93371,19.073376,-5.684843,6.48,2.3
93372,19.073627,-31.047079,5.49,0.026
93378,19.075839,45.921666,7.16,0.027
93385,19.077362,23.329282,7.24,0.091
93387,19.077762,-48.403904,6.66,1.018
93388,19.07805,-21.741496,3.76,1.012
93396,19.079405,-25.231084,7.08,0.086
93407,19.080527,-8.651141,7.25,1.107
93410,19.081278,19.144282,6.57,1.43
93413,19.08142,15.735989,7.0,0.075
93414,19.081778,-8.122463,7.43,1.028
93418,19.081991,53.396654,5.4,-0.014
93420,19.082184,19.26888,7.27,1.595
93421,19.082327,-4.040874,7.0,1.484
93422,19.082687,-4.03142,5.4,1.12
93423,19.082741,31.744072,5.63,1.548
93425,19.082857,30.733396,6.07,1.575
93437,19.085707,9.642128,6.88,0.157
93438,19.086067,49.923166,6.45,1.348
93441,19.08651,-26.138876,7.37,1.549
93448,19.088491,-1.512203,6.51,0.359
93451,19.089104,25.920661,7.18,1.093
93452,19.090169,13.863478,2.99,0.014
93455,19.090389,42.177654,7.23,1.622
93468,19.094772,-15.660419,5.93,-0.015
93469,19.095273,4.278521,7.34,0.234
93474,19.096362,-29.081125,7.09,-0.006
93475,19.096425,29.921674,6.32,1.668
93477,19.096584,6.546811,6.75,0.505
93478,19.09672,12.207556,7.44,1.94
93486,19.098838,60.099452,7.4,1.078
93489,19.099395,-63.744792,7.48,0.005
93506,19.102988,-9.632209,6.63,1.029
93510,19.10415,-4.882554,3.43,-0.096
93513,19.104732,41.41378,6.51,-0.147
93517,19.105346,-27.287088,7.39,0.019
93519,19.1055,15.861326,7.32,0.387
93520,19.10554,-52.34091,5.17,0.532
93527,19.1064,7.155601,6.71,0.382
93530,19.106971,-37.063437,4.23,0.523
93532,19.107034,-11.897405,7.25,0.57
93536,19.10785,37.388376,7.23,1.098
93537,19.108966,-23.253399,7.45,1.119
93538,19.109336,6.890453,7.28,0.189
93541,19.109755,-1.346132,6.84,0.193
93545,19.109958,80.729877,7.36,0.926
93548,19.11048,28.628595,5.53,0.296
93549,19.110586,-51.41756,7.19,0.523
93550,19.110665,24.250793,5.78,0.104
93552,19.112198,-42.814786,7.01,0.964
93558,19.114307,48.925491,7.23,1.395
93560,19.114477,-16.229276,6.0,-0.025
93563,19.114582,-37.810658,6.15,0.705
93564,19.114721,22.172452,7.24,0.415
93565,19.115226,-50.323144,6.29,-0.057
93567,19.115445,-48.299144,5.95,-0.017
93569,19.11567,-27.670423,3.32,1.169
93571,19.116192,-22.497616,6.87,1.028
93572,19.116279,11.071228,5.07,-0.055
93581,19.118434,72.074065,7.03,0.644
93590,19.118894,22.584375,7.43,0.22
93592,19.118979,-18.738171,6.28,-0.044
93597,19.119175,0.640978,6.55,0.043
93608,19.121703,36.100157,5.25,-0.109
93609,19.121709,3.443015,7.43,0.519
93612,19.121995,41.054109,7.14,-0.024
93615,19.122218,43.315321,7.36,0.391
93620,19.122897,-47.53251,7.5,0.289
93621,19.123283,20.425245,7.4,1.061
93622,19.123769,32.501738,5.2,0.367
93625,19.124032,6.162643,7.11,0.136
93630,19.125234,-28.6368,6.05,1.579
93633,19.125884,18.56254,7.32,0.197
93634,19.126059,34.393096,7.15,0.353
93642,19.127522,6.983458,7.21,0.27
93656,19.12968,49.485355,7.38,0.465
93658,19.129841,-68.883762,7.13,0.118
93668,19.13185,-25.702219,7.44,1.056
93671,19.132589,16.853385,6.08,0.705
93677,19.133599,-7.847866,6.86,1.052
93678,19.133822,26.012028,7.21,1.215
93679,19.133883,24.726036,6.59,-0.024
93680,19.134311,21.698927,6.22,0.434
93687,19.135583,-26.834656,7.16,0.991
93689,19.135689,21.77962,7.47,1.086
93691,19.136546,9.581187,7.44,0.422
93694,19.136996,39.15488,7.32,1.425
93695,19.137153,1.298653,7.09,1.27
93698,19.137378,-24.657369,6.3,0.011
93700,19.137915,25.374738,7.47,0.522
93701,19.137973,-19.290289,5.56,-0.087
93706,19.138944,55.330588,7.32,0.173
93710,19.139156,-40.496703,4.57,1.07
93714,19.140129,13.097975,7.26,0.01
93718,19.140507,52.425731,5.88,1.086
93719,19.140617,-12.956112,7.35,1.399
93728,19.1426,50.363868,6.92,-0.046
93732,19.143173,14.435222,6.64,-0.031
93735,19.143804,24.179308,6.7,1.969
93739,19.144502,16.85131,6.65,0.462
93745,19.145616,-18.952787,6.57,1.581
93746,19.14568,-23.190285,6.66,0.914
93748,19.145888,34.760312,7.04,-0.127
93750,19.146352,-25.079327,6.86,0.001
93757,19.147764,30.30099,6.78,1.268
93758,19.147846,-2.287189,6.58,1.277
93759,19.147861,-55.720425,6.44,1.101
93767,19.149187,-18.682714,6.96,0.364
93769,19.149445,11.29354,6.65,1.16
93772,19.149913,14.780517,6.74,1.1
93773,19.149976,6.073207,5.23,0.346
93781,19.151216,34.600451,6.7,0.643
93788,19.152716,76.560502,5.11,0.308
93803,19.155114,11.626758,7.26,0.912
93808,19.156114,10.241168,7.18,1.853
93809,19.156424,30.566273,6.92,-0.066
93812,19.156743,-13.456726,7.07,1.31
93819,19.157869,-37.904474,4.11,0.042
93825,19.159457,11.115056,7.29,0.503
93829,19.160101,-36.164808,6.54,0.0
93835,19.161043,-39.827238,6.44,1.064
93837,19.161744,58.468345,7.16,1.519
93841,19.162162,-27.114416,6.85,1.068
93845,19.162723,65.978513,6.26,0.008
93846,19.162731,-21.023615,2.88,0.377
93847,19.162798,37.794211,6.83,0.365
93849,19.163374,-19.803657,6.11,1.156
93854,19.164332,-0.428114,6.34,-0.042
93855,19.164642,-68.424448,5.31,0.901
93861,19.165653,35.661001,6.55,1.311
93862,19.166015,-41.892256,5.86,-0.08
93865,19.167154,-39.340796,4.1,1.163
93868,19.167491,-7.277817,7.34,1.173
93873,19.168963,-71.548528,6.64,0.978
93879,19.169988,44.559977,7.33,0.223
93888,19.1743,48.444409,7.2,0.085
93889,19.17434,-30.007119,6.52,0.464
93897,19.1761,42.022193,7.1,0.041
93903,19.177269,-60.045787,7.41,-0.06
93912,19.179091,-76.404676,6.94,1.001
93915,19.179333,31.634919,7.17,0.344
93925,19.180481,10.345776,7.09,1.311
93928,19.180987,-15.077823,7.35,1.482
93935,19.182481,8.121545,7.44,0.353
93941,19.18285,-6.621857,6.84,0.127
93943,19.183285,-24.184872,7.38,1.039
93946,19.183679,-7.427529,6.74,0.81
93948,19.183863,-39.004705,6.34,0.006
93952,19.184827,5.17982,7.12,1.674
93955,19.18512,5.274667,7.08,0.06
93963,19.186239,23.479929,7.02,0.097
93965,19.186459,15.787675,7.4,0.094
93972,19.187601,4.191086,7.48,0.718
93977,19.188559,-29.502293,6.28,-0.031
93983,19.189426,-56.306717,7.4,1.613
93985,19.189767,40.429095,6.2,0.093
93988,19.190144,-65.876815,7.23,0.087
93995,19.191939,26.735871,6.35,0.444
93996,19.192061,29.890179,7.48,1.215
94007,19.194597,56.859213,5.13,1.008
94016,19.196114,31.283456,5.93,-0.062
94028,19.198609,-14.584548,7.04,1.431
94033,19.200089,39.420764,7.5,0.068
94036,19.20091,2.622591,6.94,0.102
94042,19.201416,49.855755,5.85,0.666
94050,19.202717,-37.583105,6.55,1.016
94051,19.203124,57.671981,7.04,0.804
94052,19.203118,-83.483698,7.26,0.444
94055,19.204111,32.252763,7.37,0.05
94056,19.204364,47.374989,6.54,1.024
94059,19.204834,41.237732,7.08,1.573
94066,19.206281,73.892353,7.26,1.647
94070,19.2067,-51.805604,7.06,1.48
94071,19.206767,36.182228,6.95,-0.027
94077,19.207788,-21.658382,6.39,1.129
94078,19.207908,18.001939,7.45,0.402
94081,19.209225,67.661541,3.07,0.99
94082,19.209571,16.84642,6.73,-0.01
94083,19.209595,-37.524036,7.15,0.087
94087,19.210204,21.554572,6.02,0.069
94088,19.210278,6.0395,7.46,0.64
94090,19.211309,-7.939518,5.35,0.094
94098,19.212257,-33.846188,7.26,0.362
94103,19.212812,-50.48642,6.12,0.954
94117,19.215575,29.231618,7.13,0.014
94134,19.219204,-77.864059,7.03,1.86
94136,19.220103,-40.741373,7.29,1.179
94139,19.220463,-25.906786,5.79,1.387
94141,19.22094,15.035635,6.7,1.394
94143,19.220979,-12.282584,5.51,1.442
94150,19.2216,14.942713,7.27,1.525
94157,19.223391,11.344928,7.07,0.774
94164,19.225954,-62.922579,6.59,1.281
94182,19.228529,2.293707,5.14,-0.071
94183,19.228896,5.515605,6.47,0.1
94186,19.229302,39.145968,4.43,-0.15
94189,19.231271,36.42428,7.12,-0.014
94190,19.231497,25.758819,6.98,0.027
94191,19.231542,48.349285,7.34,1.315
94192,19.231552,9.033222,7.06,1.228
94195,19.231987,57.705102,5.0,1.156
94196,19.232321,-26.876257,7.09,0.4
94205,19.233345,-14.039109,7.02,1.478
94210,19.23442,67.115559,6.86,0.074
94215,19.235769,-22.060637,6.98,0.088
94217,19.236123,7.764087,7.23,0.173
94220,19.236492,-67.453978,7.19,0.125
94226,19.237783,-8.719095,6.54,0.977
94228,19.238369,-1.140982,7.49,1.315
94229,19.238408,11.712772,6.77,1.533
94231,19.238678,25.013208,7.19,-0.022
94233,19.239026,55.940393,6.74,1.048
94242,19.240658,48.719245,7.41,0.031
94245,19.241442,34.564338,7.26,0.444
94253,19.243449,-29.831211,6.88,1.62
94261,19.244319,-45.193527,5.91,0.902
94263,19.244402,-29.243243,7.4,0.304
94267,19.2454,65.272807,7.47,0.015
94269,19.245753,6.048549,6.92,0.818
94275,19.246529,-58.007313,7.23,0.627
94282,19.247279,31.86035,6.61,1.0
94293,19.249474,10.409403,7.38,-0.004
94297,19.24968,27.961096,6.91,-0.068
94298,19.250216,-48.962646,6.84,1.271
94303,19.250747,20.203123,6.03,0.895
94310,19.252199,83.462746,6.5,0.108
94311,19.252447,16.19718,7.42,0.081
94317,19.253787,10.212407,7.12,1.136
94319,19.253874,-47.875893,7.42,0.891
94325,19.254822,21.232118,5.65,0.121
94328,19.255327,50.071127,6.27,0.93
94329,19.255581,15.083651,5.58,1.067
94332,19.256192,-6.049764,6.63,0.353
94335,19.256905,30.526381,5.88,1.665
94340,19.257255,-16.099185,7.43,1.259
94341,19.257273,45.33568,7.49,0.034
94346,19.257723,19.419984,7.21,1.067
94348,19.259007,-25.256682,4.86,0.569
94350,19.259228,-24.179352,6.25,0.548
94352,19.259229,73.355468,4.45,1.257
94353,19.259268,18.516353,6.46,1.743
94356,19.259835,-36.949365,6.96,0.141
94364,19.262141,40.359923,6.97,1.304
94382,19.265575,31.0355,6.79,1.223
94384,19.265823,27.455925,6.54,-0.027
94385,19.266012,31.240838,6.82,-0.084
94390,19.266525,27.926302,6.18,0.634
94393,19.267181,16.161012,7.16,0.325
94401,19.26908,26.868573,7.3,0.527
94404,19.269821,-25.666768,7.14,1.143
94408,19.270289,21.390428,4.76,-0.058
94410,19.270417,-30.459583,7.25,0.19
94413,19.271295,-8.690071,7.24,1.01
94417,19.272706,-45.466033,5.38,1.349
94418,19.272804,38.133731,4.35,1.258
94419,19.272881,49.424483,7.23,1.046
94420,19.272888,-75.800101,6.61,0.169
94425,19.274108,14.544616,5.65,-0.02
94427,19.274287,-11.568489,7.49,1.739
94429,19.274612,-69.190825,6.25,0.193
94432,19.275287,4.834795,5.59,0.101
94433,19.275322,48.356741,7.44,0.99
94435,19.275768,-33.522317,6.58,0.692
94438,19.276302,6.59667,6.68,0.111
94440,19.276852,-52.437806,6.76,1.025
94445,19.278748,33.127556,7.22,-0.115
94456,19.280163,18.976334,7.02,0.588
94460,19.280941,46.999102,6.02,0.479
94462,19.28117,-10.971775,6.93,0.57
94465,19.281417,63.207399,6.93,0.505
94471,19.28281,-67.166743,6.9,0.961
94475,19.283479,-65.227702,6.42,-0.046
94484,19.28504,53.368459,3.8,0.95
94485,19.285827,41.264808,7.1,0.907
94486,19.285858,39.028627,6.93,1.548
94487,19.285857,-61.814318,7.34,0.354
94494,19.286729,-66.661048,5.52,0.17
94503,19.28847,49.850231,7.26,0.397
94504,19.288882,39.12108,6.57,1.122
94507,19.289529,71.347018,7.07,0.729
94517,19.292184,21.813847,6.89,0.185
94518,19.292413,47.952449,7.26,1.075
94519,19.292555,51.346518,7.49,1.469
94525,19.293911,-18.952908,4.88,1.013
94527,19.294433,-15.967137,6.62,0.242
94528,19.294442,22.441209,6.82,0.07
94532,19.295454,23.02554,5.46,0.02
94538,19.296718,2.031727,6.19,0.019
94539,19.296944,11.595422,5.28,0.196
94551,19.299226,-0.943554,7.34,0.29
94554,19.299771,-47.074574,7.27,-0.085
94557,19.300239,31.021863,6.69,0.102
94562,19.301974,-5.423436,7.4,1.276
94563,19.302714,-53.387086,6.36,0.505
94564,19.30304,-18.863806,7.0,-0.03
94565,19.303239,60.960036,7.14,-0.078
94566,19.30327,24.415552,7.21,1.085
94576,19.306322,14.474289,7.49,1.08
94578,19.306475,5.131044,7.15,0.49
94582,19.307959,33.945647,7.41,0.869
94584,19.308294,-18.696823,7.48,0.328
94588,19.308691,0.423464,6.72,0.401
94589,19.308715,16.697696,7.48,0.234
94590,19.309026,1.085129,5.1,1.143
94595,19.310518,49.569456,6.32,1.123
94604,19.311544,-56.144694,6.81,-0.165
94607,19.312022,-39.547842,7.43,0.485
94610,19.312545,16.488364,7.01,0.541
94615,19.313447,19.610477,6.5,-0.006
94618,19.314151,0.339024,6.4,1.05
94620,19.314571,76.792518,7.23,1.201
94621,19.314654,9.61807,6.31,1.065
94626,19.315551,73.550896,6.95,0.271
94628,19.316142,40.360456,6.88,0.035
94630,19.316406,-33.278286,6.94,0.579
94634,19.316694,-15.53657,6.09,1.42
94636,19.316987,37.445346,6.25,0.012
94639,19.317706,33.38881,6.6,-0.191
94642,19.31824,27.261298,6.77,1.865
94645,19.319332,-15.908342,6.86,2.479
94647,19.319647,26.93202,7.37,0.142
94661,19.322709,-36.894527,6.91,1.051
94667,19.324361,31.966322,6.83,-0.085
94671,19.325277,-36.658531,7.25,0.513
94674,19.325526,22.570746,6.95,1.531
94679,19.326786,54.375987,6.23,0.03
94680,19.32706,-51.572603,6.57,0.068
94682,19.327178,40.267161,7.32,1.575
94686,19.327502,37.330539,6.29,0.676
94689,19.327597,12.37468,5.53,0.265
94691,19.327776,-35.421452,5.59,-0.122
94697,19.329434,36.76433,7.48,0.36
94698,19.329483,64.390809,6.52,-0.098
94707,19.331407,11.534965,6.03,0.087
94710,19.331962,45.032092,7.19,1.004
94719,19.333131,-19.366282,7.47,1.044
94725,19.334059,-9.411628,7.41,0.344
94726,19.334111,-6.628009,6.76,1.683
94733,19.33541,26.644912,7.36,0.446
94734,19.335411,26.662203,7.35,1.533
94743,19.337783,57.645129,5.91,1.626
94750,19.338747,4.777891,7.04,0.144
94754,19.340191,-10.560372,6.97,1.439
94756,19.340428,32.098922,6.84,-0.103
94759,19.340609,-31.8176,6.56,1.68
94760,19.340854,-1.309759,6.57,0.438
94761,19.340862,39.926198,6.81,0.799
94767,19.342073,50.340225,7.32,1.482
94771,19.342473,-5.415766,4.98,0.937
94772,19.342515,35.185957,6.3,-0.092
94777,19.343165,-39.988912,7.38,0.123
94778,19.343246,-0.892161,5.46,-0.041
94782,19.34393,-22.402535,5.59,0.276
94786,19.344467,65.714531,4.6,0.033
94788,19.344745,-24.210409,6.82,0.969
94798,19.346218,72.101766,7.29,0.992
94801,19.346476,-38.746344,7.3,1.519
94804,19.346753,-4.502504,6.89,2.07
94809,19.347689,-11.300912,7.25,1.334
94812,19.348305,13.576594,6.91,1.1
94814,19.348417,22.198787,6.56,-0.063
94821,19.349969,19.145537,6.82,0.458
94824,19.350783,42.686964,7.05,1.229
94826,19.350943,5.111545,7.06,1.595
94831,19.351897,-1.176465,6.95,1.327
94836,19.35481,20.962798,7.42,0.004
94848,19.35705,57.766811,6.59,1.307
94851,19.357474,32.677783,7.32,1.134
94852,19.357746,25.603964,7.43,-0.032
94854,19.358263,-34.983487,6.48,0.628
94859,19.35987,76.559596,6.22,2.673
94862,19.360029,52.376405,6.94,0.288
94864,19.360309,-19.234446,6.25,-0.091
94868,19.360863,25.574848,7.3,0.073
94869,19.360932,-29.605466,7.1,0.568
94872,19.361182,79.60283,6.06,0.072
94873,19.361211,-17.847197,3.92,0.228
94875,19.361434,29.905458,7.46,0.123
94876,19.361537,-54.185878,7.47,1.234
94877,19.361568,-17.245428,7.38,0.484
94881,19.362117,-15.955018,4.52,0.079
94882,19.362274,-26.166379,7.29,1.44
94892,19.364137,-18.308388,5.84,1.062
94897,19.364766,10.920638,7.39,1.391
94902,19.365906,22.506424,7.43,-0.01
94908,19.367736,-29.523082,7.09,0.573
94909,19.367745,17.753384,7.07,0.04
94916,19.369316,-42.016026,6.33,1.129
94924,19.372449,-8.201072,6.66,-0.045
94927,19.372651,-0.252345,5.81,1.093
94931,19.373797,-31.936618,6.94,1.719
94940,19.375931,33.518163,6.09,1.052
94941,19.376104,-3.718172,7.07,0.13
94944,19.377147,-51.231276,6.42,0.328
94946,19.377303,-44.458965,3.96,-0.085
94949,19.377861,-20.64291,6.72,1.032
94950,19.37803,37.581223,6.6,1.106
94954,19.379616,30.271103,7.3,0.986
94958,19.380097,9.91315,6.34,0.458
94965,19.380801,26.262403,5.22,-0.119
94966,19.380888,-54.423931,5.03,0.02
94973,19.382694,55.06834,7.32,1.116
94974,19.383037,-54.538048,7.04,0.48
94976,19.383433,56.225718,7.4,0.359
94977,19.383437,42.974188,7.01,0.019
94986,19.384569,-7.400615,6.31,1.455
94992,19.385617,14.921033,6.65,0.297
94994,19.386133,-10.703206,6.99,1.022
94996,19.386727,20.277943,7.11,1.144
94999,19.386976,-44.799778,4.27,0.35
95009,19.389752,-65.578797,7.27,-0.035
95011,19.389941,50.271289,6.51,-0.071
95024,19.392779,33.221966,6.37,0.804
95025,19.392827,69.014694,6.96,1.693
95027,19.393586,-53.946133,6.62,0.968
95028,19.393633,-15.812343,7.41,0.019
95030,19.39409,8.660006,7.05,1.289
95034,19.394337,-55.935482,7.35,0.471
95045,19.396369,20.264356,6.4,0.013
95047,19.396607,39.590447,7.0,1.149
95048,19.396927,-17.195793,7.05,0.01
95050,19.397265,-34.966992,7.11,1.264
95052,19.398103,-40.61594,3.96,-0.105
95057,19.399027,43.388171,5.85,0.924
95059,19.399438,32.723747,6.76,1.227
95067,19.400933,44.933538,7.01,0.808
95068,19.400931,-6.977274,7.44,0.342
95069,19.401047,11.441111,7.42,1.058
95073,19.401528,-68.371082,6.33,1.238
95075,19.401682,36.452094,6.44,1.074
95077,19.402105,29.621338,4.99,-0.12
95082,19.402757,39.211666,7.47,1.38
95090,19.40353,-62.998184,6.58,0.455
95093,19.405001,31.047315,7.39,-0.083
95101,19.405964,-43.722063,6.13,1.603
95103,19.406131,16.937722,6.27,0.075
95105,19.406261,28.08757,6.53,-0.08
95107,19.406466,-9.338379,7.24,1.595
95109,19.407304,-55.88832,7.49,-0.047
95111,19.407642,12.282874,7.02,1.427
95113,19.408383,-27.865945,6.03,-0.117
95131,19.411538,-12.615562,7.23,1.339
95137,19.412318,19.939425,7.16,0.156
95140,19.412613,16.957022,6.84,0.148
95145,19.414034,-18.616794,7.47,1.585
95150,19.415557,-44.194796,6.88,1.091
95152,19.416164,11.944415,5.17,0.761
95158,19.417092,-4.884536,6.5,0.34
95161,19.41779,-29.309359,5.91,1.278
95163,19.418644,-18.562794,7.02,0.689
95173,19.419434,-51.100631,6.88,1.55
95182,19.421247,-24.508575,5.02,0.235
95185,19.421708,37.245198,6.8,1.129
95190,19.422665,-13.89713,5.72,1.372
95191,19.422873,-24.412104,7.27,-0.002
95192,19.422887,20.271727,6.31,-0.014
95197,19.423824,24.912774,6.19,0.528
95202,19.424611,19.798365,5.14,0.999
95206,19.424906,-23.962457,5.45,1.442
95207,19.424972,3.114775,3.36,0.319
95209,19.425218,34.19437,7.24,0.727
95216,19.427506,26.104003,7.37,0.08
95221,19.428706,-22.451669,6.79,1.296
95224,19.429657,58.027322,6.6,-0.139
95225,19.430002,28.759446,7.41,0.082
95228,19.430435,50.851737,7.36,1.63
95236,19.432297,-49.842887,6.66,0.953
95238,19.432397,44.930753,6.68,1.016
95241,19.432872,36.186508,7.48,1.62
95247,19.433671,45.013089,7.08,-0.151
95260,19.435868,36.317896,5.17,-0.12
95261,19.4364,-15.053251,5.71,0.007
95264,19.437013,20.097733,5.6,-0.006
95267,19.438464,-55.374387,7.5,1.397
95268,19.438654,-21.776693,5.57,1.228
95276,19.440037,13.023801,5.76,0.456
95278,19.440159,-14.551212,6.7,0.054
95280,19.440688,62.557145,6.38,1.413
95282,19.441013,-21.245948,7.01,1.522
95286,19.441302,19.891493,5.84,1.558
95288,19.441833,20.258983,6.64,0.012
95289,19.441969,0.33857,4.64,0.576
95290,19.442204,11.85107,6.91,0.439
95293,19.442712,27.322671,7.46,0.573
95307,19.444882,-46.578915,6.65,1.663
95309,19.44562,39.961502,7.42,-0.026
95312,19.445741,21.653118,7.43,0.05
95315,19.446647,50.145494,7.38,0.508
95316,19.446772,21.162831,7.36,0.028
95323,19.449022,-29.743225,5.66,-0.014
95324,19.449098,12.062059,7.06,0.127
95328,19.449687,21.106368,7.14,0.158
95360,19.457212,52.320436,5.73,-0.002
95361,19.457379,18.295887,6.84,1.009
95368,19.459419,14.282481,6.31,-0.068
95376,19.46011,37.941197,6.3,-0.12
95380,19.461136,-18.350836,7.19,0.482
95383,19.461414,4.709717,6.73,0.368
95385,19.461714,12.48782,7.39,1.471
95387,19.462025,-40.097215,7.15,0.574
95393,19.463366,-54.325272,5.7,1.406
95400,19.464395,2.174296,7.24,1.553
95401,19.46448,-4.817772,7.38,1.32
95402,19.464755,33.373979,7.36,0.29
95403,19.465018,20.247383,6.88,-0.033
95416,19.468128,-18.359308,6.73,1.584
95420,19.468419,17.846689,6.89,0.315
95421,19.46847,-69.631854,6.72,0.51
95422,19.469419,54.779784,7.44,0.978
95423,19.469726,-73.090634,7.05,0.24
95430,19.470517,29.450274,6.57,1.08
95434,19.472444,2.93003,5.84,-0.003
95446,19.473941,24.995407,7.14,1.521
95457,19.476481,-15.102302,6.77,-0.026
95459,19.476642,8.863592,7.45,0.397
95466,19.477367,39.940834,6.9,0.875
95469,19.477877,3.69395,7.33,0.016
95473,19.478427,24.664905,4.44,1.502
95474,19.479552,11.026982,7.45,0.623
95476,19.479686,-36.000258,7.46,0.131
95478,19.479729,67.626669,7.46,0.947
95487,19.482523,24.768723,5.82,1.023
95493,19.483335,12.858184,7.45,-0.067
95495,19.483608,1.950448,5.79,0.088
95510,19.487623,30.549151,7.4,1.23
95513,19.488341,0.24608,6.25,1.317
95519,19.489138,20.279737,6.34,-0.097
95521,19.489267,-7.044086,6.37,0.87
95522,19.489291,31.608656,6.95,0.718
95523,19.489487,14.596019,5.57,1.05
95524,19.489951,-43.445195,5.7,0.214
95534,19.491685,36.28748,6.66,0.349
95543,19.492729,-15.358742,7.12,0.121
95548,19.49385,-12.646714,6.89,0.471
95551,19.494603,-30.79776,7.13,0.599
95554,19.495098,51.729779,3.76,0.148
95566,19.497829,-26.985615,5.46,1.12
95567,19.497944,-55.441754,6.14,0.974
95568,19.497988,22.706631,7.35,1.806
95580,19.499697,46.946487,6.88,-0.023
95588,19.501306,-0.444968,7.34,0.208
95599,19.502926,2.904073,6.08,1.82
95600,19.503401,55.42271,6.88,0.96
95602,19.503499,56.64442,6.92,0.052
95603,19.503567,46.1478,6.99,1.391
95606,19.504137,-32.091396,6.6,0.394
95609,19.504812,33.728455,6.55,1.128
95616,19.506189,16.711134,7.29,0.109
95620,19.507019,17.695253,7.25,0.17
95627,19.508805,12.8169,6.91,0.915
95630,19.509201,3.444403,6.09,-0.019
95632,19.509577,56.136209,6.68,0.015
95633,19.50961,-55.110053,6.29,0.45
95636,19.510372,25.120822,7.35,1.208
95638,19.511066,-2.788887,5.03,1.77
95643,19.511405,-18.323488,7.32,1.085
95645,19.51165,-8.186509,7.47,0.089
95646,19.511694,68.746881,7.35,1.153
95648,19.512023,27.959681,3.05,1.088
95652,19.51261,27.965276,5.12,-0.095
95653,19.512983,-16.166814,7.43,-0.012
95654,19.513009,36.228503,6.26,-0.015
95658,19.513802,18.250673,7.47,1.271
95663,19.514644,-6.514423,7.27,0.64
95667,19.515013,-21.312237,6.11,0.121
95674,19.516122,-11.48466,7.07,0.49
95675,19.516166,-14.563217,6.93,1.282
95679,19.516746,70.989339,6.06,1.416
95680,19.516947,-73.985226,7.4,-0.051
95681,19.51697,46.331791,7.17,-0.03
95688,19.518115,2.011741,6.52,1.452
95690,19.518215,48.58213,7.22,-0.108
95692,19.518461,-29.495025,7.45,1.512
95696,19.518957,58.58601,6.6,0.859
95700,19.519709,-68.43392,5.98,1.638
95704,19.520432,55.731836,6.37,1.123
95708,19.521051,-2.110211,7.09,-0.14
95709,19.521158,33.470753,6.7,0.099
95711,19.521214,47.48118,6.87,0.279
95712,19.521266,-25.73706,7.28,1.249
95713,19.521707,42.986994,7.18,1.03
95714,19.522039,50.306706,5.55,1.274
95716,19.522672,26.617171,5.89,0.915
95718,19.52283,-46.272992,6.84,0.99
95721,19.523501,-21.040095,7.28,1.472
95724,19.52375,11.627948,7.31,1.315
95728,19.52455,55.264782,6.84,1.113
95734,19.526771,26.98656,7.29,0.125
95738,19.527327,5.021244,7.45,0.047
95744,19.528496,-19.386473,7.19,1.583
95747,19.528684,5.769077,6.95,0.485
95752,19.529534,34.452968,4.74,-0.15
95753,19.529981,-42.429627,7.5,0.53
95762,19.532222,30.187889,7.5,1.351
95765,19.532537,-54.165248,6.82,1.47
95771,19.533522,7.487843,6.8,1.421
95774,19.533837,20.929427,7.0,-0.016
95780,19.534848,25.596334,6.87,0.456
95789,19.536637,-60.269723,7.07,0.139
95791,19.536858,9.334284,7.04,0.2
95794,19.537231,-44.546387,6.48,0.526
95795,19.537727,-21.51688,7.19,0.243
95799,19.539149,69.661175,4.67,0.786
95809,19.541253,-30.869467,6.58,1.551
95822,19.544535,-28.019806,7.14,0.675
95836,19.548009,-46.777192,7.11,0.7
95839,19.54828,-53.185618,5.76,0.3
95841,19.548582,31.236085,6.7,0.45
95852,19.550879,-30.362804,6.76,1.6
95857,19.552157,5.029392,6.61,1.851
95862,19.552796,60.158691,6.3,1.58
95869,19.554741,20.414145,7.31,0.292
95876,19.556007,-45.271748,5.59,-0.02
95881,19.557098,21.840329,6.89,0.745
95883,19.557537,33.201865,6.62,0.595
95887,19.558275,36.022009,7.35,0.331
95893,19.560121,38.761975,6.61,0.113
95894,19.560255,3.761327,6.98,0.006
95896,19.561557,49.262319,6.0,1.545
95897,19.561724,-34.197697,6.94,0.039
95902,19.562786,5.465708,6.35,1.471
95903,19.562935,7.918065,7.44,-0.099
95907,19.563174,-63.058305,7.41,0.176
95912,19.564931,56.459943,6.87,0.95
95918,19.566875,26.062627,7.06,0.267
95923,19.567296,25.805858,7.38,1.315
95927,19.568153,7.378941,4.45,1.176
95929,19.568314,-56.100126,7.0,1.403
95932,19.569024,-40.034638,5.89,0.105
95939,19.569758,7.785768,6.89,-0.018
95943,19.570582,25.352525,7.07,1.78
95950,19.571719,41.927219,6.68,-0.008
95952,19.571863,16.264999,7.01,-0.031
95953,19.571943,-16.374176,7.05,2.985
95954,19.572003,41.429039,7.16,-0.046
95956,19.572161,51.23662,5.71,0.475
95962,19.573644,71.605356,6.7,0.428
95972,19.576095,-23.858831,6.51,1.677
95973,19.57636,19.773403,5.0,-0.093
95978,19.577068,18.128114,7.31,0.873
95980,19.577351,10.952713,7.06,0.974
95984,19.57774,48.16455,6.79,0.256
95986,19.578127,42.412509,5.34,0.06
95990,19.578868,43.945855,6.64,-0.034
95993,19.57925,16.641667,7.35,1.141
95994,19.579315,46.467605,7.23,1.06
95995,19.57954,63.434171,6.47,1.326
96000,19.580813,29.462954,5.39,0.581
96008,19.582251,33.795488,6.64,1.567
96011,19.583046,27.225343,6.74,0.29
96012,19.583261,-81.752946,6.63,1.042
96014,19.583676,52.502018,6.39,1.122
96026,19.585349,-10.560444,5.12,1.122
96027,19.585404,34.199839,7.48,0.122
96028,19.585446,19.004968,6.82,1.652
96029,19.58554,22.158597,7.41,0.08
96034,19.58617,74.377479,6.97,1.046
96039,19.586942,-48.099202,4.88,1.096
96046,19.589401,34.688003,7.14,-0.1
96048,19.590047,69.805475,7.03,1.372
96049,19.590314,2.913605,6.37,0.414
96051,19.590896,15.610575,6.55,1.134
96054,19.591613,-7.460283,6.32,1.124
96057,19.592168,53.545838,7.38,0.283
96059,19.592189,-41.121136,7.24,1.074
96060,19.592225,31.276646,7.46,-0.162
96063,19.592628,-12.253114,6.27,1.089
96068,19.593273,-20.782091,6.74,0.557
96085,19.596751,36.944539,6.03,-0.08
96090,19.597427,-2.455736,6.99,0.503
96093,19.598781,56.983901,6.73,0.636
96094,19.598874,50.238618,6.47,1.034
96097,19.599224,-53.008082,6.71,1.395
96102,19.600276,0.249655,7.16,0.299
96104,19.600459,-24.719081,5.64,0.185
96109,19.601527,33.746055,7.45,1.18
96112,19.602071,35.213652,6.75,1.52
96113,19.602232,11.150168,6.7,0.082
96114,19.60232,22.585763,6.33,-0.059
96115,19.602415,-46.151355,7.18,1.544
96117,19.603237,12.16161,6.72,1.419
96120,19.603504,6.007419,6.62,1.084
96125,19.604357,14.39107,6.37,1.045
96127,19.604696,33.461402,7.32,-0.089
96131,19.606391,15.892325,7.12,0.531
96137,19.607243,-18.852921,6.13,0.273
96138,19.607372,50.221103,4.49,0.395
96145,19.608966,41.009703,7.45,0.094
96146,19.609005,43.706111,6.6,1.476
96150,19.610021,-32.690865,6.9,-0.059
96154,19.610432,48.516279,7.0,1.45
96155,19.61048,20.332943,7.01,1.197
96156,19.610555,44.694936,5.17,0.928
96162,19.611786,-24.883623,4.59,-0.075
96165,19.612022,-1.286601,4.36,-0.079
96176,19.61409,-10.157493,6.77,1.549
96179,19.61457,11.273206,5.98,0.881
96180,19.614847,-7.027477,4.93,-0.046
96188,19.615736,38.383826,6.51,-0.127
96192,19.617285,-13.172981,7.05,0.065
96193,19.617595,-18.231052,5.66,1.237
96196,19.618501,22.005945,6.92,0.202
96201,19.619338,29.3337,6.43,-0.087
96204,19.619736,-14.431284,7.08,1.491
96205,19.619929,28.499864,6.67,0.606
96212,19.621498,16.462802,5.67,1.007
96213,19.621553,38.594208,6.93,0.287
96219,19.622714,26.359097,7.46,0.904
96220,19.623182,18.976517,6.67,1.513
96226,19.624971,29.615113,7.44,0.132
96229,19.625606,54.957842,7.29,1.604
96230,19.625956,-0.129271,7.31,0.321
96232,19.626227,-14.301801,5.46,0.501
96242,19.628005,35.022536,6.44,1.559
96247,19.628811,-5.061788,7.47,0.35
96252,19.62981,-4.64764,5.45,0.429
96254,19.630164,-13.95636,6.86,1.016
96263,19.631505,1.499264,7.31,0.183
96266,19.632232,18.59246,7.14,0.255
96268,19.632417,49.284416,6.47,0.99
96272,19.633462,-32.912797,6.86,0.978
96273,19.63374,35.258992,6.55,0.934
96282,19.636026,17.243219,6.93,0.005
96284,19.636301,-63.915473,7.45,1.661
96289,19.636545,51.235855,7.21,1.064
96295,19.638275,20.783391,6.5,1.037
96297,19.63936,0.345487,7.22,0.278
96301,19.640538,-57.983341,6.19,0.973
96302,19.640967,17.257237,7.45,0.145
96304,19.641445,-65.914226,6.79,0.062
96311,19.643976,23.042331,7.29,0.009
96313,19.644268,32.406127,7.21,0.065
96314,19.644769,54.973793,5.89,0.482
96316,19.645377,-10.156663,6.61,0.342
96318,19.646119,23.114264,7.45,1.052
96324,19.646942,3.381522,6.36,0.001
96338,19.648949,-28.607216,6.72,-0.073
96356,19.652873,68.652558,6.78,0.865
96359,19.653234,5.397773,5.18,-0.001
96360,19.653444,-16.909431,7.45,0.446
96361,19.653604,-16.907877,7.32,0.324
96365,19.653934,18.68382,7.5,0.152
96373,19.655332,-45.428298,7.48,0.391
96374,19.655338,44.436248,7.01,1.086
96377,19.656279,30.153321,4.68,0.971
96379,19.656691,-69.337881,6.95,1.326
96382,19.657038,16.571121,6.37,1.918
96384,19.657308,22.256493,7.39,0.42
96386,19.657356,42.818278,5.41,-0.063
96390,19.658269,30.408269,7.17,-0.079
96394,19.659206,-58.231789,7.13,0.363
96399,19.659593,45.957439,6.25,0.931
96401,19.659648,-69.60246,6.95,0.95
96404,19.660051,-64.5356,7.18,1.078
96412,19.661479,-39.746448,7.5,0.86
96414,19.661606,-45.27855,6.24,0.293
96417,19.662478,33.978938,6.1,0.094
96422,19.663739,-23.4277,6.33,0.034
96425,19.664031,-58.153126,7.32,0.876
96426,19.66426,24.537018,7.14,1.364
96428,19.664486,-66.685505,6.37,0.037
96429,19.664524,-15.167436,6.73,-0.05
96432,19.665422,-39.432892,6.6,0.247
96433,19.66547,-22.062766,7.39,0.16
96438,19.666461,7.567163,7.27,0.983
96439,19.667401,-49.94931,7.24,1.262
96446,19.668076,-14.044674,7.17,0.034
96448,19.668202,55.907491,7.3,1.045
96450,19.668275,18.01389,4.39,0.777
96453,19.668657,-23.429086,5.97,1.038
96458,19.669715,17.89925,7.33,1.325
96460,19.669906,23.884981,7.5,0.988
96464,19.670332,60.507114,6.49,0.212
96465,19.670413,26.995327,7.32,-0.057
96470,19.671142,55.794028,7.35,0.226
96474,19.671858,-54.41779,6.24,1.001
96476,19.672583,-5.447517,6.59,1.126
96477,19.672928,16.333358,7.42,0.036
96479,19.673266,23.480134,7.09,0.222
96482,19.674535,20.477074,6.52,0.323
96488,19.67634,62.664844,7.36,0.508
96493,19.677422,44.789164,7.18,1.105
96494,19.677661,23.717951,6.64,-0.009
96497,19.678066,31.406496,6.99,1.057
96498,19.678097,43.077824,6.17,1.561
96499,19.678346,-54.210361,6.9,0.142
96500,19.6787,-0.621233,5.64,0.123
96501,19.678717,-16.293268,5.3,1.109
96506,19.6792,-7.512345,6.97,0.525
96519,19.680601,45.524942,5.06,0.426
96524,19.681356,-58.269606,7.08,1.269
96530,19.68415,17.476041,4.39,1.041
96533,19.684869,13.815682,5.98,-0.078
96538,19.685588,13.170523,7.27,0.49
96544,19.686663,-2.313448,7.22,0.031
96549,19.687403,22.452773,6.43,1.481
96551,19.687634,30.721326,7.09,0.693
96565,19.690983,47.32811,7.23,1.669
96575,19.693681,-65.854414,6.08,1.556
96577,19.693931,-55.266155,7.36,1.529
96578,19.694137,33.082961,7.04,0.219
96580,19.694392,40.022345,6.91,0.147
96581,19.694609,30.808626,6.85,1.613
96588,19.696945,50.52506,5.99,0.643
96589,19.697058,-36.887573,7.38,0.105
96594,19.697783,50.517523,6.25,0.661
96596,19.69795,27.382143,6.67,-0.039
96599,19.699258,36.225689,7.48,0.439
96600,19.699338,40.254144,6.22,0.182
96610,19.700812,-9.193654,6.31,1.341
96612,19.701151,55.463222,6.42,1.453
96624,19.703559,12.193261,6.33,-0.077
96625,19.703619,-36.633432,6.86,0.459
96627,19.704409,-52.949277,7.38,0.239
96629,19.705367,18.465645,6.92,0.069
96631,19.706291,-24.859309,6.7,0.196
96643,19.708648,-16.123996,5.06,0.319
96648,19.709241,-59.009875,7.48,0.711
96649,19.7093,-50.667596,6.9,1.248
96650,19.709447,11.826583,5.28,0.575
96670,19.71239,32.426741,5.93,0.118
96672,19.712743,8.382763,6.89,0.503
96675,19.713215,47.208931,7.25,1.021
96678,19.713456,22.851633,6.54,1.057
96681,19.713641,29.331763,6.54,0.337
96694,19.715628,40.721757,6.71,-0.02
96699,19.716427,27.408502,7.21,1.15
96709,19.717578,-8.307403,7.07,0.405
96711,19.717915,39.997121,6.95,0.308
96716,19.718618,24.597941,6.87,0.567
96721,19.719332,30.677891,6.08,0.003
96722,19.719657,38.671713,6.37,1.22
96726,19.720653,58.016617,6.29,0.59
96728,19.720862,30.232363,7.21,0.073
96743,19.723623,22.49499,6.82,-0.085
96756,19.72598,-15.470105,5.49,0.46
96760,19.727116,-37.538765,6.14,0.019
96763,19.727637,57.042713,6.28,0.887
96769,19.728572,-44.133693,7.28,1.23
96770,19.72859,25.771929,5.5,0.939
96774,19.729192,41.773108,5.86,1.598
96776,19.729748,38.322351,7.18,-0.112
96780,19.730959,34.162724,6.04,-0.071
96784,19.732215,27.135398,6.27,1.015
96786,19.732396,49.783358,7.46,1.382
96794,19.733833,9.517625,6.57,1.26
96811,19.737943,37.354355,4.89,0.948
96814,19.738446,69.337065,5.9,0.072
96824,19.741035,-41.609134,6.83,1.286
96828,19.742098,18.588642,6.78,1.676
96831,19.742401,-22.855777,7.47,0.445
96832,19.742831,13.302783,6.25,-0.041
96834,19.743282,13.23034,6.84,1.659
96835,19.743937,34.414164,6.39,1.521
96836,19.744607,-23.264165,7.35,1.528
96837,19.744805,8.726538,6.43,0.94
96838,19.744863,10.912528,7.22,0.146
96843,19.746871,29.264692,6.97,0.65
96844,19.746959,40.716803,6.36,1.561
96850,19.748416,-10.572876,6.63,1.683
96855,19.749106,10.775153,7.48,0.65
96858,19.749574,45.13081,2.86,-0.002
96875,19.752675,-12.726272,7.38,1.22
96876,19.752683,-3.0355,7.29,1.252
96894,19.754767,31.424095,7.42,-0.063
96899,19.756303,-1.499019,7.18,1.356
96901,19.75676,-30.903002,6.81,0.123
96902,19.756764,23.942884,7.03,0.907
96908,19.757882,-7.019545,7.48,0.549
96917,19.760547,44.963743,7.5,-0.129
96918,19.760832,-70.626718,7.12,0.947
96920,19.761015,36.091022,6.38,-0.049
96921,19.761096,7.613158,5.89,0.18
96924,19.761296,36.088648,7.16,0.024
96925,19.761465,-0.696645,7.34,0.996
96933,19.764265,35.012751,6.14,1.07
96934,19.764328,46.485538,6.94,1.413
96935,19.764509,-2.883453,6.47,0.016
96946,19.765929,4.248491,7.02,0.612
96951,19.767005,-31.908571,5.51,0.024
96970,19.770994,10.613261,2.72,1.507
96971,19.771084,32.116156,7.49,0.032
96973,19.771525,45.736191,7.42,1.196
96974,19.771604,79.460234,7.29,1.271
96981,19.772707,-19.761113,4.87,1.061
96984,19.773525,54.405608,6.75,0.945
96986,19.773777,33.727598,5.0,0.476
96995,19.775768,50.010341,6.68,1.13
96998,19.776393,32.888591,6.18,1.172
96999,19.776413,-1.376851,7.38,0.219
97002,19.776653,39.511173,7.46,0.13
97010,19.777651,25.133834,6.66,0.295
97012,19.778134,44.34852,7.07,0.591
97017,19.779073,68.437998,6.34,0.309
97035,19.784947,-62.453707,6.71,1.607
97041,19.785841,-17.078122,6.87,1.753
97050,19.788482,21.771528,7.07,1.614
97056,19.789795,18.534286,3.68,1.313
97057,19.789868,42.483026,7.5,0.218
97061,19.790309,-43.345121,7.12,0.564
97063,19.790787,47.907564,6.14,1.64
97067,19.79105,38.407614,5.83,-0.087
97073,19.791776,56.910962,7.04,1.01
97075,19.792589,1.088889,6.77,0.61
97084,19.794466,-17.070962,7.22,0.455
97089,19.796152,5.781996,6.7,1.057
97092,19.796736,-28.49118,6.89,1.011
97093,19.796816,25.384058,6.0,0.993
97107,19.799901,31.506278,6.79,0.12
97108,19.799994,-20.957596,6.66,0.89
97111,19.800245,27.86953,6.87,0.66
97112,19.800321,-56.362611,5.33,0.196
97115,19.80084,-13.703616,6.11,0.193
97122,19.802393,13.454429,6.95,0.445
97123,19.802506,61.41125,7.07,1.541
97124,19.80285,70.26793,3.84,0.888
97125,19.803289,22.762874,7.02,2.025
97129,19.804289,59.422902,6.64,0.592
97132,19.804739,-57.725354,7.44,0.175
97137,19.805997,25.009562,7.17,1.599
97144,19.808476,10.6941,6.44,0.932
97145,19.808537,-40.973334,7.43,1.013
97151,19.809528,24.962189,7.42,0.043
97152,19.809868,56.500794,7.47,1.206
97156,19.810831,-1.826485,7.34,0.122
97162,19.811632,29.402329,7.01,0.143
97163,19.811683,11.815896,5.75,0.546
97166,19.812121,18.867042,7.09,0.856
97167,19.812165,35.311468,6.66,0.437
97168,19.812291,19.661068,7.39,0.111
97174,19.813937,-12.319421,6.47,1.676
97175,19.814055,33.437283,6.42,0.129
97179,19.814816,11.685114,6.53,0.912
97181,19.815301,-52.888109,6.27,1.131
97186,19.816294,19.142042,5.01,0.095
97188,19.816916,44.379204,7.16,-0.049
97189,19.817279,-10.870763,6.0,1.233
97193,19.817787,53.767491,7.09,-0.101
97198,19.818686,-61.815013,7.28,0.512
97199,19.819044,27.731693,6.97,0.611
97201,19.819474,-76.908585,7.16,0.024
97204,19.819889,-28.788972,6.04,0.403
97218,19.821997,28.579096,7.4,0.151
97223,19.823102,-73.523146,7.35,0.143
97224,19.823694,-72.503378,5.39,0.234
97226,19.823844,63.203863,6.69,1.449
97228,19.824306,38.710149,6.12,0.906
97229,19.824359,-45.747891,7.26,1.08
97230,19.824537,-65.979094,7.39,1.491
97236,19.826101,-37.78055,7.22,0.574
97251,19.82965,-11.408846,7.26,0.455
97254,19.830297,-64.906222,7.47,0.548
97259,19.831505,-66.813069,6.44,1.482
97261,19.831867,28.439674,6.45,-0.104
97262,19.83217,27.085182,6.46,0.937
97269,19.834034,-69.339169,7.26,1.214
97270,19.834251,-59.264019,7.04,0.195
97281,19.836046,-10.007128,6.75,0.9
97282,19.836344,-45.379536,6.96,1.079
97287,19.837238,-47.557392,5.91,1.678
97288,19.837541,17.709983,6.81,1.137
97296,19.838189,7.902419,6.49,-0.086
97298,19.838833,36.098202,7.08,-0.07
97300,19.839376,-61.06112,6.21,-0.135
97301,19.839415,61.209071,6.7,0.514
97302,19.83944,-26.715768,7.46,1.06
97306,19.840422,43.661197,7.15,0.955
97307,19.840733,-13.923902,7.38,0.017
97308,19.840736,30.766163,7.36,0.004
97319,19.842776,38.722419,5.18,1.665
97323,19.843702,40.599759,5.68,-0.058
97324,19.843813,52.988001,5.03,1.286
97330,19.844874,22.112882,7.33,0.818
97335,19.845775,-59.193667,5.41,0.082
97336,19.845854,20.211427,6.71,0.156
97338,19.846388,8.868322,0.76,0.221
97339,19.846329,-10.763512,5.38,0.402
97340,19.846353,37.826324,6.13,1.626
97344,19.84685,-4.694086,6.75,0.326
97348,19.84805,20.039483,7.18,0.214
97349,19.848075,-46.3606,7.5,0.418
97352,19.848584,24.626988,7.45,-0.034
97354,19.84869,49.700273,7.26,1.013
97359,19.8497,16.857739,7.27,-0.058
97363,19.85032,-65.605087,6.04,0.317
97365,19.850456,10.415727,5.12,0.563
97368,19.851141,22.610046,4.9,-0.153
97373,19.852843,-27.471961,7.33,-0.043
97376,19.853083,-2.46099,6.12,1.573
97379,19.853927,-72.795181,7.31,0.463
97386,19.854925,9.629887,6.25,0.102
97389,19.855382,47.377236,6.22,0.398
97398,19.857455,4.088632,6.47,1.345
97406,19.858585,27.460232,7.34,1.502
97415,19.859796,-12.62106,7.24,1.185
97419,19.860335,26.225637,7.48,-0.061
97423,19.861493,31.141281,7.08,0.305
97425,19.861622,-14.776867,6.88,0.281
97426,19.861865,-10.949195,7.19,0.424
97427,19.861871,-50.978766,6.89,0.499
97429,19.862523,-13.032681,6.84,1.556
97432,19.862834,-37.336334,6.65,1.194
97434,19.86304,8.071723,7.37,0.177
97438,19.864056,-39.874367,5.32,-0.045
97446,19.866408,47.027339,5.6,-0.078
97454,19.867109,24.992162,5.54,0.68
97455,19.867189,-10.353866,7.26,0.403
97456,19.867623,11.628329,6.16,0.642
97457,19.867765,-2.153247,7.38,1.405
97461,19.868335,-56.719769,7.22,1.102
97464,19.868658,47.931795,5.91,-0.174
97465,19.868725,-10.892691,6.67,1.15
97466,19.868909,52.28132,7.39,0.023
97468,19.869274,7.460043,7.14,0.647
97472,19.870001,-19.044991,5.88,0.979
97476,19.870995,10.351594,6.52,-0.027
97477,19.871031,28.252048,6.82,1.351
97478,19.871226,36.432295,6.13,1.434
97485,19.872712,18.671875,6.24,-0.031
97490,19.873862,-10.956233,7.37,1.476
97493,19.874547,1.005661,3.87,0.63
97505,19.877143,-54.971026,5.76,0.915
97508,19.877532,-54.976444,6.5,0.1
97513,19.878983,-31.976759,7.1,0.188
97521,19.87991,64.176052,6.76,1.096
97522,19.88063,28.99261,7.36,-0.092
97534,19.88368,47.80772,6.3,-0.126
97538,19.885107,-14.603203,6.47,0.149
97544,19.886254,-53.092632,6.99,1.042
97551,19.88658,58.164839,7.4,1.572
97555,19.887146,-5.540284,7.42,0.554
97556,19.887765,28.099612,6.98,1.073
97559,19.88816,57.523482,5.14,-0.125
97560,19.888538,-3.114464,5.63,0.231
97565,19.889613,4.400392,6.52,0.015
97566,19.889625,20.337245,7.16,0.136
97568,19.890081,20.327448,7.32,0.31
97575,19.891026,24.079614,4.57,-0.047
97581,19.893168,59.70866,6.06,0.033
97584,19.894024,41.35578,6.99,-0.155
97596,19.896472,34.583821,7.02,-0.11
97604,19.897968,26.593433,6.84,0.095
97612,19.900544,15.292084,7.02,0.584
97617,19.902299,-8.574211,5.76,1.664
97619,19.902693,33.780987,6.73,1.1
97627,19.904134,8.461453,4.71,1.023
97633,19.904931,-23.941071,6.22,1.017
97646,19.907999,33.131382,7.46,1.619
97650,19.908632,24.319388,5.56,-0.018
97653,19.909797,9.767395,7.27,1.201
97654,19.909814,41.464387,7.39,0.924
97655,19.910459,-8.227289,5.7,-0.079
97656,19.910573,-8.237048,6.49,-0.04
97659,19.911167,7.140353,6.14,0.043
97660,19.911235,-61.170792,6.21,0.163
97667,19.912207,60.823614,7.2,1.643
97668,19.912325,22.429233,6.73,1.508
97669,19.912444,0.273627,5.6,0.098
97674,19.913403,36.995676,5.79,0.773
97677,19.913728,64.721219,6.91,1.158
97678,19.913907,60.61497,6.94,1.64
97679,19.9142,24.888512,7.04,1.019
97690,19.916217,41.871531,7.41,0.796
97693,19.916705,34.900604,7.22,1.14
97695,19.916991,66.748323,7.16,1.006
97697,19.917353,-36.201766,7.16,0.2
97700,19.918085,-33.046252,6.47,1.487
97701,19.918102,30.68759,7.0,1.005
97702,19.91811,47.540999,6.72,1.059
97706,19.918473,30.194898,6.58,-0.081
97718,19.920324,-7.80674,7.41,1.575
97721,19.921026,-41.868288,4.12,1.063
97725,19.921887,6.406763,3.71,0.855
97727,19.922083,-6.73478,6.49,0.391
97733,19.922793,58.250193,6.1,1.021
97734,19.923342,-19.292863,6.87,0.375
97737,19.924646,-53.947228,7.17,1.599
97744,19.927167,52.438948,4.91,0.124
97747,19.927947,40.1729,6.59,1.439
97750,19.929101,40.391737,7.37,-0.057
97755,19.930651,-26.299506,4.7,0.748
97757,19.931045,38.486705,4.95,-0.086
97760,19.931685,47.090055,6.88,0.164
97762,19.932051,58.845969,4.98,1.584
97768,19.932573,10.20719,6.81,0.903
97772,19.933317,15.047031,7.08,1.492
97774,19.933684,16.634799,5.71,0.903
97775,19.933787,-81.34984,6.39,1.402
97779,19.934787,-44.01221,7.17,-0.073
97782,19.935491,33.074587,7.29,-0.071
97788,19.936275,-38.326537,6.62,1.705
97792,19.937292,11.423721,5.28,0.014
97799,19.938438,35.083424,3.89,1.019
97800,19.938622,56.687017,6.16,0.09
97812,19.942675,8.255925,7.48,-0.058
97820,19.943826,23.888552,6.97,1.442
97827,19.944912,30.947229,6.8,0.646
97832,19.945595,36.250599,6.03,-0.14
97835,19.94588,50.902523,6.46,0.003
97841,19.946975,-30.570183,6.55,0.184
97843,19.947159,23.776792,6.79,0.328
97847,19.948469,8.447508,7.28,1.655
97851,19.94912,-27.169899,4.54,1.462
97852,19.949361,-57.925641,6.55,1.535
97855,19.949591,75.713795,7.28,1.437
97858,19.950117,20.998294,6.62,0.075
97863,19.951749,-58.901351,5.24,0.014
97871,19.952305,30.777475,6.96,-0.031
97880,19.953677,0.352058,6.97,0.069
97881,19.9537,35.031403,7.26,0.47
97883,19.953852,40.367824,5.46,-0.09
97887,19.95443,62.876806,7.5,0.356
97895,19.955496,24.088157,7.19,0.641
97898,19.956578,28.693893,6.78,0.915
97899,19.95687,-6.697909,6.56,1.017
97902,19.958063,38.458258,6.68,0.025
97911,19.96032,-37.745053,7.34,0.626
97915,19.961469,-38.058851,6.55,0.416
97923,19.962624,16.789163,5.54,-0.048
97931,19.964349,38.121128,7.29,1.545
97937,19.965129,28.874218,7.29,0.16
97941,19.965588,42.260771,6.44,0.095
97945,19.965785,60.855499,7.26,1.036
97947,19.965842,-15.49149,5.01,0.055
97951,19.96647,36.327804,7.45,-0.04
97958,19.967328,40.926842,7.32,0.874
97976,19.970374,-36.686925,6.95,0.371
97980,19.970636,16.493733,6.86,-0.021
97990,19.972997,-2.231809,7.08,0.488
97997,19.974649,63.534135,6.15,0.035
98002,19.975704,-3.553725,6.79,1.925
98003,19.975727,7.920677,6.77,0.902
98004,19.975747,33.277564,7.24,0.424
98009,19.97621,38.105693,6.33,-0.09
98014,19.977216,30.983665,5.51,-0.06
98021,19.978116,-69.163957,5.74,0.224
98022,19.97828,70.366949,6.32,0.868
98025,19.978843,1.666467,6.75,1.217
98026,19.979285,19.492148,3.51,1.571
98031,19.980902,11.564577,7.4,0.266
98032,19.981011,35.497756,6.99,0.031
98035,19.981374,-68.762583,6.38,0.164
98040,19.982338,-30.538384,6.27,1.051
98042,19.982555,-26.195767,4.84,0.882
98044,19.982922,-46.088045,7.47,0.478
98049,19.983778,57.809468,7.32,-0.158
98056,19.985305,50.663078,7.12,1.2
98060,19.985856,27.512638,6.85,1.285
98064,19.986261,23.101281,5.68,0.345
98066,19.986682,11.305567,6.52,1.078
98068,19.987595,52.055691,6.14,-0.183
98071,19.98891,84.668644,6.8,0.168
98072,19.989006,45.772541,5.92,0.185
98074,19.989623,1.377696,6.17,1.129
98088,19.992792,-22.211319,6.77,0.246
98090,19.993522,76.481392,6.2,1.61
98091,19.994203,31.826504,6.64,0.0
98094,19.994814,69.408984,7.45,0.077
98095,19.994866,-1.970402,6.71,0.066
98101,19.995605,-35.276305,4.37,-0.15
98105,19.996485,-9.958238,5.87,0.598
98110,19.997595,-34.697799,5.3,0.17
98113,19.998274,52.149834,7.12,1.408
98114,19.998665,37.042885,5.15,-0.133
98127,20.000919,17.516511,5.33,1.576
98130,20.00196,32.789675,7.29,-0.051
98131,20.002273,7.760616,7.24,0.506
98132,20.002303,17.610753,6.98,1.523
98133,20.002322,-50.216706,6.67,0.404
98137,20.003178,36.414133,7.01,1.09
98147,20.004266,26.187887,6.49,1.132
98148,20.004297,42.217864,7.12,1.3
98149,20.004317,29.920625,7.42,0.04
98150,20.004425,-37.701719,5.95,0.989
98157,20.005454,13.10085,7.49,0.397
98159,20.005621,-33.703452,5.65,0.498
98163,20.005904,3.331936,6.7,1.281
98165,20.006125,1.698208,7.43,1.093
98167,20.006418,-66.94936,5.75,1.033
98171,20.007042,-49.350946,6.18,1.056
98174,20.007356,-43.043302,6.11,1.634
98177,20.008298,-15.886949,7.2,0.443
98179,20.009161,39.207376,7.21,0.02
98184,20.009845,-72.910504,3.97,-0.032
98185,20.009972,-28.586438,7.0,0.937
98188,20.010769,-32.17567,7.43,0.189
98189,20.011151,-49.608652,6.75,1.386
98193,20.012062,23.798881,7.48,-0.128
98198,20.012447,36.589732,6.72,-0.077
98201,20.013424,-45.112918,5.8,0.295
98206,20.01441,13.379736,7.22,-0.037
98211,20.015545,-74.012562,6.58,1.038
98214,20.016317,31.230461,6.93,-0.106
98215,20.016383,8.557735,5.9,1.529
98222,20.016863,-64.807884,6.83,0.412
98224,20.017069,-58.387644,7.49,1.096
98230,20.018049,-76.232207,7.42,1.373
98232,20.018346,27.753573,4.66,0.184
98233,20.018435,-13.941142,7.09,1.438
98236,20.018926,14.523179,7.15,0.103
98237,20.019117,14.80155,7.48,1.239
98251,20.020839,27.189626,7.23,1.255
98252,20.020917,37.098996,6.23,1.314
98254,20.021082,5.648248,7.46,0.438
98260,20.022655,50.104695,5.06,1.122
98263,20.023291,-22.737307,6.01,0.981
98266,20.02367,-47.397345,6.96,0.356
98267,20.024084,10.748619,6.97,0.44
98268,20.024104,-40.814336,6.31,0.113
98272,20.024594,64.820974,5.22,1.598
98278,20.025777,-16.868997,7.34,0.654
98289,20.027547,-0.199024,7.22,0.172
98296,20.028946,41.816419,7.39,0.048
98297,20.029086,24.800423,5.88,-0.134
98298,20.029093,-59.375893,4.95,1.356
98299,20.02923,44.119046,6.95,1.62
98309,20.03096,40.858802,7.34,-0.024
98313,20.03123,-66.943966,5.32,1.218
98318,20.032096,31.117568,6.61,-0.076
98321,20.032944,-13.637217,5.69,0.079
98324,20.03373,24.938043,5.23,0.374
98325,20.033838,35.332474,7.42,-0.075
98329,20.036201,10.738948,7.0,-0.093
98331,20.036267,-4.989795,6.7,0.162
98345,20.038852,13.909385,6.66,1.257
98346,20.03894,64.634419,6.27,0.927
98349,20.039473,22.151458,6.5,0.127
98355,20.0407,79.68101,6.7,0.911
98365,20.042822,15.592075,7.15,0.714
98370,20.043395,-45.196017,6.56,1.228
98375,20.044299,-27.709845,4.43,1.64
98377,20.044802,12.358739,6.73,1.505
98382,20.04612,14.58269,6.67,0.986
98384,20.046281,37.812793,6.92,0.259
98385,20.046401,3.326188,7.46,1.128
98386,20.046474,28.514827,6.93,-0.015
98388,20.046892,31.958832,6.39,1.205
98389,20.04696,67.873565,4.51,1.313
98392,20.047824,10.911702,6.92,0.14
98400,20.050212,28.306857,7.3,0.793
98406,20.050718,18.295463,6.84,0.616
98415,20.052525,41.474457,7.0,0.35
98417,20.053498,4.73026,6.56,1.54
98418,20.053577,50.309038,7.18,1.427
98425,20.054555,18.500993,5.99,1.42
98440,20.058167,36.02514,6.62,0.148
98441,20.058338,16.031255,5.73,-0.095
98443,20.05879,-36.596366,7.03,0.075
98447,20.059275,-15.413356,7.24,0.495
98448,20.059291,-37.940699,4.77,1.417
98450,20.059782,-38.852536,6.91,0.252
98453,20.060001,-37.528544,6.85,1.031
98454,20.060373,29.896805,5.73,0.749
98459,20.060777,22.941058,6.45,1.028
98461,20.060972,38.327302,7.15,1.745
98467,20.061733,21.496501,6.62,1.645
98468,20.061761,-36.059707,7.09,1.229
98470,20.06208,29.989458,6.8,1.165
98472,20.062309,-22.595595,6.44,0.503
98475,20.063782,14.982987,6.83,0.874
98477,20.064399,21.050424,7.16,1.243
98478,20.064494,23.340686,7.28,0.815
98487,20.066497,17.122988,6.91,0.114
98495,20.067,-7.469474,6.68,0.347
98498,20.067407,-37.87649,6.91,0.614
98504,20.068399,17.070173,5.8,0.6
98508,20.068976,7.277966,5.51,1.063
98516,20.070271,31.243217,6.88,0.271
98520,20.070587,17.73486,6.87,0.512
98521,20.070762,51.287915,7.01,1.119
98527,20.072108,-32.056296,4.99,1.208
98529,20.073098,-0.709309,5.67,1.301
98530,20.073212,33.550495,7.47,0.869
98534,20.073764,-27.747634,7.49,1.513
98538,20.074092,73.909455,6.91,0.909
98543,20.074665,48.229664,6.16,0.037
98548,20.076715,32.218598,5.62,0.76
98557,20.079032,63.890207,6.24,0.1
98564,20.079683,15.903149,7.33,0.544
98575,20.081502,68.027159,6.32,1.649
98581,20.082789,-21.314094,7.11,1.037
98582,20.08294,23.210379,6.54,0.168
98594,20.084837,-11.599413,6.38,0.543
98595,20.084871,13.764136,7.19,1.089
98599,20.085207,51.839398,6.14,1.601
98602,20.085527,-46.096999,6.96,1.478
98603,20.085778,-63.061572,7.28,0.0
98604,20.08597,19.991071,5.09,1.058
98605,20.086039,38.478457,6.18,0.654
98606,20.086149,2.118794,6.77,0.479
98607,20.086205,40.813829,7.22,0.323
98610,20.086669,-26.813266,7.24,0.087
98626,20.088766,-29.079605,7.48,0.465
98629,20.088983,0.454498,6.93,0.049
98630,20.089306,56.341422,6.19,0.437
98635,20.090517,-34.666891,6.99,0.008
98637,20.090649,-12.665163,6.53,0.05
98638,20.090707,15.500412,6.37,1.615
98643,20.092216,-67.320897,6.07,0.648
98644,20.09223,-32.999837,6.53,-0.069
98646,20.092444,61.99542,5.4,1.191
98662,20.094572,48.566812,7.44,0.661
98672,20.095641,22.797196,6.91,0.039
98682,20.098891,4.775549,6.96,0.099
98683,20.098934,35.672082,7.29,0.204
98686,20.099257,35.788372,6.77,0.127
98689,20.099642,35.797189,7.36,0.189
98694,20.100546,9.093357,7.4,1.576
98708,20.103396,-4.07821,6.47,1.156
98710,20.103823,53.165688,5.81,0.445
98715,20.106055,35.972468,5.38,0.85
98719,20.106949,39.098675,6.86,1.546
98725,20.108054,36.226643,7.01,1.15
98732,20.109406,12.681628,7.34,1.42
98734,20.110066,-4.417445,7.12,0.153
98739,20.110766,7.576106,7.12,0.114
98764,20.114835,23.614425,5.08,-0.162
98774,20.116667,66.307996,6.97,0.07
98777,20.117181,13.324297,7.14,1.694
98781,20.118387,36.826662,6.96,0.173
98786,20.119848,50.229595,6.53,0.13
98787,20.120508,-69.555521,7.45,0.094
98791,20.121109,82.216515,7.46,0.539
98795,20.121633,11.053812,7.12,0.363
98804,20.1231,-52.880793,4.93,1.591
98805,20.123246,35.718296,7.26,0.095
98806,20.123281,-29.720818,6.69,1.31
98808,20.124038,36.567764,7.28,1.779
98815,20.125372,16.6473,7.17,1.037
98820,20.126225,45.153398,7.42,0.945
98821,20.126412,-55.016012,6.26,0.53
98829,20.128178,34.422905,6.12,0.117
98833,20.128863,2.44301,7.16,0.275
98836,20.129306,57.799914,7.18,0.015
98842,20.130658,9.399833,6.43,0.463
98853,20.133003,77.824439,6.99,0.486
98854,20.133655,42.385006,6.98,0.7
98855,20.13384,-0.678185,5.97,1.023
98860,20.13514,16.66439,6.39,1.72
98863,20.135438,-6.761292,7.05,-0.043
98872,20.135988,-52.577795,6.47,0.682
98877,20.136944,-18.803852,7.03,-0.018
98884,20.139021,-66.354691,6.45,1.587
98885,20.139172,20.219907,7.33,0.406
98900,20.141446,-15.031984,6.52,1.169
98902,20.141648,-10.313119,7.05,1.096
98903,20.141765,-74.757414,7.24,1.071
98905,20.14202,-10.062595,6.18,0.031
98907,20.142516,10.053869,7.44,0.95
98912,20.143258,-14.253984,7.48,1.144
98915,20.143333,36.67202,7.43,0.056
98916,20.143435,85.124219,7.13,0.572
98918,20.143966,10.725867,6.34,-0.136
98924,20.145157,-66.182068,3.55,0.751
98925,20.145247,50.586318,7.4,0.568
98926,20.145264,22.153361,7.03,0.964
98932,20.146808,39.798335,7.22,-0.113
98934,20.147132,12.228368,7.18,-0.049
98939,20.148145,77.711419,4.38,-0.046
98941,20.149112,62.076629,6.74,0.034
98953,20.151066,-47.06793,6.46,1.463
98956,20.151448,-26.224036,7.18,0.48
98960,20.152258,16.906953,6.91,1.267
98964,20.15372,19.073143,6.95,0.852
98966,20.153978,35.483852,7.38,0.126
98971,20.155105,-28.440192,7.12,1.042
98974,20.155715,68.599552,6.97,1.279
98977,20.156212,56.026828,6.49,0.938
98985,20.156929,-33.87428,7.27,-0.032
98986,20.157116,36.839621,4.93,-0.139
98995,20.159163,33.681625,7.26,1.52
98997,20.159295,-20.593643,7.45,0.38
99029,20.164003,39.136891,7.12,0.306
99035,20.165735,20.915028,6.51,0.394
99044,20.167326,28.269105,7.5,-0.029
99047,20.168297,-43.894242,6.93,1.016
99048,20.168543,-25.284016,7.45,0.429
99050,20.168831,8.443402,6.57,0.524
99054,20.169483,-63.623045,7.01,0.158
99059,20.170368,43.945573,7.41,0.669
99062,20.170964,-79.110537,7.26,1.003
99074,20.173738,-19.383463,7.28,0.579
99077,20.174457,25.049042,7.1,0.131
99078,20.174678,44.616761,7.48,1.398
99083,20.175506,28.434274,7.19,-0.009
99086,20.175792,52.385075,7.43,1.578
99087,20.175982,26.904169,5.51,0.087
99088,20.176028,48.231176,6.61,1.181
99099,20.177526,-46.735123,6.81,1.17
99102,20.178969,41.247024,6.97,0.222
99103,20.179208,20.486844,7.45,-0.08
99113,20.181776,30.789686,6.96,-0.104
99115,20.182117,84.544521,7.16,0.385
99117,20.182478,68.272216,6.84,0.127
99127,20.184317,21.134579,6.24,0.894
99131,20.184742,32.286858,7.29,0.023
99132,20.184988,-6.087681,6.87,0.031
99134,20.185023,16.188,7.34,0.83
99135,20.185395,-57.524239,6.36,0.057
99138,20.18601,6.348601,7.49,1.616
99139,20.186133,-8.842344,6.39,-0.135
99143,20.186632,-36.101212,5.32,0.868
99147,20.18772,-43.662293,6.54,0.86
99156,20.188413,-0.821461,3.24,-0.066
99158,20.188572,-0.126461,7.1,0.449
99159,20.189054,8.717147,7.01,1.65
99161,20.189171,21.874937,6.24,-0.048
99169,20.190519,29.166906,7.2,1.637
99170,20.190741,6.071788,7.41,1.478
99171,20.190766,-28.694875,7.49,1.347
99182,20.193007,62.078542,5.7,0.53
99197,20.196496,40.329999,7.11,-0.08
99200,20.19666,26.80899,5.51,1.397
99202,20.197406,26.895937,7.29,-0.089
99211,20.199416,-12.392403,6.34,1.209
99212,20.199734,59.691561,7.09,0.448
99213,20.200195,26.478806,5.91,-0.107
99214,20.200536,34.478907,7.24,0.266
99215,20.200554,7.684451,7.18,1.556
99221,20.20104,47.737043,6.92,-0.11
99228,20.201818,38.354938,7.5,0.009
99240,20.204257,-8.092328,7.32,0.435
99245,20.205123,16.217098,7.29,0.815
99252,20.206624,-42.780063,6.2,1.228
99254,20.207186,-12.617497,5.84,0.476
99261,20.208812,51.463565,6.01,1.139
99263,20.209243,25.653434,7.44,0.424
99268,20.209757,0.867054,6.25,0.042
99270,20.210725,-6.36614,6.92,0.058
99286,20.213143,-2.995953,6.91,0.241
99305,20.217538,11.850854,6.51,1.192
99306,20.217894,-0.330796,6.47,1.532
99312,20.220523,-1.009339,5.44,1.43
99319,20.221557,25.241553,7.45,1.556
99320,20.22168,46.815675,4.8,0.1
99322,20.222031,79.651521,6.78,1.545
99327,20.222337,35.599892,7.09,1.141
99328,20.222441,72.897081,7.17,0.334
99330,20.222912,38.765413,7.08,0.5
99336,20.223288,56.567722,4.28,0.114
99340,20.223837,14.410342,7.44,0.979
99343,20.224272,55.131321,6.66,0.964
99344,20.224331,60.640569,5.81,1.476
99347,20.22566,-47.713234,6.47,1.249
99348,20.22583,36.328382,7.1,-0.086
99349,20.226074,-38.448053,6.9,0.458
99352,20.226325,16.265222,6.85,1.705
99353,20.22676,53.65932,7.33,0.011
99356,20.227196,46.741329,3.8,1.27
99357,20.227555,46.711862,7.01,-0.133
99360,20.227931,24.239021,6.58,0.304
99361,20.227978,53.125086,7.02,0.504
99362,20.228224,-34.118468,6.66,0.792
99364,20.228478,-61.55,7.08,-0.068
99366,20.228559,43.379013,6.13,1.489
99385,20.232073,39.159014,7.09,0.179
99395,20.233459,-9.617968,7.35,0.1
99398,20.234591,22.222651,7.25,0.039
99400,20.234688,36.604881,6.47,-0.014
99404,20.235164,-62.48947,7.13,1.109
99412,20.236285,64.765259,7.26,0.844
99419,20.237369,28.694817,5.19,0.191
99422,20.237805,31.997778,7.29,0.111
99423,20.237949,15.197609,4.94,0.072
99426,20.238496,30.177271,7.12,-0.126
99428,20.238617,-52.44577,5.65,1.497
99430,20.239316,42.104342,6.67,-0.038
99434,20.240098,-6.047387,7.43,0.394
99439,20.2405,-62.279202,6.74,1.738
99440,20.240579,80.531814,6.8,0.007
99443,20.240815,-63.415789,6.09,0.308
99448,20.241786,37.353834,7.12,0.279
99449,20.24181,24.844758,7.47,-0.055
99451,20.242229,36.806302,4.93,0.151
99454,20.243036,-64.429774,6.92,0.158
99458,20.244338,36.75207,6.57,1.315
99459,20.244417,58.939198,7.11,1.356
99466,20.245992,47.440604,7.28,-0.089
99469,20.246317,21.975417,7.13,1.387
99471,20.2468,-10.890236,7.4,1.257
99478,20.2477,10.472353,7.03,-0.001
99480,20.248177,3.406866,7.0,0.953
99482,20.248377,32.868722,6.87,0.018
99484,20.248931,-56.97648,7.24,0.494
99486,20.248997,72.605529,7.14,1.614
99492,20.251919,-13.383923,6.91,1.398
99497,20.252953,-3.503581,6.93,0.369
99499,20.253044,55.656464,6.56,1.041
99504,20.25378,54.14658,7.26,1.575
99505,20.254415,25.591957,4.79,-0.181
99507,20.254806,-27.032977,5.73,0.878
99508,20.254777,45.741036,7.11,-0.085
99512,20.255838,-64.819444,7.43,0.944
99520,20.256523,-5.536697,7.05,0.181
99522,20.256595,44.000646,7.16,0.398
99523,20.256604,33.729084,5.7,0.926
99524,20.256714,10.153526,7.32,0.463
99527,20.257475,44.138789,7.22,1.612
99529,20.257867,47.714208,3.96,1.451
99530,20.257884,-7.531374,6.85,0.218
99533,20.258331,23.741989,7.18,0.972
99534,20.2584,23.508906,5.18,1.016
99537,20.25904,2.846561,6.82,0.452
99541,20.260315,7.808987,7.29,0.4
99550,20.262013,50.232903,6.36,0.096
99551,20.26201,78.022949,7.46,0.891
99553,20.262702,15.317135,6.86,0.259
99554,20.262816,27.814242,4.5,1.258
99555,20.263705,52.502269,7.4,1.57
99558,20.264057,-30.005278,6.3,1.513
99569,20.266837,45.579525,5.87,0.447
99572,20.267441,-16.295683,7.34,0.227
99573,20.267619,38.898012,6.28,0.006
99574,20.268335,4.580795,6.44,0.867
99587,20.270792,-41.478529,6.99,1.426
99589,20.271103,51.998771,7.47,-0.028
99593,20.272163,21.5987,6.11,1.039
99595,20.27242,22.287248,6.83,1.216
99597,20.27289,26.490364,7.2,0.997
99598,20.273001,-12.337119,6.3,0.005
99600,20.273225,-36.453575,6.3,1.467
99603,20.273789,22.396459,7.17,0.331
99605,20.273887,-1.499789,7.22,1.427
99606,20.274013,-35.198468,6.55,0.381
99607,20.274223,27.776072,6.65,-0.066
99609,20.274487,37.056395,6.47,-0.097
99613,20.276263,21.404651,7.09,0.07
99616,20.276661,45.33913,7.11,1.5
99622,20.277626,28.522902,7.19,-0.038
99623,20.27771,35.468475,7.12,-0.015
99631,20.279746,24.671102,5.3,0.951
99633,20.280051,32.379832,7.18,0.066
99635,20.280287,56.040314,6.65,1.199
99636,20.280628,-3.491681,6.93,0.526
99637,20.280675,-40.905563,7.03,0.441
99647,20.281941,31.505213,6.92,-0.001
99648,20.282024,40.365075,5.27,1.65
99652,20.282364,16.76608,7.29,1.172
99663,20.283418,7.071718,7.37,1.573
99664,20.283421,-18.431412,7.42,0.206
99665,20.28346,8.963196,6.51,0.31
99670,20.285147,-21.317912,6.97,2.45
99674,20.28598,-67.455307,6.72,0.23
99675,20.286049,15.872669,7.48,-0.089
99677,20.286813,40.591395,7.14,-0.021
99688,20.289656,38.235673,6.99,0.441
99692,20.290327,39.593539,6.57,-0.066
99693,20.290779,-15.827755,7.43,0.221
99695,20.291405,42.72206,6.32,1.632
99696,20.291918,66.853687,5.91,0.602
99697,20.292092,29.147563,6.24,1.01
99706,20.29413,-12.508212,4.3,0.928
99714,20.295511,-51.916943,6.68,0.474
99723,20.296445,38.03293,4.77,0.377
99724,20.29713,-40.184756,6.72,0.518
99725,20.297281,54.322466,6.73,0.451
99730,20.298472,34.090338,7.23,1.322
99733,20.299076,-8.06611,7.28,1.075
99741,20.300388,-21.80996,5.86,1.002
99743,20.300904,-12.544852,3.58,0.883
99748,20.301941,40.732082,5.83,0.073
99751,20.30278,-4.728666,7.27,0.567
99753,20.302933,70.786487,7.25,0.326
99766,20.304738,25.648254,6.98,-0.143
99770,20.305508,3.680636,7.34,1.205
99773,20.306735,32.110435,7.24,0.267
99775,20.306876,55.397095,5.76,0.118
99781,20.307486,-72.979334,6.57,1.411
99786,20.307958,36.999803,5.58,0.056
99787,20.308348,-72.80813,6.93,1.034
99793,20.309742,17.362163,6.86,1.363
99795,20.310004,21.520711,7.5,0.314
99798,20.310417,0.641071,6.92,0.195
99799,20.310853,34.982775,5.14,0.66
99800,20.310876,-42.620354,7.46,0.581
99805,20.312119,-61.906712,6.6,0.015
99819,20.313797,46.322194,6.46,-0.123
99822,20.314075,26.991237,6.61,1.653
99823,20.314363,38.279583,7.26,0.33
99824,20.314454,21.210093,7.11,-0.014
99828,20.315548,-47.710774,6.28,1.657
99829,20.315699,-6.638651,7.46,1.133
99832,20.315983,39.004184,6.35,1.871
99836,20.316861,2.233413,7.35,0.287
99841,20.31731,-14.290979,7.45,1.047
99842,20.317501,-63.230744,6.27,1.045
99849,20.319028,39.273403,7.42,0.392
99851,20.319216,14.384175,7.2,0.918
99853,20.31958,29.499064,7.22,0.635
99861,20.32161,-47.580289,6.13,0.469
99869,20.322547,14.37073,6.74,0.362
99873,20.323223,-19.118533,5.28,1.394
99878,20.323833,-20.950759,6.84,0.33
99885,20.324805,13.216766,6.2,1.648
99888,20.325312,32.047217,7.32,0.392
99898,20.326863,62.257472,5.71,-0.043
99901,20.327081,-31.729472,7.35,0.42
99909,20.328685,-1.078514,6.05,1.093
99910,20.32922,-25.2286,7.2,0.594
99914,20.32985,-0.907147,7.48,0.125
99916,20.330089,37.132513,6.6,-0.004
99917,20.330329,38.342715,7.4,0.31
99918,20.330466,45.363805,6.98,0.462
99919,20.330504,29.726853,6.78,-0.14
99923,20.331321,-0.64557,7.38,1.329
99926,20.332234,46.837319,6.49,-0.084
99929,20.332823,-32.616518,7.24,0.26
99932,20.333386,13.548091,5.96,0.299
99937,20.334998,68.880317,5.59,1.472
99938,20.336095,11.469378,6.63,1.389
99942,20.337359,-34.585298,6.62,0.592
99944,20.337561,39.403226,6.22,0.06
99945,20.337604,15.542888,6.77,0.568
99950,20.339034,14.569257,6.17,0.926
99952,20.339279,17.792928,5.82,1.5
99957,20.340467,7.614781,7.25,1.291
99959,20.340596,-6.361733,6.63,1.552
99963,20.341077,-29.197218,6.56,0.179
99964,20.341105,43.854521,6.78,0.461
99966,20.341239,-19.647184,6.93,1.257
99971,20.341844,53.595685,6.23,1.547
99976,20.342309,-55.050882,6.27,1.617
99980,20.343958,-58.729509,7.21,0.177
99985,20.344393,-12.75908,4.77,-0.047
99988,20.345031,22.276775,7.07,-0.068
99996,20.345464,82.368047,7.03,0.459
100000,20.346263,-14.784892,6.09,-0.016
100007,20.347748,-35.673676,6.46,1.311
100011,20.348333,-45.54548,7.32,0.519
100020,20.350187,-14.781367,3.05,0.79
100022,20.350315,-10.982746,6.83,1.389
100023,20.350342,-18.323939,7.27,1.471
100024,20.350613,-50.01718,7.3,0.129
100032,20.3532,63.980122,5.69,1.561
100039,20.354301,15.104286,6.59,0.031
100046,20.355964,63.431694,6.94,1.715
100053,20.357883,-66.74969,6.49,0.505
100058,20.358211,30.590271,6.77,0.261
100059,20.358243,-10.144212,7.3,0.027
100065,20.358902,22.848852,6.55,1.518
100071,20.359879,-67.312841,6.91,0.558
100074,20.360106,1.670899,7.5,0.098
100084,20.361201,44.814233,7.47,0.729
100086,20.361431,-49.999416,6.26,0.549
100090,20.361967,-36.610079,7.49,0.586
100097,20.363349,-40.7556,7.04,1.62
100103,20.365525,13.592524,7.49,-0.05
100105,20.365862,7.17168,7.43,0.953
100108,20.367516,41.132137,6.38,1.016
100109,20.36762,24.446099,5.5,-0.09
100111,20.368156,45.794994,5.58,1.077
100121,20.370169,50.541135,7.01,0.15
100127,20.370474,69.512515,7.27,0.171
100128,20.370473,40.256679,2.23,0.673
100142,20.374072,16.916685,7.36,1.407
100143,20.374305,-42.049548,5.6,0.002
100147,20.375226,54.932195,7.47,0.097
100149,20.375615,34.990723,6.86,0.064
100150,20.37572,26.298041,7.03,1.207
100160,20.37703,31.264966,6.09,1.363
100165,20.378101,-78.960913,6.64,0.021
100172,20.379142,12.443355,6.74,1.218
100174,20.379172,19.849997,7.13,0.726
100175,20.379249,41.026012,5.95,1.632
100177,20.379745,31.549601,7.21,0.859
100185,20.381213,14.551098,6.16,0.498
100189,20.382089,42.983543,6.2,0.957
100192,20.382681,39.211034,6.74,-0.103
100197,20.383424,-35.377404,7.01,0.374
100198,20.383553,-9.65471,6.29,0.913
100200,20.383708,54.672873,6.67,0.23
100215,20.386304,5.342987,5.3,0.983
100217,20.38668,24.036819,7.39,1.591
100223,20.388379,40.759055,7.03,0.857
100224,20.388671,-0.452306,7.0,1.603
100225,20.388704,15.362054,7.25,0.012
100230,20.390627,-14.256435,6.76,-0.1
100232,20.39084,10.363153,6.7,1.043
100240,20.392612,-26.735004,7.45,1.102
100244,20.393982,-5.266196,6.75,0.426
100248,20.395658,37.476449,5.87,-0.173
100253,20.396677,37.026137,6.81,0.124
100260,20.397671,32.190172,4.43,1.331
100264,20.398106,-42.422868,5.64,0.201
100271,20.39847,16.046887,6.78,-0.011
100282,20.401558,44.701082,7.45,1.08
100290,20.402504,29.002206,7.27,0.254
100297,20.403862,-14.113956,6.97,1.139
100317,20.407164,24.277623,6.95,0.714
100325,20.408989,53.551934,6.49,-0.025
100328,20.409233,5.50947,7.24,-0.081
100332,20.409919,16.143693,7.03,1.606
100337,20.41031,-25.833789,7.04,1.295
100338,20.410416,1.068406,6.14,-0.036
100340,20.410639,8.597487,6.77,0.025
100341,20.410761,55.443046,7.3,0.076
100346,20.411599,1.368563,6.41,1.605
100348,20.41186,-29.077842,6.97,1.278
100354,20.412361,-8.769441,7.1,0.292
100358,20.412829,55.011376,7.5,1.107
100360,20.412965,25.179458,7.46,-0.037
100363,20.413366,26.127115,7.14,1.174
100365,20.413554,40.153616,6.73,1.263
100372,20.415226,-83.310616,6.15,0.203
100383,20.41745,13.386194,7.43,0.098
100384,20.417655,83.182807,6.73,0.943
100387,20.417894,-19.433694,6.83,1.007
100388,20.418057,59.600097,6.44,0.094
100390,20.418906,-11.70461,7.42,0.283
100393,20.419668,21.488566,7.07,-0.106
100401,20.421289,60.01194,7.47,0.183
100406,20.422476,-29.984577,7.45,1.514
100408,20.42373,6.641808,6.75,-0.006
100410,20.42381,42.605054,6.89,0.457
100411,20.423985,41.910402,7.11,0.237
100412,20.424119,-28.663269,5.86,1.101
100418,20.425781,54.684201,7.27,-0.016
100425,20.427459,-56.73509,1.94,-0.118
100428,20.427925,21.409642,5.68,0.921
100432,20.428479,-2.800378,6.1,1.193
100433,20.428554,60.177609,7.48,0.4
100436,20.428921,10.055999,6.32,1.571
100438,20.429985,-40.796184,6.08,1.364
100450,20.433175,14.943093,7.39,1.449
100453,20.433657,19.865494,6.45,1.037
100455,20.433777,13.911612,6.35,1.453
100457,20.433953,-3.864728,7.48,0.484
100458,20.434405,40.401712,6.65,-0.1
100459,20.434571,-14.980182,7.32,1.513
100461,20.434656,-46.660006,6.74,0.274
100463,20.435687,69.326708,7.33,0.873
100471,20.437592,2.957164,6.64,0.919
100478,20.439318,41.379347,7.47,0.85
100481,20.439765,17.315559,6.23,1.005
100482,20.439853,56.638698,6.38,0.018
100485,20.440532,-32.32888,7.4,1.061
100491,20.442128,-17.377712,7.33,0.583
100493,20.442429,-29.073905,7.16,1.124
100508,20.445491,39.495924,7.09,-0.058
100518,20.446783,81.434146,6.55,0.985
100526,20.448052,-37.402905,6.24,0.961
100531,20.449476,30.369649,7.38,0.002
100533,20.450624,49.383367,5.73,0.339
100540,20.452159,34.329069,6.39,0.48
100550,20.453942,20.476485,6.44,1.03
100555,20.455336,-18.211721,5.08,-0.049
100558,20.455581,68.767357,7.15,0.89
100560,20.455797,23.79055,6.88,0.201
100563,20.456987,-1.558661,7.11,0.682
100569,20.457482,-2.11952,7.49,0.52
100570,20.457645,-2.103082,6.71,0.519
100581,20.459517,38.440332,5.63,0.072
100586,20.460215,42.035418,7.31,-0.013
100599,20.46229,-30.867845,6.61,0.724
100600,20.462816,-5.654233,6.98,1.474
100601,20.4632,26.146661,7.49,0.235
100607,20.464385,65.755776,6.56,0.147
100621,20.467023,-25.606454,6.78,0.383
100622,20.467516,-13.997104,7.44,0.181
100623,20.467748,33.887944,7.0,-0.026
100626,20.46831,-29.374034,7.34,1.132
100627,20.468761,8.437448,6.23,1.074
100637,20.469949,22.128993,7.09,0.642
100639,20.470687,81.422708,5.38,1.01
100643,20.471331,2.937161,6.2,0.899
100644,20.47184,18.769497,6.87,0.662
100645,20.472459,20.11287,6.88,0.031
100651,20.473585,-3.357794,6.12,-0.049
100653,20.47383,39.328958,6.98,0.955
100656,20.47406,-9.37038,6.82,1.17
100659,20.474804,-24.163239,7.08,0.874
100662,20.47519,48.918907,6.65,1.653
100665,20.475776,-34.409741,6.74,1.27
100666,20.475881,-11.796212,7.15,1.583
100668,20.476341,8.256491,7.4,1.241
100670,20.476656,0.883475,7.43,-0.094
100680,20.47816,-67.758229,7.23,0.403
100685,20.478775,-15.741499,6.41,0.999
100687,20.478945,-23.983835,6.84,1.236
100691,20.479649,-35.595863,6.09,-0.094
100693,20.480013,-11.726618,7.33,0.445
100694,20.480198,45.718824,7.4,-0.016
100696,20.480547,-1.734564,6.82,0.547
100701,20.481004,-17.813687,4.77,0.386
100710,20.483051,-17.434752,6.71,0.689
100713,20.483429,-20.901504,7.08,0.139
100714,20.483526,-17.875405,6.55,1.08
100719,20.48412,83.625417,6.19,0.163
100720,20.484232,16.25427,7.39,0.197
100725,20.484967,35.831207,7.31,1.446
100727,20.485252,28.360987,7.39,0.366
100728,20.485767,12.681051,6.94,0.014
100732,20.486584,4.456604,7.08,0.512
100741,20.488997,36.454729,5.9,0.407
100744,20.489207,20.0877,6.58,0.233
100750,20.489926,30.368555,4.01,0.404
100752,20.490654,9.897834,7.21,1.511
100757,20.490863,56.06819,5.89,-0.052
100758,20.490931,81.091277,5.96,0.942
100762,20.491671,-12.591384,7.39,1.098
100764,20.492039,-22.391567,6.13,1.543
100767,20.493015,62.994105,4.21,0.199
100775,20.494167,-2.885531,4.91,1.16
100788,20.495794,2.996229,7.09,-0.005
100795,20.497941,-18.586378,6.74,0.22
100797,20.498307,-18.583178,5.94,0.062
100799,20.498692,10.302078,6.76,1.06
100807,20.499978,45.928556,6.43,1.137
100808,20.5002,72.531703,6.23,1.353
100812,20.500983,48.951569,4.94,-0.087
100813,20.501325,19.667592,6.88,-0.146
100817,20.502025,19.43014,7.31,-0.12
100828,20.504011,19.421039,6.85,0.5
100833,20.504839,-69.069231,7.09,0.1
100834,20.50499,10.895924,6.03,-0.019
100837,20.505203,54.680984,7.45,0.534
100838,20.505551,49.78017,6.57,1.029
100846,20.507015,27.832781,7.05,0.64
100848,20.507446,52.293862,7.46,0.106
100856,20.509374,-64.190222,7.12,0.471
100860,20.509714,44.31524,7.1,0.847
100866,20.5114,-20.709705,7.05,1.261
100873,20.512819,-15.771421,7.17,0.096
100880,20.514645,49.213201,6.65,0.051
100883,20.515493,-10.0354,7.33,0.87
100884,20.515733,26.685532,7.37,0.962
100885,20.515778,-29.112666,6.35,0.227
100887,20.516153,20.606148,6.21,0.138
100888,20.516453,36.935839,6.21,0.969
100893,20.517301,17.07614,7.5,1.644
100895,20.517863,-15.056168,6.1,0.797
100897,20.518365,15.807631,6.85,0.138
100900,20.518583,40.858019,7.44,1.015
100907,20.519982,11.259308,7.28,0.287
100909,20.520298,11.2606,7.08,-0.011
100917,20.521893,49.220297,5.44,1.566
100919,20.522538,52.309526,6.2,1.018
100932,20.524976,33.098281,7.17,0.912
100934,20.525112,74.954619,5.18,0.1
100937,20.525565,21.895075,6.86,0.255
100942,20.52674,34.330373,6.47,0.422
100952,20.528786,30.260873,7.16,1.453
100953,20.528796,4.415746,7.22,0.367
100958,20.529587,49.542365,7.5,0.015
100959,20.529586,56.779858,6.14,1.431
100964,20.531181,16.991729,7.24,-0.031
100971,20.531799,-0.154382,7.48,1.113
100974,20.532836,25.804977,6.37,0.281
100978,20.533586,-65.815237,7.47,0.518
100981,20.53457,60.422366,7.17,0.323
100982,20.534755,-5.242375,6.62,1.2
100990,20.535552,18.62762,7.12,1.62
100992,20.535848,22.824334,6.51,0.864
100999,20.53709,65.399216,6.57,1.097
101000,20.53741,20.859559,7.43,-0.117
101002,20.537425,-71.864241,7.38,0.045
101006,20.53807,54.15631,7.44,-0.093
101008,20.538259,2.220073,7.39,1.457
101010,20.538594,-24.870461,7.33,1.507
101013,20.539004,2.132808,6.47,1.514
101019,20.539915,-9.853384,5.66,0.689
101023,20.540326,70.532094,6.76,-0.017
101024,20.540442,48.216478,6.98,-0.075
101031,20.542113,-16.609598,7.16,0.323
101041,20.545113,-28.595442,7.32,0.06
101045,20.545485,16.767226,6.96,-0.058
101055,20.547547,27.212165,6.89,1.083
101056,20.547687,41.898478,7.08,0.796
101057,20.547869,43.191571,6.61,-0.112
101058,20.547877,-24.943829,6.35,0.001
101072,20.549735,49.841222,6.63,0.552
101086,20.551828,54.456964,6.82,1.755
101095,20.553547,11.303263,4.03,-0.123
101101,20.554894,-80.964862,5.76,1.122
101105,20.556284,29.523937,7.46,1.43
101106,20.556363,-41.524774,6.8,0.666
101107,20.556507,54.802034,7.01,0.365
101110,20.557095,-6.219392,6.96,1.629
101116,20.558441,32.907717,7.34,-0.15
101117,20.558597,-22.231875,7.47,0.548
101126,20.56101,45.175565,6.71,0.034
101136,20.562823,52.826545,7.37,-0.046
101139,20.563015,-40.557209,7.4,0.054
101141,20.563487,41.772658,6.5,0.994
101143,20.563715,-29.292613,7.0,0.262
101147,20.564917,10.059734,6.54,0.103
101148,20.565052,35.250852,4.61,1.593
101149,20.565234,46.693866,5.78,-0.14
101151,20.565297,-44.516048,5.12,0.999
101155,20.56561,61.743403,7.04,0.062
101156,20.565845,13.027255,5.39,0.093
101162,20.566526,52.597787,7.41,1.089
101163,20.566646,4.898664,6.42,1.016
101164,20.567023,18.185487,7.03,1.62
101166,20.567171,-12.343668,6.97,0.164
101167,20.567213,34.679019,6.67,-0.12
101179,20.56944,20.985185,6.49,-0.138
101181,20.569916,-13.721091,6.11,0.543
101185,20.571142,43.361022,7.28,0.392
101186,20.571209,19.530589,7.29,1.573
101188,20.571256,-43.447859,6.73,1.271
101189,20.571256,49.773157,7.21,1.516
101191,20.572958,-66.730854,7.41,0.031
101200,20.575503,6.878093,6.97,-0.122
101207,20.576668,41.098402,6.67,1.491
101210,20.577997,49.177395,7.25,0.028
101217,20.578936,-63.311682,7.34,0.103
101218,20.579055,32.505856,6.89,1.137
101223,20.579448,82.011305,7.01,1.297
101226,20.57983,-30.473472,6.42,-0.075
101228,20.580317,13.464651,7.5,-0.069
101230,20.580668,51.854221,6.19,0.318
101231,20.58183,-41.986959,7.28,0.161
101232,20.582076,-38.08989,6.45,0.264
101235,20.583635,32.034591,7.48,1.442
101241,20.58433,-9.580557,7.38,0.055
101244,20.585088,-71.188779,6.41,1.305
101255,20.587354,44.409065,7.31,0.281
101262,20.58834,41.890174,6.63,0.93
101263,20.588482,14.674213,4.64,0.12
101276,20.591366,69.679833,6.71,0.907
101281,20.591568,6.947077,6.53,-0.055
101282,20.592293,-16.525879,6.19,0.218
101285,20.593003,-60.581749,4.75,0.291
101293,20.595239,3.302851,7.42,0.487
101295,20.596421,-0.001202,7.09,0.512
101296,20.596614,-44.337606,6.36,0.958
101299,20.597691,-69.610586,6.09,1.293
101302,20.598464,-26.773418,7.2,0.424
101307,20.600192,79.430385,6.95,-0.137
101314,20.602316,25.882648,6.4,0.158
101318,20.604415,16.814729,6.59,1.4
101320,20.604566,-12.381237,6.81,1.267
101339,20.607355,-20.585478,7.19,1.328
101344,20.608476,-45.557873,7.28,0.297
101351,20.609988,-71.071446,6.84,-0.008
101357,20.610648,-63.120963,6.34,0.413
101363,20.611873,2.495837,7.44,1.247
101365,20.61212,-2.549957,4.91,1.606
101372,20.613629,-69.450673,7.0,1.067
101375,20.614028,49.909615,7.09,1.028
101380,20.615297,-37.386887,7.44,1.236
101382,20.616315,32.351281,7.15,0.175
101387,20.617751,8.9778,7.48,0.257
101389,20.617964,26.461947,5.59,-0.05
101392,20.618866,61.364585,7.03,0.401
101393,20.618877,36.583974,7.5,0.069
101397,20.619673,-1.311014,7.09,0.965
101398,20.619731,-65.033279,6.69,-0.068
101401,20.620187,52.973071,6.64,1.098
101419,20.621773,0.096978,6.21,-0.076
101423,20.6225,75.600404,7.46,0.859
101424,20.622554,-15.147336,6.76,1.26
101427,20.622963,38.098456,7.09,1.59
101428,20.623055,42.991182,7.28,-0.101
101429,20.623217,38.328665,6.21,1.011
101438,20.625494,31.57254,6.32,-0.089
101441,20.625754,31.52191,6.51,0.371
101442,20.625816,14.595087,3.64,0.425
101444,20.626054,6.500933,7.14,0.127
101445,20.626116,-47.291502,3.11,0.998
101446,20.626465,-61.529918,4.86,0.447
101457,20.628734,-22.442862,7.42,0.465
101459,20.628858,-41.227634,6.62,0.434
101460,20.628979,33.366492,6.97,1.112
101466,20.630036,60.755992,7.08,0.838
101471,20.630256,-17.122455,7.09,-0.041
101472,20.630311,11.377676,5.42,0.05
101478,20.631063,-60.634482,7.5,0.667
101479,20.631173,-25.10922,6.38,0.328
101482,20.631869,18.26858,6.22,1.162
101483,20.632183,-11.03311,7.19,-0.041
101490,20.633024,42.845638,7.03,0.495
101495,20.634691,-24.228893,6.89,0.198
101496,20.634732,76.833164,7.07,0.403
101499,20.635735,-4.381839,6.93,1.179
101502,20.63592,-30.977979,7.28,1.604
101510,20.637707,44.332708,6.68,-0.133
101511,20.638038,48.070114,6.61,0.934
101515,20.638501,-81.289063,5.89,1.692
101519,20.638967,-1.105121,4.31,0.949
101527,20.639912,-44.524763,7.3,0.949
101530,20.640404,-20.994091,7.25,0.94
101539,20.642038,21.201174,4.81,-0.03
101540,20.642198,24.115958,5.06,-0.133
101542,20.643053,23.680494,5.91,0.953
101546,20.644488,38.635093,6.76,0.61
101552,20.645442,24.778003,7.42,-0.078
101553,20.645552,13.315125,5.69,1.509
101565,20.648956,-71.094444,7.08,1.647
101570,20.649867,30.334265,5.68,1.088
101571,20.650051,56.00485,6.45,0.403
101576,20.650713,-49.331425,7.33,0.626
101577,20.651192,-16.559542,7.18,0.483
101580,20.65138,15.838199,5.99,-0.145
101582,20.651628,-4.929494,6.46,1.016
101587,20.652161,10.086203,5.07,0.702
101590,20.652958,21.817444,6.08,-0.043
101592,20.653681,-2.412975,6.23,-0.09
101594,20.654533,-14.95476,5.24,-0.129
101596,20.654939,-6.190876,7.47,1.53
101601,20.655646,26.06761,6.98,1.287
101602,20.656003,-61.535631,7.17,-0.037
101605,20.656424,45.666911,6.61,-0.073
101607,20.656914,0.486445,5.15,1.06
101615,20.658691,26.697633,7.14,0.347
101619,20.659159,42.24855,6.81,0.507
101620,20.659254,40.579658,6.07,-0.134
101624,20.660089,30.81406,7.36,1.218
101629,20.660635,15.912072,3.77,-0.057
101636,20.664371,-62.907802,6.22,1.099
101637,20.66441,11.249649,6.39,0.559
101638,20.664514,13.419664,7.13,1.478
101639,20.664569,-36.033554,7.22,0.366
101645,20.665395,35.390726,6.89,0.943
101650,20.666623,8.447014,6.85,1.056
101654,20.667347,-60.548892,5.11,0.544
101655,20.667485,-18.138659,5.15,1.647
101657,20.667549,43.458878,5.97,1.186
101668,20.669925,-23.773867,6.36,0.719
101670,20.670144,-2.655107,6.61,1.048
101680,20.671573,3.441279,6.94,1.137
101681,20.671635,60.505264,6.02,0.443
101683,20.671964,-35.798937,7.47,0.34
101684,20.672174,-33.431843,5.47,1.118
101688,20.672868,-24.118031,7.21,0.607
101689,20.672958,-46.826552,7.47,1.289
101696,20.6757,-16.12418,5.79,0.997
101697,20.675802,55.106991,7.34,-0.008
101699,20.676475,15.643245,6.76,0.458
101701,20.676606,21.927034,7.36,-0.046
101702,20.676637,-26.645145,6.51,0.594
101703,20.676743,29.805552,6.02,0.163
101707,20.678409,26.07917,6.74,0.059
101710,20.679205,19.935536,6.43,0.611
101719,20.680563,35.040031,7.23,0.457
101720,20.681219,-28.549274,6.69,1.273
101721,20.681466,41.202496,7.01,-0.067
101722,20.681675,17.571036,6.81,-0.058
101727,20.682117,-42.396689,6.25,0.934
101732,20.683434,39.082322,6.51,-0.105
101736,20.684039,32.307287,5.53,0.871
101739,20.685014,-55.605384,7.5,1.016
101748,20.686923,-13.500326,7.3,1.154
101749,20.687836,14.58288,6.01,1.235
101752,20.688412,31.25022,7.38,1.183
101754,20.688652,-17.378452,6.95,1.246
101759,20.689405,72.97439,7.27,1.133
101761,20.689902,-31.598289,5.75,1.551
101763,20.690073,-25.999911,6.29,1.224
101764,20.690151,-5.997962,7.35,1.011
101765,20.690182,-42.13378,6.28,1.584
101767,20.690532,45.280338,1.25,0.092
101774,20.692251,35.911014,7.47,1.32
101783,20.693793,13.808804,6.81,0.172
101786,20.694862,11.566171,7.49,1.486
101788,20.694947,24.182484,6.92,-0.054
101794,20.695508,-75.350803,6.51,0.62
101797,20.695897,-75.346399,7.18,0.64
101813,20.697691,20.714036,7.4,0.329
101824,20.699028,41.716875,5.68,-0.107
101826,20.699186,-66.760682,5.14,-0.061
101827,20.69949,17.521489,6.24,0.942
101830,20.70065,31.311889,7.01,0.019
101831,20.700731,-76.180592,5.99,0.45
101833,20.701129,-46.400165,7.44,1.634
101835,20.701633,6.507602,7.08,-0.099
101846,20.703508,50.34003,5.41,-0.107
101850,20.704366,-44.885204,6.99,0.087
101852,20.704666,57.385375,6.99,0.3
101864,20.706201,35.456195,6.7,-0.159
101866,20.707611,-2.326904,7.31,0.129
101875,20.709329,-84.407112,6.94,0.221
101877,20.709755,82.531158,5.75,0.0
101884,20.711022,63.213102,7.44,0.155
101885,20.711025,60.601316,6.17,0.034
101886,20.711048,-18.109675,7.33,0.347
101893,20.713457,66.326719,7.01,0.025
101899,20.71471,-39.55883,6.3,1.073
101902,20.715402,49.052777,7.31,0.345
101922,20.719722,66.657447,5.59,0.218
101927,20.720468,57.113996,6.34,0.282
101933,20.721112,-29.423909,6.95,0.671
101940,20.722221,25.824759,7.03,0.344
101944,20.723234,33.868707,7.27,-0.107
101945,20.723387,35.587801,6.48,1.251
101947,20.723722,25.602315,7.14,1.608
101949,20.724011,-22.45392,7.2,0.965
101950,20.724315,15.074581,4.43,0.302
101953,20.724829,55.291801,6.96,-0.065
101960,20.726326,-11.641484,6.81,0.993
101966,20.727497,6.578206,7.21,1.061
101968,20.727811,5.390204,6.69,0.109
101975,20.728931,46.318131,7.05,1.041
101978,20.729909,23.791112,6.93,-0.046
101990,20.73155,42.2202,7.01,0.302
101994,20.73195,-19.344279,7.44,1.129
101998,20.73249,-5.590234,7.19,0.353
102000,20.733344,21.400658,7.18,0.13
102002,20.733966,-51.920971,4.51,0.278
102005,20.734472,-31.928413,7.39,1.291
102013,20.736838,-3.915402,7.04,1.157
102027,20.739457,56.488405,5.91,1.643
102039,20.742518,69.751813,6.5,0.973
102040,20.742576,-14.185808,6.87,1.569
102042,20.743154,-28.204623,7.24,0.279
102046,20.743459,47.296912,6.57,1.355
102050,20.744704,-35.827559,6.95,0.93
102053,20.746332,20.489704,6.97,0.267
102057,20.747919,25.270617,4.92,1.183
102059,20.748497,12.312666,6.71,0.17
102064,20.749314,-66.203212,3.42,0.163
102065,20.749324,-50.487925,7.27,-0.013
102075,20.752409,-50.506451,7.42,1.075
102081,20.753257,-35.166424,6.8,0.63
102083,20.753645,-27.24728,6.5,0.946
102088,20.75416,-15.798255,6.98,0.359
102091,20.754811,61.838782,3.41,0.912
102099,20.755829,46.354795,6.71,-0.027
102100,20.755878,57.579725,4.52,0.535
102102,20.7564,-15.034697,7.38,1.02
102104,20.756625,-30.47821,6.78,0.333
102108,20.757795,5.88122,7.43,1.002
102109,20.757843,18.090034,6.74,1.419
102122,20.761043,30.719715,4.22,1.051
102128,20.761968,50.673874,7.19,0.54
102143,20.765834,7.37912,6.98,0.065
102149,20.767002,-0.340412,6.76,0.955
102154,20.76826,-25.270898,4.13,0.426
102156,20.769441,-21.514032,5.91,0.066
102157,20.770178,33.970256,2.48,1.021
102159,20.770362,15.907315,7.09,0.794
102165,20.771834,-36.120152,6.49,0.433
102166,20.772238,-39.199262,5.48,-0.078
102168,20.772566,52.995297,6.34,1.131
102173,20.773898,16.903544,7.12,1.512
102174,20.774188,-50.805533,6.54,1.162
102175,20.774276,-26.86869,7.01,0.414
102181,20.775037,-22.163993,7.35,1.311
102199,20.777388,46.531692,6.3,0.064
102200,20.777462,16.124134,5.15,0.495
102201,20.77764,16.124296,4.27,1.042
102206,20.779044,24.462533,7.38,0.208
102209,20.779527,-64.909427,6.7,1.075
102211,20.779855,32.419921,7.03,-0.037
102227,20.783628,58.416769,6.68,1.26
102230,20.784323,-2.486912,6.28,1.558
102237,20.785689,32.172255,7.42,0.056
102239,20.786089,42.409841,7.22,-0.049
102240,20.786319,34.374123,4.93,1.294
102248,20.787751,-47.172799,7.36,0.3
102253,20.788915,-26.415191,7.13,0.65
102254,20.789102,45.579934,6.41,1.606
102257,20.789904,-45.854521,6.83,1.282
102258,20.790149,36.490717,4.53,-0.083
102268,20.79265,80.552262,5.36,1.144
102271,20.792939,1.831871,7.22,1.471
102279,20.793853,12.986248,7.43,0.587
102281,20.794081,6.976019,7.28,0.461
102287,20.794598,-9.495776,3.78,0.0
102293,20.795621,-5.027701,4.43,1.639
102296,20.795898,10.465263,7.43,0.264
102299,20.796597,26.177979,7.07,-0.067
102300,20.796633,3.306467,6.38,-0.013
102302,20.796759,6.008209,5.57,-0.01
102304,20.797025,47.831869,5.6,1.466
102309,20.797913,27.595446,7.03,0.257
102311,20.798038,52.407167,6.29,0.883
102317,20.799885,39.287701,7.0,0.67
102321,20.802286,-9.748809,7.25,1.373
102322,20.802707,2.715467,6.94,1.051
102327,20.803589,-16.521325,6.99,0.456
102329,20.8038,-19.260296,6.81,0.422
102335,20.804318,-4.640282,6.96,1.169
102339,20.805115,-44.196832,6.47,1.161
102343,20.805965,7.594224,7.11,1.005
102344,20.806052,-22.740709,7.31,0.527
102347,20.806524,21.233305,7.14,0.953
102349,20.806823,3.649037,6.78,-0.086
102353,20.807098,68.032895,6.98,0.38
102355,20.807215,-18.201718,7.14,0.944
102359,20.807723,1.722715,7.25,1.022
102362,20.808084,-43.988544,5.11,0.361
102363,20.808225,69.657901,7.43,0.139
102367,20.808902,23.011754,7.47,-0.03
102374,20.810047,-43.007547,7.09,1.283
102376,20.810435,30.792804,7.26,1.447
102381,20.811872,51.910331,6.26,-0.071
102383,20.811916,41.76285,7.42,0.921
102393,20.815637,46.114134,4.81,0.571
102394,20.815688,-68.791254,7.0,0.283
102400,20.816898,-72.532731,7.22,-0.004
102415,20.818726,42.954928,7.33,-0.014
102416,20.81896,54.233781,7.16,1.082
102424,20.820017,35.563564,6.6,1.622
102427,20.820738,14.605778,7.11,-0.048
102428,20.820763,-48.224484,6.96,1.037
102438,20.821371,-30.192152,7.26,1.5
102439,20.821455,-0.563337,6.24,1.401
102440,20.821498,64.042257,6.45,0.025
102441,20.821559,-25.78124,5.86,-0.069
102442,20.821733,-68.776521,5.41,1.122
102445,20.821947,58.748739,6.88,-0.046
102449,20.822373,-18.035855,6.2,1.402
102450,20.822821,83.941765,7.18,0.413
102459,20.824709,-46.226826,4.9,1.494
102465,20.825863,50.783185,7.22,1.622
102470,20.826865,51.314304,6.65,0.372
102473,20.827134,50.127082,6.5,1.624
102474,20.827158,12.545128,6.01,0.42
102476,20.827514,13.96294,7.12,0.455
102483,20.829489,11.494906,7.41,0.961
102488,20.830072,7.864185,6.32,0.019
102492,20.830559,-0.324278,7.18,1.203
102496,20.831846,46.661337,6.33,-0.066
102500,20.8328,-33.779722,4.89,1.004
102501,20.832981,2.433809,7.03,1.513
102502,20.833082,5.54456,6.2,0.986
102513,20.834695,44.059304,5.06,0.198
102514,20.834743,-27.367705,7.16,1.047
102516,20.834856,27.377701,7.18,-0.048
102519,20.835968,13.29835,7.22,1.049
102527,20.838402,56.798442,7.12,-0.069
102538,20.841706,-24.982819,6.84,0.49
102545,20.843345,30.912682,6.8,0.265
102547,20.843627,18.051286,6.63,0.036
102554,20.844347,42.381991,7.32,-0.099
102560,20.844938,-12.544906,5.87,1.075
102570,20.84643,-32.054604,6.42,1.513
102577,20.848374,-21.312349,7.14,0.45
102579,20.848888,34.75402,6.64,1.024
102580,20.849168,48.030492,6.98,1.473
102585,20.850211,-37.913332,5.52,1.38
102589,20.851138,52.395729,7.08,0.852
102590,20.851509,51.417247,6.91,0.303
102614,20.857152,-5.626633,5.99,0.464
102618,20.857844,28.250505,5.66,0.616
102619,20.858347,-51.608179,5.06,1.125
102620,20.858528,47.707676,7.36,1.109
102622,20.858594,37.989494,7.29,0.035
102623,20.859336,-27.244763,6.74,0.509
102626,20.859482,49.654317,6.99,1.205
102628,20.860069,-27.995257,6.84,0.26
102631,20.860681,-62.429335,5.67,0.203
102632,20.860783,-29.441981,7.12,0.489
102644,20.863137,-10.31726,7.49,0.707
102647,20.863692,-26.919133,4.12,1.633
102649,20.863844,23.331445,7.15,1.611
102651,20.863946,74.639083,7.26,0.165
102655,20.865545,8.772711,6.83,1.518
102659,20.866322,-33.177974,6.06,0.029
102662,20.866775,32.848894,6.42,-0.138
102663,20.866876,-11.439535,7.09,1.061
102668,20.86766,34.657632,7.31,-0.09
102673,20.868801,27.096979,4.56,0.835
102674,20.869082,-5.507059,5.55,-0.076
102681,20.870617,39.501308,7.39,0.094
102687,20.871139,-19.643598,7.29,-0.056
102693,20.872494,55.051243,6.77,0.079
102696,20.872662,-21.230894,7.36,1.046
102704,20.874787,58.655069,7.39,0.919
102705,20.874975,18.027331,6.55,0.982
102706,20.875294,-13.20295,6.85,1.429
102714,20.877565,-8.983318,4.73,0.325
102718,20.878647,-39.108629,6.89,0.974
102719,20.87868,56.584961,7.5,-0.118
102731,20.88155,24.914583,6.63,1.657
102740,20.883653,-23.783203,6.32,0.876
102746,20.884888,-11.573659,6.38,0.661
102748,20.88538,29.649097,6.36,1.085
102751,20.8864,-31.515083,7.32,0.919
102757,20.887319,-36.51393,7.31,1.045
102758,20.887431,44.38726,4.8,-0.134
102761,20.888418,54.518102,7.15,0.96
102763,20.88849,45.181673,5.48,1.088
102772,20.890266,-30.718954,6.35,1.1
102773,20.890422,48.267492,7.38,0.24
102774,20.890445,-64.19729,7.26,0.222
102777,20.890663,42.410201,6.67,-0.017
102783,20.892271,-19.113732,6.82,1.025
102785,20.892595,31.626196,6.85,0.309
102793,20.894409,-36.195983,7.13,1.44
102796,20.894494,-39.809865,5.34,1.318
102797,20.894781,61.775984,7.31,0.269
102799,20.894813,59.307628,6.96,0.395
102812,20.89789,49.533424,7.03,0.415
102813,20.898235,44.386411,7.23,0.785
102814,20.898304,33.437891,5.47,1.522
102823,20.899552,-6.889461,6.44,0.361
102827,20.900306,-24.280572,7.28,0.949
102831,20.900861,-10.924271,7.04,1.461
102833,20.901345,-4.542177,6.78,0.264
102835,20.90159,-18.99684,7.46,0.57
102836,20.901649,45.11015,7.36,-0.033
102837,20.901825,-27.925239,6.41,1.634
102841,20.902925,19.754112,7.22,0.96
102852,20.905574,-62.835515,7.24,1.135
102857,20.906181,40.702959,6.69,-0.081
102858,20.906221,28.521996,6.55,-0.147
102868,20.909344,28.057621,5.03,1.481
102873,20.909751,-50.727341,6.23,-0.098
102880,20.911091,46.231195,6.67,0.067
102883,20.911665,37.073708,7.15,0.02
102887,20.912304,75.92557,5.99,0.946
102891,20.91287,-8.883319,7.02,1.086
102892,20.913039,-18.792791,6.66,0.297
102894,20.913283,-17.922894,5.78,1.122
102895,20.913498,-58.454155,3.67,1.25
102898,20.913663,-46.600636,7.41,0.524
102900,20.913853,32.706428,7.46,0.594
102910,20.916036,33.764005,6.93,1.748
102928,20.918952,-52.119859,7.02,0.607
102929,20.918964,-1.373029,6.55,0.286
102930,20.919014,1.813211,6.7,0.377
102931,20.919202,46.350156,7.0,1.002
102939,20.921559,9.721162,7.45,0.436
102941,20.921656,42.513478,7.03,-0.071
102945,20.923086,40.300027,7.14,0.161
102946,20.923273,32.689132,7.05,1.272
102950,20.924024,43.367225,6.73,1.449
102952,20.924778,65.687283,7.41,-0.07
102956,20.925868,20.401126,7.27,1.326
102962,20.926858,13.721536,5.19,1.119
102966,20.927381,12.568558,5.54,0.131
102969,20.927966,4.532723,6.04,0.824
102976,20.929395,-44.575766,7.29,1.62
102977,20.929737,7.666251,7.37,0.893
102979,20.929909,-17.114176,7.27,0.544
102980,20.930501,47.417656,5.68,0.408
102990,20.933057,44.373933,6.83,-0.047
102998,20.93394,27.575534,6.66,1.112
103001,20.93483,9.260375,6.74,1.547
103008,20.936362,-55.22256,7.34,1.139
103009,20.936554,43.424311,6.87,-0.108
103010,20.936674,75.719832,6.76,1.114
103011,20.936885,51.075022,6.61,-0.097
103014,20.938058,56.887519,6.23,-0.172
103015,20.938404,-3.561693,6.57,-0.078
103016,20.938554,42.76872,6.68,1.117
103024,20.940125,43.900647,7.04,1.163
103026,20.940346,14.816268,7.28,0.921
103027,20.940407,50.728598,5.83,0.337
103028,20.940526,49.195847,5.92,1.054
103034,20.941893,14.683282,7.15,1.572
103039,20.942994,44.924722,5.96,0.02
103052,20.945738,-3.674561,7.24,1.071
103057,20.946479,-26.296378,5.7,0.507
103059,20.946514,1.715182,6.89,0.997
103060,20.94666,42.895664,7.21,0.96
103065,20.947833,-33.998522,7.36,0.49
103066,20.947984,-22.005746,7.47,1.346
103069,20.948341,-9.697545,5.49,1.474
103073,20.950383,17.097471,7.15,0.167
103081,20.952893,41.167136,3.94,0.027
103083,20.952938,0.463779,6.06,1.217
103085,20.953121,16.251406,7.47,1.415
103088,20.953554,69.057568,6.82,1.258
103090,20.953637,35.311727,6.62,1.48
103104,20.956162,87.032668,7.42,0.1
103110,20.956948,41.689571,7.34,0.135
103120,20.959884,39.662691,7.48,-0.091
103122,20.961016,26.405079,6.93,0.584
103127,20.961163,-44.129371,6.52,0.587
103128,20.96129,-16.031539,5.89,0.18
103137,20.962971,-68.42474,7.02,0.167
103139,20.963499,55.487667,7.26,0.34
103140,20.963575,4.195487,6.84,1.391
103144,20.964772,44.788149,7.36,1.652
103151,20.966587,8.062348,6.95,0.955
103155,20.967202,-11.954926,7.41,1.001
103171,20.969907,-69.146221,6.85,-0.062
103176,20.970918,47.617682,7.5,-0.102
103178,20.970991,30.395938,6.54,1.032
103179,20.971209,22.325908,5.3,1.419
103184,20.971864,23.046345,6.57,0.88
103187,20.972067,44.471711,5.55,0.973
103191,20.973605,46.604096,7.45,0.474
103195,20.973871,10.839286,5.51,0.934
103196,20.97424,41.357744,7.11,1.516
103198,20.975009,50.461791,5.59,-0.144
103200,20.975264,41.939925,6.17,-0.079
103210,20.977808,-70.422167,7.19,0.45
103213,20.978289,-14.483128,5.95,0.244
103215,20.978749,44.414579,7.44,1.238
103216,20.978805,31.647512,7.18,-0.044
103218,20.979202,-3.841459,6.95,0.189
103226,20.981848,46.252525,7.05,0.193
103227,20.982121,44.060449,6.65,1.073
103236,20.984317,22.350451,6.78,1.661
103237,20.984577,4.293481,5.3,0.464
103240,20.984753,4.29461,5.24,0.457
103247,20.986618,44.790494,7.13,0.83
103264,20.990171,42.324466,6.47,-0.077
103265,20.990352,-30.510926,7.36,0.926
103266,20.990377,59.438594,5.54,1.411
103272,20.991183,40.960236,7.0,1.052
103273,20.991426,-33.616596,7.35,0.843
103274,20.99142,55.940067,6.66,1.285
103284,20.993372,-19.035283,6.26,-0.11
103289,20.994726,-62.877304,6.88,1.433
103292,20.995253,38.822918,6.76,0.793
103300,20.997098,47.520951,4.74,-0.084
103301,20.99712,55.218031,6.8,1.367
103303,20.997458,16.824342,6.62,0.376
103305,20.997583,44.996452,6.64,1.002
103308,20.998563,-13.051632,6.61,0.177
103309,20.998676,40.258821,6.58,0.584
103312,20.999528,18.618942,7.12,1.048
103313,20.999665,32.495637,6.85,1.638
103314,20.999911,-36.129641,6.1,0.4
103320,21.001106,7.516197,5.98,0.283
103323,21.001473,-69.579436,6.86,0.627
103326,21.001835,48.679446,7.3,0.01
103327,21.002413,-10.628248,7.49,0.442
103328,21.002986,19.961382,7.28,0.422
103341,21.005976,-51.265312,5.76,0.48
103344,21.007691,19.329581,5.69,1.588
103347,21.009008,-83.146609,7.24,1.397
103349,21.009071,-5.477354,6.53,0.056
103350,21.0094,-4.730261,6.21,0.635
103355,21.011228,-35.291896,6.7,0.981
103361,21.012061,-53.73907,6.26,1.563
103368,21.013849,46.578585,7.24,-0.109
103371,21.014379,-17.530898,6.07,1.267
103373,21.014768,-36.053967,6.64,1.057
103388,21.017583,-29.728654,7.09,0.153
103390,21.01779,1.034934,7.28,1.568
103396,21.018981,-13.529992,6.55,0.852
103400,21.019702,46.155773,5.38,-0.206
103402,21.02024,36.02601,6.01,0.994
103406,21.021517,-32.257767,4.67,0.89
103410,21.022827,1.069682,7.16,1.519
103416,21.023858,-32.895607,6.86,0.16
103417,21.023921,40.61795,7.14,0.503
103421,21.02445,-68.209593,6.36,0.101
103431,21.02692,68.163267,7.34,0.306
103437,21.027905,-4.131501,7.24,1.444
103445,21.029244,-26.880993,6.04,0.073
103447,21.029849,44.18691,6.76,0.315
103450,21.030575,39.260614,7.46,0.402
103451,21.030732,-36.574152,7.12,1.387
103459,21.03191,57.765319,7.19,-0.068
103460,21.031948,57.071864,6.7,-0.112
103469,21.033287,-11.696272,7.02,0.454
103478,21.035834,56.669614,5.83,-0.058
103481,21.036807,7.179763,6.72,0.5
103482,21.036864,-43.002152,6.64,0.663
103487,21.038254,-42.997412,6.9,0.959
103490,21.039155,39.509035,6.5,1.51
103491,21.03938,23.324275,7.42,0.016
103496,21.040056,44.79098,6.18,1.687
103501,21.040528,27.807345,7.33,0.614
103502,21.040554,-12.447086,7.13,1.507
103504,21.040873,-38.53097,5.93,1.106
103518,21.043084,48.030691,6.86,1.683
103519,21.043118,-9.995621,6.55,1.521
103526,21.044526,11.657092,7.24,0.177
103529,21.044788,26.508064,7.19,1.7
103531,21.045264,3.35025,6.62,1.077
103533,21.045882,-19.248787,6.96,1.278
103536,21.046438,15.967115,6.88,1.715
103539,21.046838,45.84889,6.5,-0.124
103544,21.04863,32.349883,6.92,1.409
103548,21.049026,-29.110342,7.01,0.102
103550,21.049433,-38.631447,5.32,0.424
103557,21.049896,-0.924744,6.5,-0.094
103559,21.050498,14.730026,6.33,1.68
103560,21.05084,1.532061,6.24,0.479
103561,21.051152,1.694075,7.16,1.271
103562,21.051343,38.657415,6.1,1.011
103567,21.052114,-1.308571,7.34,0.401
103570,21.05283,-27.731594,6.25,0.945
103587,21.055531,27.331525,7.07,1.802
103589,21.055571,-17.468694,7.44,1.147
103597,21.057241,50.351914,6.37,0.986
103598,21.058196,-1.579669,6.91,0.423
103599,21.058194,-2.322205,6.99,0.967
103600,21.058203,29.0925,6.96,0.98
103601,21.058272,23.996261,7.16,1.389
103602,21.058751,-52.889146,7.46,1.582
103606,21.060006,81.160922,6.94,0.276
103617,21.062077,46.86315,6.32,0.259
103624,21.063225,53.2859,5.93,1.001
103631,21.064482,41.628175,6.34,0.39
103634,21.064681,55.230297,7.14,0.554
103644,21.067097,-18.112163,7.47,0.453
103649,21.067979,-5.823066,5.53,0.683
103652,21.06845,63.379604,7.34,0.389
103655,21.068719,2.994481,7.31,0.547
103656,21.068921,-47.960918,6.98,1.18
103663,21.070581,-50.435357,6.59,1.387
103681,21.072997,-43.085542,7.33,1.361
103684,21.073417,-19.854991,4.82,0.169
103690,21.075538,-46.255584,7.06,0.582
103695,21.076175,-58.933176,7.35,0.193
103696,21.076292,5.502862,5.63,1.65
103699,21.076624,60.256584,7.29,0.456
103701,21.077248,-51.274029,7.25,1.129
103702,21.077615,-64.047577,7.45,1.653
103706,21.078233,2.942274,6.41,1.051
103708,21.078621,-77.023767,5.13,0.49
103713,21.079271,2.269771,6.34,0.965
103725,21.082184,43.927852,3.72,1.609
103729,21.082705,35.429456,7.35,0.254
103738,21.084988,18.655977,7.39,0.111
103742,21.085714,-37.231383,7.01,1.104
103750,21.08729,-54.727042,5.17,1.201
103766,21.090756,5.958199,5.94,0.538
103770,21.09145,78.126392,5.91,-0.065
103775,21.092217,-4.362074,7.15,1.543
103776,21.09227,-43.521995,7.2,0.94
103790,21.094711,-44.949072,6.94,1.094
103792,21.095554,47.804719,7.43,-0.05
103793,21.096816,15.327217,6.64,0.476
103800,21.098755,20.946728,6.83,0.047
103804,21.099118,-17.232861,4.08,-0.01
103811,21.100142,62.921804,6.88,1.448
103813,21.100317,-30.12512,5.69,1.047
103828,21.104757,-48.526312,7.26,0.616
103836,21.10649,71.431797,5.88,0.386
103837,21.106521,26.924362,6.13,1.026
103838,21.106645,-34.62879,6.81,1.076
103839,21.106855,-32.341618,5.2,1.104
103842,21.107087,-41.385965,5.55,1.35
103850,21.108401,31.184657,5.77,0.554
103852,21.108475,-54.956387,7.41,0.393
103853,21.109283,-0.105016,6.92,1.507
103859,21.110026,47.648403,4.56,1.569
103867,21.111067,3.803119,6.48,0.88
103869,21.111523,-20.180264,6.54,1.28
103872,21.112175,-80.698094,7.12,0.351
103875,21.112994,34.132271,7.44,0.282
103877,21.113871,81.020408,7.12,1.402
103879,21.114794,38.749415,5.2,1.069
103883,21.115163,38.742055,6.05,1.309
103884,21.114538,-0.963396,7.27,0.387
103886,21.11458,45.675544,7.23,0.587
103894,21.117695,-23.148824,7.09,0.423
103899,21.118797,-25.005853,4.49,1.604
103904,21.119548,-13.92293,7.12,0.901
103907,21.12038,47.734318,7.33,0.047
103913,21.120815,44.674081,7.38,-0.05
103928,21.122742,-0.765132,6.58,1.076
103929,21.12298,-27.291596,7.29,0.2
103931,21.12325,47.27752,7.27,-0.05
103932,21.123524,-59.991952,6.77,0.642
103935,21.123964,-8.2349,7.02,0.226
103937,21.12424,9.295879,7.49,0.986
103939,21.124973,-19.088253,6.69,0.919
103941,21.125369,-38.691418,7.49,0.408
103942,21.125799,-0.163852,6.61,1.548
103944,21.126012,15.658657,6.27,1.008
103946,21.126751,51.584036,7.37,-0.013
103954,21.128013,68.254076,6.88,0.101
103956,21.128461,-2.052196,6.86,0.21
103959,21.129033,-45.379469,6.45,0.245
103960,21.129082,-17.455902,6.18,-0.035
103961,21.129154,-31.056778,7.24,0.464
103968,21.130337,1.153768,6.71,1.503
103971,21.130892,-54.216518,6.69,0.247
103976,21.131626,-48.940127,6.7,-0.015
103983,21.132613,14.673677,7.03,-0.133
103986,21.133516,-62.94631,7.47,1.104
103987,21.133519,5.151617,6.73,0.127
103988,21.133625,9.362558,7.38,0.413
103989,21.133635,-46.493053,7.06,-0.031
104001,21.135947,-0.989671,6.88,0.263
104008,21.138346,53.226259,7.48,0.1
104020,21.14115,6.989358,6.14,1.669
104027,21.142417,-63.92826,5.75,1.18
104028,21.142673,-21.193669,5.3,0.0
104034,21.144135,30.205637,5.6,-0.048
104037,21.144801,-37.242698,6.87,-0.073
104046,21.146119,-88.956499,5.45,0.283
104048,21.146575,-76.212469,6.57,1.229
104052,21.147641,1.787541,7.05,-0.058
104058,21.149281,-5.581876,6.58,1.174
104059,21.149407,47.271004,6.97,0.395
104061,21.149561,-28.477662,6.98,0.931
104064,21.150299,7.589046,7.43,0.23
104078,21.152115,78.663163,7.49,0.113
104080,21.152311,38.729202,7.5,1.271
104086,21.153366,-23.626838,7.08,1.09
104092,21.154286,-20.193172,6.73,1.003
104093,21.154447,-0.234923,6.65,0.175
104094,21.154628,-57.865642,7.47,0.364
104096,21.155054,-37.933091,6.86,0.961
104099,21.155494,-82.027259,6.98,0.619
104102,21.156052,-73.172968,5.67,0.59
104104,21.156203,-36.705937,6.47,0.52
104107,21.156968,-16.615758,6.72,1.533
104111,21.158001,63.295668,6.53,-0.111
104114,21.15884,68.49089,7.37,1.097
104115,21.159165,-20.556661,6.25,0.385
104121,21.159794,75.227779,6.89,0.572
104122,21.159902,-11.371693,4.5,0.926
104132,21.162237,-44.209821,6.53,1.145
104134,21.162746,19.210753,6.96,0.507
104142,21.164651,44.200455,7.45,1.082
104144,21.166185,2.943681,6.44,0.375
104146,21.166286,45.502555,6.6,-0.144
104156,21.167256,32.205755,7.24,1.025
104163,21.168318,-29.72106,6.66,1.578
104164,21.168733,-64.025455,6.92,0.27
104172,21.169445,-43.382726,6.56,-0.079
104180,21.17099,53.5631,5.75,-0.111
104184,21.172361,10.131579,4.7,0.262
104186,21.172472,-32.850167,7.25,0.979
104188,21.173476,-59.407738,6.96,0.21
104189,21.173695,-54.573758,7.07,0.687
104197,21.175177,-22.477442,7.42,0.921
104200,21.175266,47.692224,6.46,0.007
104201,21.175365,10.048922,6.07,0.022
104202,21.175576,22.454632,6.71,0.028
104206,21.176869,66.158181,7.14,1.226
104220,21.179705,-9.354074,6.27,1.161
104225,21.180834,66.709493,7.34,0.993
104233,21.183146,9.549438,7.44,-0.3
104242,21.18438,36.299581,6.53,-0.134
104256,21.187654,45.674228,6.69,0.353
104257,21.187725,33.133517,7.48,0.955
104260,21.189135,-72.544353,6.18,1.087
104262,21.189425,41.185159,7.41,-0.115
104266,21.189665,-52.339247,6.98,0.575
104272,21.191038,78.975413,7.13,0.037
104283,21.19286,-56.5172,6.93,1.112
104286,21.193467,-3.120224,7.47,1.2
104293,21.194311,53.746222,7.09,0.019
104295,21.194552,70.441146,6.89,1.206
104297,21.194816,-14.472378,6.47,0.316
104305,21.196733,59.98661,5.64,0.11
104306,21.196815,29.711685,6.85,-0.143
104310,21.19856,23.080541,7.33,1.132
104315,21.199127,30.619141,6.54,0.951
104321,21.199732,17.727748,7.37,0.525
104329,21.201074,76.310177,7.1,-0.102
104334,21.202053,-30.589318,7.17,0.441
104339,21.203404,11.781504,6.96,1.627
104342,21.203806,-40.269362,5.83,0.45
104349,21.206279,-15.0001,7.44,0.654
104358,21.208082,33.239346,7.28,1.499
104361,21.208198,38.566492,7.35,-0.122
104378,21.212581,84.258657,6.9,1.208
104379,21.21259,2.642736,6.98,0.182
104380,21.213005,-35.762815,7.48,1.015
104381,21.213125,60.098001,6.91,2.306
104382,21.213189,-51.513614,7.41,0.443
104388,21.214777,7.692399,7.41,0.432
104390,21.214825,35.797662,6.75,0.16
104394,21.215607,30.226916,3.21,0.99
104395,21.216011,30.809514,7.32,0.666
104400,21.21751,-39.424922,5.25,0.46
104402,21.218905,-1.129519,7.5,1.545
104409,21.220928,33.693112,7.27,-0.092
104410,21.221273,16.919014,7.31,1.37
104412,21.221479,-27.619333,5.41,1.425
104413,21.221901,-24.846014,7.35,1.331
104414,21.221933,-36.423527,5.97,0.967
104417,21.222351,-70.126267,5.06,1.578
104418,21.222665,81.230972,6.12,0.092
104427,21.224007,36.633263,6.07,0.223
104429,21.224237,7.218015,7.24,0.323
104433,21.224663,15.982395,6.27,0.238
104434,21.224705,7.167403,7.15,0.33
104435,21.224846,-47.550696,6.87,1.631
104436,21.225031,-5.911505,7.31,0.953
104438,21.225726,-54.988742,7.21,1.406
104443,21.226695,45.168755,7.33,0.887
104445,21.227038,-6.465856,7.29,1.412
104450,21.228464,64.403952,6.38,0.625
104453,21.229759,70.02761,6.67,0.882
104456,21.230131,-43.129898,7.14,1.324
104467,21.233587,52.711946,7.08,1.176
104471,21.233828,-29.663524,7.38,0.689
104472,21.233829,-22.212118,7.0,0.015
104474,21.234696,58.297155,7.11,0.161
104476,21.234851,37.7816,7.36,-0.176
104484,21.23619,29.900959,6.18,1.105
104500,21.237959,-45.782765,6.89,1.011
104501,21.237979,-10.605393,6.77,-0.068
104506,21.238573,41.146777,7.08,0.796
104508,21.238829,34.294333,7.37,-0.099
104514,21.239872,39.243254,7.25,1.225
104520,21.241337,10.006981,4.47,0.529
104522,21.241939,4.68971,7.47,1.588
104533,21.243433,56.883408,6.87,1.688
104534,21.243625,0.092256,6.38,1.574
104540,21.244753,-0.831946,7.43,0.092
104546,21.246156,16.479193,6.95,0.292
104548,21.246264,64.750327,6.98,0.944
104549,21.246517,38.045317,3.74,0.393
104559,21.248473,-7.087503,7.38,0.496
104566,21.249504,-8.35273,7.38,0.432
104568,21.250588,-49.097557,6.84,1.3
104569,21.250614,-30.983199,7.4,1.183
104570,21.250882,-21.81535,7.23,1.044
104572,21.251057,-5.551887,6.98,1.461
104573,21.251073,-2.571935,7.08,0.156
104576,21.251839,-17.345138,6.05,0.978
104582,21.253025,51.281903,6.99,0.978
104587,21.253991,-40.506065,6.2,1.138
104591,21.2548,-58.929609,6.93,0.954
104603,21.257563,42.026382,6.6,0.903
104619,21.259874,44.954528,7.46,-0.07
104620,21.259906,78.598203,7.42,0.037
104624,21.260327,47.973995,6.45,-0.129
104625,21.260528,-20.651696,5.17,1.161
104626,21.261419,-57.631351,6.54,0.308
104629,21.261721,16.7276,6.96,1.08
104630,21.261779,77.012296,5.92,1.531
104637,21.262456,-15.1715,5.31,1.639
104641,21.262738,-53.263084,5.73,0.191
104642,21.262995,-36.210709,6.13,1.38
104647,21.263609,-9.120883,7.29,1.008
104649,21.263731,5.247845,3.92,0.549
104651,21.264448,19.714246,7.32,0.245
104653,21.264469,11.478704,7.4,1.007
104662,21.265883,25.433837,6.99,0.887
104664,21.26656,-13.202692,6.62,1.093
104666,21.267158,10.685571,7.33,1.397
104673,21.269421,4.405305,7.46,0.906
104678,21.27139,26.35029,7.19,0.457
104679,21.271424,44.238222,6.36,0.979
104681,21.271604,-9.214656,6.45,1.612
104692,21.274112,48.792472,7.5,0.14
104696,21.274894,42.251787,6.23,1.251
104697,21.274957,-9.157851,7.44,0.033
104702,21.27624,-0.62172,7.31,1.039
104708,21.277631,-1.607759,6.48,0.981
104709,21.277695,36.321184,7.37,0.267
104711,21.277793,7.514682,7.42,0.394
104722,21.282844,-10.135021,7.04,0.069
104727,21.283899,53.997693,6.12,0.049
104735,21.285617,-80.344911,7.47,0.037
104741,21.287094,-13.278989,6.41,0.035
104742,21.287289,55.798001,6.0,1.447
104751,21.287725,-38.867362,6.69,1.397
104753,21.288553,58.611485,6.42,0.194
104760,21.289569,-54.017353,7.43,1.075
104761,21.289653,34.421474,7.06,1.507
104763,21.289773,42.683572,6.17,-0.094
104764,21.290265,39.394681,4.22,0.098
104766,21.29036,8.234063,6.99,1.321
104768,21.290453,-30.745692,6.85,1.171
104773,21.292374,22.541622,7.21,0.481
104778,21.293435,39.209944,6.98,0.355
104782,21.293921,-5.782318,7.44,0.432
104786,21.294883,20.006138,7.45,1.027
104795,21.29793,-48.718264,6.54,1.171
104800,21.298632,34.896898,4.41,-0.103
104802,21.298966,-32.172539,4.71,0.07
104805,21.299246,-17.985138,5.4,-0.118
104806,21.299532,82.018886,7.43,1.083
104808,21.300035,-85.20119,7.01,1.089
104810,21.300132,-64.68158,6.32,-0.064
104815,21.300808,46.857303,7.04,-0.087
104817,21.3013,-2.141876,7.47,1.223
104823,21.302955,22.114196,7.21,0.252
104826,21.303076,-4.519478,5.83,-0.13
104830,21.30435,-17.462266,7.07,0.339
104831,21.304504,-75.346755,6.61,0.032
104832,21.304678,10.249054,7.16,1.004
104840,21.307017,17.720835,7.46,1.11
104841,21.307057,-73.026542,7.36,1.322
104842,21.307099,-45.290183,7.43,0.177
104843,21.30726,-20.33548,6.62,1.043
104844,21.307481,54.173768,7.46,1.373
104846,21.30756,-43.334649,6.75,0.637
104847,21.307555,-47.002302,6.96,1.391
104848,21.307551,43.945945,5.04,-0.061
104852,21.308555,80.353468,7.35,0.509
104854,21.30888,17.987927,7.34,0.44
104855,21.309008,61.184393,6.43,1.543
104861,21.30963,62.585573,2.45,0.257
104862,21.309688,11.568824,7.01,0.605
104864,21.310327,8.959657,7.27,0.488
104867,21.31098,24.659459,6.61,0.97
104876,21.312222,-61.352804,6.6,0.689
104881,21.312618,50.069347,6.96,1.809
104885,21.314245,65.989337,7.39,0.965
104886,21.314452,11.203373,5.97,1.612
104890,21.315055,-28.76582,6.4,0.966
104891,21.315369,41.040518,6.15,0.257
104894,21.31617,32.180772,7.11,1.383
104898,21.316677,39.749341,6.68,-0.028
104901,21.317162,29.743133,7.3,-0.033
104904,21.317534,-32.356134,6.96,1.441
104911,21.318711,61.858451,6.66,0.305
104915,21.31978,17.822224,6.7,0.366
104917,21.320817,-16.179547,6.91,0.955
104920,21.321025,58.623502,5.51,1.114
104921,21.321715,-39.348143,7.49,1.541
104925,21.322171,38.806577,6.99,0.514
104927,21.322362,-13.047946,6.88,0.212
104928,21.322371,-47.054587,6.66,1.067
104929,21.322828,38.237473,5.89,0.505
104930,21.322838,64.871855,5.19,-0.045
104934,21.323465,52.324389,7.32,-0.018
104936,21.32363,58.326555,6.99,1.32
104943,21.324652,49.510294,5.75,-0.119
104956,21.3276,9.525293,6.99,0.186
104958,21.327991,53.058107,6.82,1.022
104963,21.328546,55.45007,7.19,1.468
104972,21.329351,-26.35288,6.56,0.737
104975,21.330177,-14.017514,7.03,0.038
104978,21.330951,-27.209142,7.07,0.002
104979,21.331096,-53.449427,4.39,0.191
104986,21.33447,12.96284,7.2,1.645
104993,21.33588,-13.502314,7.22,-0.08
104994,21.335968,-45.021893,6.15,2.387
105002,21.337227,60.630872,7.37,1.6
105003,21.337242,22.026186,6.29,-0.106
105012,21.33904,33.485432,6.93,0.027
105017,21.340396,60.687226,6.73,0.504
105030,21.342632,60.756405,6.11,1.005
105036,21.34393,26.250131,7.34,1.519
105041,21.346008,-40.809465,4.8,0.029
105049,21.347235,32.452221,6.45,0.802
105050,21.347239,-9.151684,7.45,1.587
105051,21.347468,-45.810877,7.46,0.614
105067,21.350396,40.345066,6.39,0.533
105070,21.350875,-20.821224,7.21,0.391
105071,21.351217,23.855966,5.58,1.057
105072,21.351199,-4.560125,5.87,0.912
105073,21.35134,7.354503,5.81,1.663
105085,21.354611,-49.938248,6.4,1.327
105089,21.355682,46.729828,6.73,0.176
105090,21.355842,-84.309854,7.5,0.387
105091,21.355996,10.332279,6.72,0.535
105092,21.356094,32.612733,6.05,0.062
105093,21.356161,2.974151,7.09,0.966
105095,21.356356,22.889328,7.34,0.231
105098,21.356582,2.88738,7.41,1.093
105099,21.356566,-51.752617,6.75,0.654
105107,21.358097,48.16742,7.18,1.52
105123,21.36209,64.364587,7.36,1.363
105132,21.36322,2.027332,7.47,0.462
105136,21.363639,-29.166071,6.53,1.37
105138,21.363978,1.361618,6.79,0.366
105141,21.364188,-16.27386,7.45,0.613
105150,21.366203,72.059198,7.09,0.107
105151,21.366294,-9.32797,6.81,1.194
105156,21.36678,49.388848,5.68,1.1
105160,21.367144,4.345614,6.69,1.1
105161,21.367888,-51.875479,7.17,0.185
105162,21.36811,19.804508,4.08,1.108
105171,21.370153,-83.20971,7.19,0.339
105175,21.370776,-16.834542,4.28,0.888
105177,21.371177,-71.571318,7.1,1.617
105185,21.372584,77.090259,6.56,0.088
105193,21.374094,-3.130132,6.67,0.384
105199,21.374711,49.4914,6.85,0.029
105206,21.376615,-55.783663,7.45,0.456
105207,21.376649,2.918511,6.53,0.651
105209,21.376949,-5.633316,6.93,1.583
105216,21.378312,76.555058,6.85,0.64
105217,21.378348,30.309882,6.07,1.079
105219,21.379245,-48.457406,6.95,1.22
105220,21.379676,38.634275,6.63,0.028
105221,21.380169,40.932551,7.12,1.191
105229,21.381559,6.81114,5.16,0.064
105231,21.381863,38.708512,7.29,1.048
105233,21.382293,-9.31933,5.99,1.516
105235,21.38347,-22.669048,5.63,1.641
105240,21.38522,-85.638744,7.22,1.713
105254,21.388202,39.349656,7.34,-0.024
105262,21.38914,44.518292,7.17,0.184
105266,21.389728,37.406545,6.55,0.51
105267,21.389928,2.766252,7.27,0.213
105269,21.390348,65.034049,7.32,-0.038
105272,21.391226,31.116224,7.35,1.643
105282,21.393163,14.050176,6.76,-0.109
105283,21.393201,40.018617,7.2,0.146
105287,21.394418,-55.543017,7.47,0.546
105290,21.394597,-39.778797,7.47,0.41
105294,21.39583,69.53444,6.93,0.013
105295,21.396315,1.681092,7.28,1.044
105296,21.396775,37.351481,6.46,1.472
105299,21.397271,47.164551,7.08,0.422
105305,21.398859,-25.202484,6.47,1.123
105309,21.399442,51.657184,7.1,-0.086
105311,21.399672,24.274135,5.7,0.314
105315,21.401013,-40.030082,7.36,0.412
105319,21.402069,25.312423,6.2,0.026
105321,21.402202,-22.747101,6.38,1.026
105324,21.402665,-20.851869,5.38,1.176
105325,21.402803,48.819348,7.41,0.125
105327,21.403192,-12.878108,5.48,0.297
105328,21.403226,50.436053,7.46,1.458
105336,21.404594,62.993479,7.44,0.043
105337,21.40465,-69.733882,6.28,2.607
105342,21.405768,-24.422501,6.73,0.357
105344,21.405786,-46.614706,6.3,0.235
105347,21.406299,30.936633,6.73,0.191
105348,21.406426,24.528393,6.35,1.057
105353,21.406806,75.97158,7.22,1.069
105354,21.406823,10.174252,6.33,0.474
105355,21.406893,-41.006695,5.76,-0.036
105358,21.408428,55.366735,7.5,0.493
105362,21.409445,26.17456,5.67,0.323
105364,21.409987,-6.715318,7.14,0.342
105370,21.411052,-34.967538,7.07,1.144
105371,21.411251,-68.227833,6.98,0.723
105376,21.411895,-5.581307,7.21,1.125
105378,21.412731,-57.25718,7.18,0.238
105383,21.413362,25.88046,7.07,0.049
105386,21.413729,80.524826,5.97,0.95
105388,21.414354,-3.398357,6.38,0.334
105392,21.415401,49.323128,6.57,0.003
105397,21.416599,27.418,6.99,-0.082
105406,21.418243,9.384066,7.43,0.0
105420,21.420285,-9.748552,5.71,0.208
105423,21.421043,-34.856731,6.92,0.506
105425,21.421319,70.47754,7.26,0.619
105426,21.421377,-3.556747,5.48,1.451
105427,21.421673,-71.799061,6.09,1.265
105428,21.422083,46.714341,5.59,0.335
105429,21.422219,29.461705,7.27,0.504
105438,21.423185,-45.161904,6.83,0.111
105440,21.423422,-72.595411,7.32,0.911
105441,21.423586,-14.277342,6.85,0.043
105469,21.42955,15.617718,6.8,1.549
105471,21.429729,36.667386,5.93,0.033
105474,21.430153,-23.822098,6.51,1.019
105478,21.430996,0.53434,6.45,0.162
105490,21.435351,-24.48422,7.22,1.001
105492,21.435395,18.065098,6.83,-0.014
105499,21.437622,-54.660459,6.1,0.366
105512,21.439448,-20.999101,7.22,1.14
105513,21.43968,-37.829429,5.64,1.185
105515,21.440301,-12.095495,6.7,1.022
105519,21.440705,-65.366198,4.21,0.494
105520,21.440739,19.37564,6.08,0.235
105523,21.441126,1.103359,6.12,0.481
105538,21.443664,-46.067256,7.21,0.54
105540,21.444452,-22.411332,3.77,1.002
105541,21.44476,13.688265,7.12,0.158
105550,21.445823,52.898537,6.01,-0.109
105552,21.446268,43.81234,7.47,0.012
105557,21.447668,48.835168,5.29,0.108
105561,21.448539,10.667843,6.97,0.382
105571,21.450351,-44.808569,7.49,0.876
105572,21.450454,-42.54793,5.5,0.392
105577,21.451838,16.124153,6.72,0.529
105581,21.452935,6.911305,7.28,1.183
105587,21.454117,-21.19621,5.78,1.44
105592,21.454703,5.391575,6.78,0.336
105601,21.455935,37.116798,5.3,-0.14
105605,21.456453,-13.587594,7.11,-0.088
105608,21.457025,59.750075,6.11,1.72
105614,21.458213,47.802387,7.49,0.05
105616,21.458451,27.874073,7.49,1.521
105624,21.460697,-11.666929,7.03,0.457
105625,21.461126,27.608593,5.39,0.049
105631,21.46282,66.809096,5.42,-0.099
105636,21.463375,21.735879,7.15,0.922
105640,21.464008,64.013841,7.4,0.496
105643,21.464909,35.409159,7.12,0.206
105645,21.46509,46.561512,6.86,-0.079
105649,21.466605,53.289285,7.18,-0.002
105657,21.468049,62.096481,6.7,0.997
105662,21.468955,32.22533,5.75,0.333
105663,21.46959,-52.302397,6.79,1.233
105666,21.470541,-11.56828,6.61,0.49
105675,21.472682,-2.885361,6.88,1.142
105680,21.473566,8.195645,6.39,1.64
105687,21.475462,50.445361,7.37,0.006
105691,21.477662,70.560716,3.23,-0.201
105695,21.478409,25.921345,6.56,1.293
105696,21.478429,24.670131,7.48,0.24
105698,21.478721,-21.80718,4.5,0.889
105703,21.479121,-69.505386,5.47,1.553
105707,21.479767,77.935226,7.26,1.5
105708,21.480142,49.795095,6.79,0.287
105710,21.480697,-79.925725,7.36,1.098
105711,21.481314,55.418702,6.14,0.1
105713,21.481343,11.084829,6.65,0.38
105714,21.481371,-8.990814,7.16,1.114
105721,21.483271,22.179436,5.84,1.37
105723,21.48331,17.905909,6.42,1.393
105724,21.483366,-53.705912,6.39,1.14
105725,21.484165,61.43312,7.09,0.519
105726,21.484372,-31.238559,6.52,0.036
105730,21.485093,44.923078,6.94,0.25
105734,21.486638,11.952907,7.31,1.278
105737,21.487349,-50.316844,7.33,0.663
105740,21.487608,28.582998,6.75,1.086
105744,21.489044,67.05104,6.91,0.012
105752,21.490816,46.540585,5.22,0.965
105757,21.491947,-38.085917,7.44,0.587
105762,21.492916,6.581379,6.41,1.179
105767,21.493535,46.42646,6.72,0.147
105769,21.493736,6.879635,7.5,1.281
105774,21.494488,-14.026941,6.86,1.498
105780,21.496225,60.378654,7.45,0.17
105782,21.497134,-37.692595,7.26,0.44
105786,21.497628,-43.507429,6.96,1.045
105790,21.498043,52.933842,7.25,0.117
105798,21.499137,23.638838,4.52,1.618
105801,21.499882,-19.147827,6.57,0.413
105802,21.499945,41.510451,7.34,0.218
105803,21.500248,45.494186,6.95,-0.04
105809,21.501677,35.472414,7.29,0.015
105810,21.501903,18.578517,7.42,0.278
105817,21.503336,-44.074641,7.34,1.0
105828,21.505261,48.390843,7.36,-0.028
105829,21.505645,52.957998,6.02,0.08
105842,21.507177,44.874993,6.77,0.33
105843,21.507229,-25.193279,7.31,1.54
105851,21.50998,68.293258,7.04,-0.026
105857,21.511213,-14.291212,6.63,1.202
105861,21.511782,-38.638187,7.49,0.508
105864,21.512289,-25.709689,7.17,1.287
105871,21.513285,-62.167603,7.14,0.596
105873,21.513491,31.957813,6.96,0.296
105884,21.516428,70.823215,6.97,0.084
105885,21.51647,60.459432,5.53,0.102
105888,21.517022,59.418167,6.86,0.681
105902,21.519341,12.137475,6.1,-0.047
105914,21.521717,52.195542,6.69,0.962
105916,21.521935,3.81834,7.01,0.207
105917,21.522729,-83.033647,6.95,0.115
105921,21.523137,40.065089,7.44,0.488
105922,21.523749,-19.237541,7.15,-0.3
105925,21.524295,52.619856,6.17,0.9
105936,21.525982,-5.571172,2.9,0.828
105938,21.526213,-9.744702,7.4,0.86
105942,21.526919,42.700756,7.22,-0.036
105943,21.527336,57.502592,7.41,0.551
105951,21.528441,48.584618,6.84,-0.023
105964,21.530598,23.845179,6.43,1.064
105968,21.530928,-25.412713,7.24,0.223
105970,21.53195,5.293222,7.3,1.289
105978,21.534134,-84.810069,6.42,1.405
105981,21.534613,34.201716,7.49,0.363
105985,21.534965,-41.17931,5.29,1.109
105995,21.536612,10.910828,7.24,-0.045
105998,21.537381,-33.944623,5.97,0.051
106000,21.537429,46.257256,7.38,-0.042
106004,21.538076,48.443829,6.58,-0.001
106009,21.539475,-12.267311,6.73,1.613
106013,21.540837,23.394585,6.69,-0.066
106020,21.542349,4.873255,7.3,0.231
106021,21.542572,-24.590418,6.43,0.2
106031,21.544433,42.295537,6.92,1.134
106046,21.547435,32.776679,7.41,-0.055
106047,21.547723,-64.149962,7.2,1.428
106048,21.548197,40.407414,7.27,0.922
106051,21.549052,49.977629,5.77,-0.042
106053,21.549535,20.711487,7.02,0.529
106055,21.549762,12.539597,7.34,1.444
106064,21.551883,-78.543103,7.46,1.031
106067,21.552809,48.303405,6.83,-0.015
106070,21.55308,4.56318,7.22,1.019
106077,21.554893,-52.737773,6.43,1.481
106078,21.554968,45.854014,6.27,1.805
106081,21.555856,-80.039361,6.47,0.044
106083,21.555879,21.59029,7.21,1.38
106087,21.556534,-44.8487,5.57,1.044
106114,21.561179,-16.200976,7.18,0.457
106132,21.565135,-82.683084,6.35,0.089
106139,21.56635,45.591837,3.98,0.885
106141,21.567048,-46.610727,6.91,1.086
106146,21.568789,-4.368162,6.69,0.252
106149,21.569617,63.751154,7.28,0.282
106153,21.570857,-3.410588,6.85,1.171
106158,21.571434,-42.924679,6.32,1.093
106173,21.57384,66.726447,6.95,1.111
106176,21.574295,51.698465,6.17,-0.015
106185,21.576104,22.754521,6.45,0.513
106196,21.577497,66.772281,7.03,1.305
106199,21.577782,-36.646994,6.88,1.159
106202,21.578547,1.829161,6.41,1.398
106208,21.57942,18.328929,6.47,1.254
106210,21.579596,38.534054,4.87,1.085
106212,21.579718,19.93639,6.89,0.991
106217,21.580848,-20.084274,5.7,0.423
106222,21.581389,-29.696117,6.42,-0.097
106224,21.58143,-51.827177,6.72,0.885
106225,21.581937,-20.252718,6.74,0.498
106230,21.583875,31.783873,7.44,0.046
106237,21.585733,43.703301,6.81,-0.104
106240,21.586665,21.404116,7.17,0.1
106241,21.586892,78.624497,7.49,2.7
106244,21.587136,-34.329712,6.86,0.492
106248,21.587765,-23.454313,6.39,1.098
106250,21.588228,-3.983305,5.79,1.11
106253,21.58864,28.197607,6.25,0.357
106259,21.589767,0.975529,7.27,0.57
106262,21.590533,68.21929,6.47,-0.083
106263,21.590843,24.452161,6.22,0.141
106288,21.597913,23.964816,7.28,1.035
106300,21.600689,45.374591,5.96,1.341
106301,21.6014,15.081993,6.5,0.94
106309,21.602706,50.502076,7.16,0.02
106313,21.603046,-26.171516,5.73,0.234
106316,21.603702,50.679076,7.27,-0.086
106318,21.603885,30.055422,6.36,1.24
106333,21.606467,-40.330228,7.16,1.637
106344,21.609055,-5.052522,6.93,1.27
106346,21.609177,33.234345,7.44,1.158
106354,21.611417,-50.845385,7.14,0.879
106361,21.613553,-33.047896,6.1,0.226
106367,21.615298,-10.174507,7.32,0.374
106369,21.615827,40.413521,5.04,0.198
106372,21.61613,-35.884148,7.36,0.424
106373,21.616269,-18.743786,6.9,1.436
106378,21.61755,19.782735,7.25,0.952
106381,21.618008,-19.466011,4.51,-0.18
106383,21.618484,11.719492,7.24,0.11
106388,21.619554,62.304245,7.16,0.968
106393,21.621604,51.064188,7.22,1.837
106397,21.622223,-11.460709,7.34,1.667
106399,21.622531,-18.441178,7.19,0.396
106400,21.622647,35.327611,7.08,1.048
106410,21.62441,44.69655,6.19,0.218
106413,21.624753,4.682456,6.54,0.327
106416,21.626044,-0.390562,6.22,0.056
106426,21.627132,-19.231015,7.45,-0.085
106429,21.627447,54.042192,6.16,0.991
106433,21.628239,15.215979,7.44,0.945
106440,21.628662,-45.585898,7.2,0.473
106441,21.62879,6.618391,6.19,0.046
106444,21.629197,-7.854201,4.68,0.175
106445,21.629285,19.318607,5.46,0.321
106448,21.630185,39.317176,6.76,-0.035
106459,21.632007,62.08194,4.76,0.246
106460,21.632088,33.200467,7.37,1.056
106463,21.632313,-17.209682,7.28,1.388
106472,21.633674,41.081368,7.16,1.513
106475,21.634118,-64.824167,6.22,0.021
106483,21.636273,-25.445153,7.35,0.904
106486,21.637211,-14.909988,7.2,1.043
106491,21.638052,-69.630172,6.78,-0.095
106500,21.640635,56.973738,7.43,0.074
106503,21.640917,43.290798,7.46,0.5
106505,21.641326,49.795263,7.03,0.822
106506,21.641394,48.713594,7.48,1.541
106513,21.642205,5.771742,5.66,0.265
106520,21.643441,53.580314,7.1,0.295
106526,21.644781,64.385608,7.23,1.646
106527,21.644787,-4.1504,6.73,1.608
106529,21.645878,25.498829,6.18,1.026
106533,21.647375,-19.6254,7.25,0.527
106538,21.648943,-79.442583,6.17,0.46
106543,21.649339,57.489037,5.74,0.2
106554,21.650329,20.265451,5.77,0.314
106564,21.651697,-33.678856,6.28,0.949
106570,21.652812,-27.306572,6.75,0.623
106571,21.652769,71.308862,7.12,0.476
106579,21.654223,-13.89486,7.25,1.066
106586,21.655543,-30.304419,7.46,1.51
106589,21.656241,24.494572,7.16,1.479
106595,21.657808,-10.576896,6.07,1.034
106599,21.658758,-0.05111,6.66,0.514
106601,21.65924,2.243558,5.1,1.034
106612,21.661799,-42.445587,6.64,0.273
106625,21.664464,-43.131995,6.73,1.024
106626,21.664932,39.514953,6.98,0.275
106627,21.664991,44.432142,6.77,-0.053
106630,21.665308,51.476851,6.74,1.324
106632,21.665438,49.132783,7.14,1.218
106635,21.66659,-52.35901,6.2,0.584
106638,21.667189,9.184753,6.96,0.12
106642,21.668181,-16.662308,3.69,0.32
106643,21.668173,-57.442051,7.06,1.196
106656,21.669749,43.273839,5.09,1.601
106657,21.669875,49.682998,7.16,-0.064
106667,21.673157,-71.503333,7.43,0.536
106672,21.673849,-6.975077,7.01,1.048
106676,21.674252,-34.534824,6.71,1.085
106678,21.67482,-41.183968,7.03,1.022
106679,21.674997,-74.074282,7.07,0.755
106682,21.675576,70.78605,7.16,1.314
106683,21.675671,59.752754,6.9,0.987
106685,21.675965,10.612228,6.9,1.148
106687,21.676029,-55.737977,6.33,1.06
106689,21.676325,-18.895644,7.34,1.577
106697,21.678623,28.755671,7.41,0.6
106698,21.678696,54.872149,6.16,1.116
106703,21.680065,3.896917,6.83,1.509
106716,21.683426,30.29735,7.16,1.435
106720,21.683955,5.020635,7.23,0.158
106721,21.68421,22.194812,7.36,1.604
106722,21.684384,34.675145,6.93,1.466
106727,21.685048,26.750666,7.45,0.686
106732,21.686158,47.545181,7.28,1.0
106736,21.688515,-35.585032,6.92,1.277
106741,21.689684,21.944008,6.99,0.121
106745,21.691139,-14.841364,7.18,0.362
106746,21.691253,-77.390046,3.73,1.008
106752,21.692462,-14.047611,5.16,0.672
106754,21.69285,40.805222,6.07,0.068
106757,21.694006,21.60214,7.02,0.302
106760,21.694276,-32.531006,6.87,1.042
106762,21.69492,15.042192,7.21,1.485
106767,21.696085,-19.8064,7.02,1.24
106769,21.696171,-25.101516,6.51,1.185
106776,21.698652,71.311417,4.55,1.108
106779,21.699573,-17.221773,7.18,0.973
106783,21.699977,18.938824,7.26,1.063
106785,21.700192,-23.262858,5.24,0.991
106786,21.700301,35.5102,5.98,2.5
106792,21.701183,-25.860082,7.23,1.607
106793,21.701569,52.292097,7.04,0.95
106795,21.701573,51.189622,4.69,-0.119
106797,21.702321,45.765697,6.11,1.415
106799,21.702415,4.834453,7.36,1.104
106801,21.702809,1.285253,5.66,1.446
106806,21.703484,-32.506593,7.09,1.227
106807,21.704106,39.52633,7.36,1.26
106808,21.704292,5.680137,5.3,1.653
106816,21.705859,50.858025,7.24,-0.05
106819,21.706376,41.077019,5.73,0.055
106821,21.706718,57.736053,6.9,0.142
106830,21.709155,10.824314,6.06,-0.115
106837,21.709488,42.440715,7.46,0.152
106841,21.710278,10.207759,7.47,0.969
106843,21.71078,49.600257,6.1,0.993
106845,21.710973,-18.866323,4.72,0.868
106848,21.711242,63.721373,6.88,0.531
106854,21.712603,59.270844,6.1,1.349
106871,21.715181,23.321741,6.98,1.104
106872,21.715566,54.56188,6.96,1.292
106873,21.715583,37.904925,7.44,0.253
106882,21.717257,-43.496099,6.67,0.559
106887,21.717806,72.320084,5.18,1.063
106889,21.717888,-14.399709,5.88,0.255
106892,21.718465,41.15497,5.51,1.615
106895,21.720425,-19.620961,6.23,0.269
106905,21.722425,-24.141336,7.17,0.95
106910,21.723791,38.283589,5.69,-0.01
106915,21.724961,19.635481,7.42,0.323
106916,21.725127,58.780046,4.23,2.242
106918,21.725508,-31.248819,7.48,1.058
106921,21.726015,-68.064746,7.2,1.642
106925,21.726846,38.304563,6.99,0.107
106927,21.72764,0.535101,7.04,0.972
106928,21.727714,7.528657,6.47,1.114
106936,21.729496,-57.368412,7.35,1.217
106937,21.729523,11.101392,7.13,1.606
106945,21.731753,27.846878,7.46,0.45
106946,21.731867,-54.499937,7.1,1.616
106954,21.732808,22.815289,6.43,1.295
106956,21.73308,-57.325247,6.49,0.484
106957,21.733454,-57.283054,6.86,0.477
106959,21.733602,-14.74937,5.96,0.219
106967,21.73571,28.742632,4.49,0.512
106972,21.736433,9.875011,2.38,1.52
106977,21.737343,-62.114212,7.09,0.362
106979,21.738146,60.9127,7.38,0.731
106980,21.738341,-55.473077,6.88,1.607
106983,21.738662,28.781604,6.89,0.411
106991,21.739563,84.038546,7.11,0.267
106992,21.739829,29.265609,7.13,1.093
106993,21.739962,-4.730897,6.66,0.068
106996,21.740394,46.86283,6.61,0.413
107000,21.741238,29.194052,7.25,0.006
107001,21.741516,-38.55253,6.28,1.129
107005,21.74186,17.350017,4.34,1.161
107007,21.742035,14.771939,5.96,0.587
107008,21.742357,-24.910556,7.32,0.49
107011,21.744092,25.645036,4.14,0.425
107012,21.744148,58.225698,6.8,1.054
107024,21.746724,2.992105,6.98,0.9
107031,21.748134,62.460567,5.94,0.312
107036,21.748701,-9.03632,7.04,1.41
107037,21.749113,-33.025781,4.35,-0.053
107039,21.750071,-9.082428,5.1,1.108
107050,21.7514,-22.564058,7.35,0.397
107055,21.753444,52.267577,6.4,1.901
107066,21.755198,-49.498761,6.46,1.148
107068,21.755885,26.999524,7.3,-0.039
107069,21.756084,-12.783352,6.69,0.439
107075,21.75748,61.120806,4.25,0.474
107077,21.757755,72.166243,7.5,0.112
107080,21.758004,-71.008849,6.02,-0.099
107082,21.758055,-28.126892,7.38,1.51
107099,21.761769,62.308337,7.48,0.246
107102,21.762361,35.857311,6.44,0.997
107104,21.762797,7.987553,7.23,0.939
107116,21.764813,78.232881,7.17,-0.02
107119,21.765684,25.583419,6.57,-0.081
107126,21.767451,50.674151,7.03,-0.059
107129,21.767879,22.94888,5.29,1.381
107144,21.771186,-9.275935,6.0,1.629
107145,21.771278,43.060771,6.52,0.278
107153,21.772154,-62.549795,6.91,1.157
107159,21.773316,25.563504,6.28,1.212
107161,21.77337,-32.714699,6.76,1.341
107166,21.77429,-17.923555,7.47,1.223
107169,21.774665,22.174459,7.06,0.211
107173,21.775513,-2.212756,6.52,1.47
107174,21.775583,-11.365954,5.57,-0.002
107182,21.777193,-67.596341,7.21,-0.074
107184,21.778359,-11.697845,6.99,0.471
107188,21.779512,13.719617,6.67,0.202
107189,21.779549,37.65799,7.26,1.762
107190,21.779891,49.30957,4.23,-0.12
107198,21.78115,19.923595,7.13,1.43
107212,21.783573,70.150882,6.45,-0.007
107213,21.784011,-16.127286,2.85,0.18
107215,21.784655,17.194041,6.18,0.35
107230,21.786992,22.024496,7.49,0.308
107232,21.787212,2.686124,5.63,0.012
107242,21.790225,-4.608647,6.85,0.07
107243,21.790362,60.692689,5.53,1.575
107250,21.792943,-37.952033,6.78,0.978
107254,21.793955,-5.916802,6.17,0.23
107255,21.794386,59.700375,7.31,0.278
107258,21.794697,-27.75094,7.33,1.22
107265,21.795598,-30.898304,5.02,0.042
107267,21.795789,-18.213019,7.4,0.233
107294,21.802333,36.580388,6.25,1.545
107299,21.803027,24.464176,7.14,1.47
107305,21.804166,65.170678,6.74,1.275
107306,21.804363,-47.303615,5.57,0.601
107310,21.805118,38.956126,7.22,0.686
107314,21.806531,32.796182,6.82,-0.01
107321,21.808154,38.648575,6.1,-0.072
107326,21.809648,-47.775628,6.79,0.341
107335,21.812255,-65.502849,7.03,0.359
107340,21.81305,22.427936,7.16,0.207
107347,21.815118,-56.274008,6.55,-0.077
107359,21.817194,-5.403747,6.66,1.027
107361,21.817869,49.677108,7.03,1.165
107367,21.81892,66.792032,6.49,0.391
107380,21.821948,61.27276,6.18,1.685
107383,21.822664,15.761168,6.84,0.906
107391,21.82413,20.462446,6.27,-0.097
107401,21.826455,33.311987,7.13,0.913
107404,21.826751,-82.433997,7.16,0.485
107406,21.827804,41.148787,6.48,0.381
107407,21.828061,-12.722865,6.31,0.223
107414,21.829289,-46.610981,6.98,1.215
107420,21.830748,30.174215,5.07,0.01
107421,21.830905,5.212995,7.33,1.05
107424,21.831638,-27.40393,7.12,0.046
107430,21.833369,-64.712537,5.62,1.018
107432,21.833872,-47.725133,6.54,1.007
107434,21.834023,52.697317,6.58,0.34
107436,21.834713,-38.614719,7.45,0.573
107438,21.834826,31.847904,7.3,0.9
107443,21.83562,19.423994,7.21,0.236
107445,21.835749,17.285851,5.34,0.394
107449,21.836361,43.888182,7.14,1.208
107453,21.836781,25.596117,7.26,0.476
107454,21.836939,-16.844914,6.38,1.42
107470,21.841884,32.657596,6.79,1.137
107472,21.842363,21.943086,7.24,1.103
107477,21.843182,-8.982556,6.54,1.281
107492,21.846448,-69.629416,5.52,1.378
107496,21.847443,-20.540858,7.47,0.51
107499,21.84824,-59.644851,7.47,1.117
107500,21.848413,-82.718904,5.27,0.756
107513,21.851383,39.536658,6.2,-0.068
107514,21.851566,-10.038031,7.49,0.801
107516,21.852141,-72.139441,7.26,1.405
107534,21.85683,-23.27062,6.85,0.487
107543,21.859368,0.770545,6.6,0.912
107544,21.859513,19.826682,5.78,-0.1
107550,21.860347,65.75271,6.37,0.281
107553,21.861155,19.306919,6.82,0.5
107558,21.861595,-18.62294,6.19,0.374
107570,21.863234,61.942911,7.44,0.09
107571,21.863413,64.899922,6.84,0.997
107576,21.864419,11.091262,6.66,0.29
107578,21.864929,-54.65222,7.07,0.123
107580,21.865385,48.43711,6.88,1.61
107585,21.866289,-55.77907,6.98,0.979
107586,21.866793,55.791968,6.56,0.007
107587,21.866954,55.796743,5.7,-0.081
107604,21.86936,-62.052364,7.22,0.51
107609,21.870272,79.551772,6.51,1.581
107612,21.871468,72.489893,7.14,0.062
107613,21.871717,21.273162,6.27,1.601
107618,21.872486,63.10125,7.38,0.12
107619,21.872569,-3.174656,6.62,-0.055
107620,21.872631,-41.412655,6.84,1.3
107621,21.872642,34.380478,7.42,0.997
107624,21.873594,60.32989,7.47,0.983
107628,21.874191,54.683017,6.83,1.026
107631,21.874913,-9.417926,7.2,0.445
107632,21.874978,28.793538,5.52,0.426
107634,21.875194,55.039849,7.33,0.117
107641,21.87643,62.712172,6.7,0.236
107650,21.879155,-3.992023,6.66,0.911
107652,21.879689,73.702272,6.64,0.108
107654,21.880015,38.835508,7.08,0.916
107659,21.880558,13.488836,7.34,1.075
107669,21.882886,15.932149,6.89,1.218
107675,21.883602,-10.562605,6.89,0.993
107679,21.88438,25.92514,5.09,-0.155
107681,21.884516,41.60332,7.5,0.156
107685,21.884831,68.498597,7.5,0.033
107686,21.885322,56.212557,6.86,0.986
107687,21.885609,68.107464,7.41,1.018
107688,21.885639,69.696564,7.34,0.208
107691,21.886649,71.989687,6.99,-0.013
107692,21.887417,-36.896631,6.96,1.058
107693,21.888268,-13.551768,5.08,0.378
107696,21.888838,53.99718,6.61,0.39
107699,21.889318,36.126628,7.24,1.539
107715,21.893343,-10.311619,6.57,-0.12
107717,21.893717,19.668437,5.69,0.011
107720,21.894163,20.398574,7.13,1.271
107730,21.896696,62.614427,7.01,0.259
107741,21.898527,28.341932,6.78,0.27
107742,21.898808,-37.364852,3.0,-0.084
107747,21.89938,6.864804,6.14,0.786
107759,21.902881,-4.27618,5.71,1.185
107763,21.903337,-5.352958,7.44,0.448
107776,21.904839,19.718121,6.36,0.938
107780,21.905296,-36.061585,6.74,1.401
107784,21.90612,12.751062,6.61,0.004
107786,21.906241,-85.033557,6.59,1.157
107790,21.907374,80.308559,6.43,1.453
107801,21.909951,-2.997087,7.34,-0.041
107802,21.909976,-3.301272,6.24,0.466
107804,21.910197,47.155314,7.47,0.352
107807,21.911679,48.198726,7.45,0.301
107808,21.911928,67.753801,6.96,0.331
107816,21.912635,-73.438484,7.43,0.696
107822,21.914766,56.611227,5.74,0.655
107824,21.915104,32.338739,7.09,1.57
107829,21.916306,34.773172,7.22,0.13
107831,21.916578,53.935603,6.92,0.486
107833,21.916745,-15.258089,7.07,1.257
107836,21.917148,62.009103,7.25,0.961
107852,21.919823,-61.886608,5.92,0.393
107856,21.920682,44.418585,7.49,1.066
107866,21.922388,61.54181,6.17,1.599
107869,21.922498,20.849008,6.68,1.042
107870,21.922568,36.14622,6.72,1.158
107878,21.924297,-70.115367,6.65,0.051
107883,21.925276,65.320809,5.84,-0.037
107889,21.926161,-70.068301,6.63,0.262
107890,21.926419,53.243225,6.68,1.24
107891,21.926436,34.977038,7.15,0.257
107893,21.927324,-21.13997,7.09,1.481
107894,21.927369,2.360797,7.06,0.237
107914,21.931583,63.261062,7.23,0.582
107915,21.932048,-46.927961,6.55,0.481
107916,21.932121,-30.60592,6.41,0.927
107920,21.933075,10.096964,7.05,0.99
107925,21.934288,-52.46376,6.5,0.925
107929,21.934829,-5.82923,7.46,0.978
107935,21.936666,33.365755,6.99,1.354
107938,21.937235,-57.899591,6.17,0.215
107949,21.939659,-37.253655,5.45,0.084
107951,21.939996,21.239858,6.39,1.698
107952,21.940157,-55.691283,7.49,1.369
107955,21.940548,-51.412774,7.09,1.098
107956,21.94092,59.795104,6.89,0.09
107971,21.943325,21.161236,6.87,1.054
107972,21.944207,63.625557,5.11,1.547
107982,21.946113,-17.897057,6.76,0.07
107984,21.946563,-46.479975,7.46,0.386
107991,21.948762,-35.35983,7.42,-0.01
107994,21.948992,12.076492,5.54,0.054
107995,21.949076,-61.846196,7.2,0.232
108000,21.950597,-37.746844,6.18,0.321
108001,21.950598,17.68198,7.15,1.52
108003,21.950619,-37.658786,7.13,1.338
108004,21.950618,48.668566,6.51,-0.074
108007,21.951249,-19.189897,7.5,0.931
108008,21.951363,46.592441,6.78,1.149
108009,21.951394,-76.211336,6.68,0.984
108019,21.953082,66.156153,6.41,-0.056
108027,21.954907,61.295309,7.0,0.043
108029,21.954974,50.489479,7.29,1.433
108030,21.955509,-37.763621,7.47,0.568
108032,21.956444,-79.720644,7.39,1.011
108033,21.95672,66.139082,6.55,1.614
108040,21.958109,29.310105,7.19,1.217
108044,21.958604,4.157711,7.06,0.519
108051,21.960399,11.947287,7.5,0.023
108056,21.960924,20.302374,7.28,0.011
108057,21.960932,-8.564316,6.8,-0.041
108063,21.961604,10.440447,7.3,0.513
108069,21.963179,-15.123333,7.38,0.101
108070,21.963205,19.878143,7.47,0.3
108075,21.964184,74.996714,6.32,1.56
108086,21.965293,-54.992575,4.4,0.297
108094,21.96707,5.940358,7.2,0.0
108101,21.968417,-56.705749,7.4,1.62
108103,21.968828,-3.489869,7.42,0.331
108105,21.969764,43.238787,7.43,-0.05
108108,21.970363,-5.424922,6.33,0.378
108109,21.970404,82.869485,6.92,0.517
108116,21.972305,82.87106,7.45,0.698
108123,21.973424,-12.664658,7.16,0.64
108126,21.974259,14.02219,6.53,1.378
108128,21.97456,3.776917,6.95,0.577
108131,21.974936,-13.252175,7.47,1.093
108133,21.975021,-59.01214,6.13,0.469
108134,21.975033,-41.720988,6.77,1.58
108139,21.976377,-44.062611,6.54,0.897
108145,21.978018,29.81263,6.95,0.501
108149,21.978831,-21.182945,6.06,1.621
108160,21.981532,62.697986,5.96,1.64
108161,21.98194,-4.373109,6.24,0.971
108168,21.983247,19.020302,6.5,1.013
108190,21.987518,73.179896,5.04,0.439
108195,21.988212,-22.871831,7.41,0.437
108197,21.98826,-23.833414,7.03,0.026
108198,21.988307,-38.395096,5.5,0.996
108209,21.989683,57.658524,6.58,0.022
108220,21.991854,-29.056571,7.07,1.042
108221,21.992148,10.576484,6.99,1.597
108225,21.9929,56.887936,7.41,0.259
108226,21.992986,-27.630495,7.23,0.38
108240,21.996615,-28.618875,7.4,0.477
108252,21.998762,-31.525736,7.06,-0.108
108258,22.000939,65.432772,6.93,1.886
108267,22.002202,6.717437,6.0,-0.112
108276,22.004748,34.629595,6.87,1.358
108282,22.006732,-55.883486,6.02,-0.061
108287,22.007417,33.005928,6.46,0.463
108294,22.008908,-42.45182,7.25,0.688
108300,22.010147,44.105148,7.38,1.366
108305,22.010907,62.487795,6.67,0.014
108315,22.012627,31.449993,7.26,0.347
108316,22.013951,-28.453736,5.43,-0.095
108336,22.016415,-36.556316,6.71,1.096
108346,22.01806,0.604715,5.6,1.279
108347,22.018075,-13.027493,7.35,0.443
108348,22.018152,13.119823,5.61,0.336
108350,22.018527,39.245946,7.11,-0.017
108354,22.019232,8.257164,5.65,1.44
108355,22.019844,26.830203,7.33,-0.037
108373,22.023094,61.973937,7.07,1.138
108378,22.024274,-33.835784,7.25,1.13
108387,22.025794,-15.612022,7.02,0.894
108391,22.026806,-53.09358,7.12,0.572
108399,22.02861,41.539147,6.99,1.213
108400,22.028722,26.377908,7.48,0.2
108413,22.030718,52.882253,5.79,-0.106
108414,22.031289,-77.662544,6.39,0.231
108422,22.033715,10.973806,6.36,-0.104
108427,22.034604,58.000366,5.55,0.017
108428,22.034651,-35.546175,7.37,1.419
108433,22.035255,-65.239546,7.36,1.088
108434,22.035371,-75.679082,6.67,1.439
108439,22.036625,-17.903474,6.28,1.002
108440,22.036981,-23.616638,7.48,1.059
108444,22.037777,36.982814,6.95,1.621
108449,22.039707,55.946148,7.3,0.232
108451,22.040595,34.378703,7.42,1.564
108452,22.040625,-16.964836,6.39,0.447
108459,22.041837,23.578415,7.47,0.073
108463,22.042491,-32.133748,6.63,0.504
108466,22.043686,33.379391,6.99,0.264
108468,22.044028,15.98649,6.71,-0.047
108471,22.04481,-27.367382,6.91,1.358
108473,22.045653,42.814509,7.22,-0.046
108480,22.04675,73.824896,7.36,1.166
108483,22.047097,66.064287,6.76,0.101
108496,22.048624,15.782458,7.26,0.396
108499,22.049074,44.649863,5.57,-0.029
108502,22.05026,-8.500024,7.35,1.27
108503,22.051044,-76.118427,5.94,0.399
108515,22.053089,41.406007,7.41,1.186
108516,22.053661,88.073062,7.45,0.108
108518,22.054017,30.203213,7.02,-0.042
108522,22.054572,-6.522406,5.55,0.959
108523,22.054656,-31.445182,7.09,1.396
108524,22.054746,-29.90455,7.14,0.33
108526,22.055486,-56.785977,4.69,1.056
108528,22.055234,-2.155363,4.74,-0.1
108529,22.055287,11.386552,5.83,-0.05
108533,22.055801,54.880062,7.08,-0.046
108539,22.056781,30.037419,7.48,-0.056
108540,22.056885,5.440668,7.31,1.631
108553,22.059474,-46.12762,7.5,1.373
108556,22.059821,-55.976961,6.88,0.564
108562,22.060859,-29.346559,7.39,-0.081
108568,22.062012,49.771664,7.32,1.129
108573,22.063135,64.627971,4.26,0.379
108578,22.064709,63.11992,5.26,1.557
108579,22.064961,59.814575,6.69,0.17
108582,22.066531,28.348401,7.31,1.338
108585,22.068329,-13.019626,7.49,0.139
108587,22.068533,44.345117,6.56,0.078
108592,22.070239,59.867165,6.96,0.034
108603,22.072906,13.648156,7.04,0.47
108604,22.07295,-38.876315,7.23,0.718
108606,22.073288,-29.91653,6.45,1.603
108612,22.074412,-14.446927,7.36,1.52
108614,22.074991,-25.883242,6.73,0.963
108617,22.075301,10.240313,6.93,0.936
108618,22.075415,-8.717347,7.26,0.335
108620,22.075774,25.658521,7.22,0.061
108623,22.076255,32.941744,6.36,1.121
108629,22.076879,-26.822359,5.97,-0.167
108630,22.077336,-64.728337,7.33,0.261
108632,22.077542,-28.435003,6.99,0.955
108645,22.079839,-0.906343,5.29,0.231
108656,22.082387,47.234579,6.92,1.052
108658,22.08299,22.636854,7.5,0.266
108659,22.083469,62.785671,5.27,1.413
108663,22.084295,14.815918,6.38,1.523
108669,22.085391,51.70029,7.28,0.14
108671,22.085775,62.279814,5.07,0.24
108677,22.086481,26.673689,5.75,1.249
108683,22.087186,63.578417,6.93,0.826
108684,22.087209,14.485906,7.45,1.26
108687,22.087919,46.744836,6.16,1.611
108706,22.092262,0.627578,6.99,0.999
108710,22.092964,28.963981,5.69,-0.048
108722,22.094653,5.05853,4.86,1.443
108728,22.096399,-0.319851,2.95,0.969
108733,22.097346,45.112504,6.5,-0.025
108735,22.097496,-59.636072,5.62,1.468
108736,22.097561,48.231494,6.26,-0.088
108750,22.099599,53.623334,6.98,0.983
108756,22.100543,45.014348,5.09,1.568
108762,22.101161,-43.966224,6.94,1.018
108765,22.101914,-39.543353,4.47,1.349
108768,22.102654,50.285759,7.36,1.62
108771,22.102938,10.093457,7.12,0.198
108775,22.103405,45.24869,6.19,0.078
108776,22.10366,-14.89601,7.12,0.445
108779,22.103766,56.343396,6.38,-0.091
108782,22.104035,-28.704437,7.44,1.29
108791,22.106832,25.151384,7.29,-0.073
108793,22.107286,-13.869679,4.29,-0.075
108798,22.109214,1.857134,7.24,0.537
108799,22.10932,5.194702,7.33,0.154
108801,22.109422,12.445292,7.22,0.285
108809,22.110801,2.43946,6.51,-0.062
108811,22.111076,51.805856,7.08,-0.09
108817,22.112031,72.228238,7.37,1.134
108829,22.116311,26.622786,7.24,1.085
108830,22.116847,25.345112,3.77,0.435
108835,22.117375,11.767668,6.83,1.64
108836,22.117593,34.521456,7.22,0.455
108840,22.118516,0.570281,7.44,0.564
108841,22.118684,30.317795,7.34,1.139
108844,22.119345,58.840718,6.34,0.877
108845,22.119662,72.372849,6.84,0.145
108851,22.12066,70.694168,7.1,0.144
108853,22.120864,-22.240668,6.83,0.883
108855,22.121697,-10.446872,6.87,1.62
108858,22.123691,-19.570285,7.47,1.033
108859,22.123774,53.307438,6.17,0.389
108863,22.124608,19.475526,5.74,0.331
108866,22.12499,18.000709,6.31,1.605
108868,22.125053,-68.023484,6.99,0.585
108872,22.125376,9.671008,7.06,-0.083
108874,22.126471,-14.49075,6.7,0.14
108877,22.127309,-20.759338,7.41,1.169
108880,22.127623,10.753608,7.1,0.888
108882,22.12771,-59.32015,7.15,0.953
108884,22.128972,-28.147604,7.16,0.351
108890,22.129563,-10.078583,7.47,1.09
108894,22.130641,21.702926,5.79,-0.077
108899,22.131453,-70.285707,6.67,0.544
108901,22.131503,44.206196,7.39,1.526
108915,22.135844,17.558617,7.13,0.061
108922,22.137209,-46.960975,1.73,-0.07
108926,22.137857,49.79699,6.41,1.579
108927,22.137906,72.768516,7.09,1.897
108930,22.138122,25.543522,6.08,0.311
108935,22.13855,24.156776,6.57,0.842
108936,22.138715,-34.556,6.98,1.486
108939,22.139722,-32.988468,4.5,0.054
108943,22.140537,-34.043841,4.99,1.499
108944,22.1406,-16.542979,7.3,0.874
108952,22.142817,-11.613542,7.33,1.125
108954,22.14426,-43.04131,7.03,1.194
108957,22.144675,45.742254,6.11,0.763
108958,22.144951,47.933534,6.86,-0.033
108960,22.145178,-33.125691,6.37,0.205
108964,22.145999,61.022418,7.32,0.079
108967,22.146064,-25.770328,7.11,0.175
108970,22.146508,-13.300463,6.91,0.469
108973,22.147333,22.138772,7.2,0.861
108976,22.147876,4.235906,7.39,0.546
108986,22.14972,-18.519592,5.8,-0.154
108988,22.149926,-36.056125,7.44,1.121
108992,22.15039,48.518807,7.15,0.804
108996,22.151455,44.854755,6.74,-0.03
109003,22.152558,2.734016,6.64,0.076
109006,22.153789,33.172337,5.58,0.985
109008,22.154221,44.84648,6.73,-0.036
109015,22.156245,35.129304,7.45,0.561
109019,22.15683,-70.904084,6.83,0.968
109022,22.157467,-8.18573,6.99,0.97
109029,22.158044,-23.659109,6.36,0.921
109033,22.158296,-7.548654,6.54,0.773
109041,22.16097,22.242197,7.47,0.997
109047,22.162359,64.122372,6.93,0.346
109051,22.162688,43.186537,7.14,1.463
109054,22.163441,72.341207,4.79,0.919
109058,22.165473,-34.014967,5.37,0.241
109062,22.166072,-48.107661,6.43,1.38
109064,22.166457,33.178224,4.28,0.471
109066,22.166708,-28.292435,6.44,0.147
109068,22.167285,23.12587,7.31,0.391
109069,22.167632,-83.358229,7.36,1.219
109072,22.168486,35.213878,6.98,0.168
109076,22.169093,-32.548407,4.94,0.489
109078,22.169522,56.083887,6.94,0.059
109081,22.169996,6.197865,3.52,0.086
109088,22.17092,72.111265,6.36,-0.053
109091,22.171383,32.288191,7.21,1.547
109093,22.171949,19.616339,6.18,0.688
109096,22.17253,-3.894086,6.28,-0.006
109100,22.172788,14.629858,6.36,1.08
109112,22.175051,20.977984,6.45,0.099
109114,22.175492,-10.820393,6.64,1.113
109120,22.176041,-4.266855,5.98,0.981
109121,22.176236,47.913779,7.47,0.529
109124,22.17697,-37.749784,7.08,0.451
109125,22.177065,11.624539,5.78,1.617
109126,22.177078,-11.564939,5.43,-0.117
109128,22.177462,70.132573,5.52,0.391
109129,22.177607,-68.329032,7.04,1.142
109131,22.178432,-75.881435,6.54,1.182
109133,22.178835,71.128249,7.49,0.631
109142,22.180439,-55.457133,7.22,0.663
109146,22.180908,58.201261,3.39,1.558
109147,22.181029,30.553001,6.3,0.227
109151,22.181923,57.941419,7.44,0.212
109157,22.183183,49.04768,7.31,1.688
109159,22.18321,63.39958,7.32,0.19
109163,22.183993,-21.23279,6.1,0.503
109165,22.184366,43.030681,6.76,1.109
109168,22.18467,48.677382,6.64,-0.046
109175,22.186012,43.527528,7.38,1.179
109176,22.186069,50.823393,5.38,0.152
109181,22.186642,36.25633,7.23,0.812
109185,22.187415,27.736637,7.26,0.141
109195,22.189348,39.71156,7.26,1.597
109204,22.190879,-43.842532,6.62,0.993
109205,22.190875,-27.152372,6.87,1.115
109206,22.191209,32.086076,7.36,0.342
109210,22.191828,59.414488,5.05,0.192
109215,22.193892,-34.465111,6.68,0.568
109224,22.195816,38.415836,7.22,1.673
109226,22.196848,56.839357,5.24,0.534
109231,22.197592,16.040551,5.93,0.951
109236,22.198525,6.896292,7.17,0.177
109238,22.198637,-76.116023,6.13,1.001
109239,22.199116,59.084579,6.29,1.123
109240,22.199316,50.196186,7.22,0.43
109244,22.2005,47.09563,6.7,-0.024
109246,22.20056,60.759095,5.37,1.184
109247,22.200624,-38.302824,6.9,0.387
109256,22.202248,24.950641,5.97,1.5
109267,22.204693,-11.065563,7.25,1.604
109268,22.204894,2.733714,7.15,0.357
109271,22.205888,55.09768,7.18,1.368
109274,22.206235,63.291035,5.76,1.645
109278,22.207155,-14.193957,6.04,0.386
109281,22.20739,23.758904,7.46,1.349
109283,22.208044,76.461883,6.93,1.499
109285,22.208299,-40.203165,6.59,0.955
109291,22.20994,-8.01398,7.12,0.403
109294,22.210259,-27.085018,7.41,0.994
109300,22.212094,-6.468921,7.44,0.535
109301,22.212186,-4.720679,6.39,0.498
109308,22.213284,34.604592,5.34,1.134
109313,22.214649,73.307193,6.11,1.006
109316,22.21497,68.983299,7.41,0.002
109320,22.215604,-55.945001,7.2,1.511
109321,22.215968,-26.327793,6.19,0.169
109331,22.217567,33.603351,7.39,0.559
109345,22.219417,59.299404,7.21,0.201
109346,22.219449,18.279812,6.5,1.374
109347,22.219501,86.107955,5.27,-0.03
109349,22.219642,86.221362,6.59,1.186
109350,22.219858,25.940573,6.59,1.025
109354,22.220418,27.318745,7.24,0.48
109359,22.221811,49.374544,7.35,1.274
109367,22.223297,53.154101,7.26,0.218
109371,22.223708,-1.653873,7.07,1.407
109374,22.223994,-11.926124,6.93,0.762
109381,22.227184,49.47127,7.09,0.521
109384,22.227415,28.608017,5.87,1.169
109388,22.22865,-68.126382,6.84,1.384
109391,22.229008,-25.180905,5.58,0.497
109399,22.230339,45.440613,5.53,0.021
109400,22.230475,63.162337,6.13,-0.089
109404,22.23097,-4.451332,7.09,1.506
109408,22.231312,39.714927,4.5,1.385
109429,22.235182,-21.411336,7.41,0.029
109440,22.238342,-21.074566,5.33,0.812
109442,22.238445,17.189344,6.5,1.288
109443,22.238542,-27.766908,5.45,-0.121
109448,22.239025,-19.248942,7.1,0.473
109464,22.241438,7.97615,6.65,-0.039
109469,22.242953,29.572361,7.1,0.571
109474,22.243665,-15.101714,7.23,0.436
109475,22.244039,-41.381666,6.23,0.648
109476,22.24395,-15.818532,6.55,0.89
109485,22.245656,42.95391,5.72,0.014
109491,22.246367,4.282482,6.97,0.987
109492,22.246434,-24.004703,6.89,0.376
109496,22.246671,24.314956,7.0,0.48
109497,22.246825,22.52342,6.62,0.919
109511,22.250544,57.043587,4.18,0.278
109516,22.250976,43.773335,6.82,1.084
109521,22.251393,59.114395,7.16,0.076
109534,22.254729,-70.653013,6.88,1.052
109548,22.258165,55.818563,7.46,-0.053
109550,22.258469,-43.634674,7.01,1.036
109555,22.259732,-44.451499,6.1,0.988
109562,22.260253,-41.3467,4.79,0.79
109564,22.260731,4.271368,7.36,0.338
109573,22.2635,43.900757,7.48,0.06
109580,22.265013,54.67289,7.5,0.81
109591,22.26616,37.748737,4.14,1.447
109593,22.266619,8.549574,6.21,0.019
109596,22.266846,11.759945,7.3,-0.049
109598,22.266927,45.089126,7.13,0.232
109606,22.268676,-23.009376,7.43,0.244
109609,22.26894,-57.568072,7.18,1.473
109615,22.271498,33.732208,7.38,0.539
109618,22.271866,62.316038,7.08,0.171
109626,22.274039,57.220238,5.88,0.95
109627,22.274045,-41.627225,5.11,0.93
109630,22.274712,-63.338255,7.33,0.495
109631,22.274902,27.80403,6.38,0.982
109635,22.275637,63.712429,7.24,1.091
109638,22.276015,-1.596389,6.16,0.194
109644,22.277073,-25.898162,6.14,1.11
109645,22.277821,12.920271,7.47,0.99
109646,22.277856,22.896081,6.92,0.159
109647,22.278056,29.17325,6.67,0.947
109652,22.279282,-11.64908,7.25,1.009
109654,22.280012,-12.831436,5.34,1.132
109657,22.280565,-7.78329,4.17,0.979
109663,22.281268,-9.040067,5.8,1.158
109666,22.281956,-20.025484,7.35,0.161
109668,22.282297,-14.656977,7.16,0.476
109672,22.283287,-23.140247,6.17,1.051
109675,22.283622,56.176592,7.15,0.113
109677,22.285139,-5.387164,5.75,0.878
109685,22.286117,-34.76084,6.83,1.241
109688,22.286715,66.128925,7.07,0.12
109689,22.287537,12.89849,7.04,0.606
109690,22.28743,-54.321322,7.36,0.312
109692,22.287916,15.046734,7.07,0.986
109693,22.288195,-27.38993,7.05,1.164
109703,22.290264,26.386868,7.13,1.102
109708,22.290886,-15.979763,7.07,1.002
109710,22.2912,49.126957,6.46,1.046
109712,22.291602,5.144183,7.34,1.73
109716,22.29228,70.058928,7.37,1.06
109727,22.29647,26.936524,6.63,1.604
109730,22.297203,39.025989,7.4,1.22
109733,22.297409,-77.511553,5.49,0.312
109742,22.300581,-62.811334,6.98,0.463
109743,22.301134,13.950325,6.83,0.986
109745,22.301187,-0.237656,6.39,0.441
109757,22.303505,62.804388,5.75,1.256
109763,22.304289,-53.627073,5.36,0.614
109770,22.305668,76.488027,6.62,0.012
109780,22.308021,-23.331145,7.3,0.478
109782,22.308225,-1.122951,7.41,1.027
109784,22.308371,-60.259587,2.87,1.39
109789,22.309489,-20.740014,7.16,1.491
109796,22.310463,52.65604,7.29,1.136
109812,22.313067,19.96214,6.86,1.264
109815,22.313784,-68.313096,7.26,0.65
109820,22.314578,16.257957,6.89,0.132
109825,22.315611,37.769286,6.19,0.27
109833,22.316872,-13.304995,5.96,1.075
109835,22.317289,68.432397,7.45,1.081
109836,22.31729,46.005087,7.39,1.12
109838,22.318664,28.847621,7.17,0.556
109839,22.318712,27.68185,7.49,0.278
109845,22.320378,33.506715,7.11,0.983
109848,22.32176,34.53777,7.05,1.14
109852,22.32218,-28.208581,6.85,1.545
109858,22.323252,15.545768,6.91,1.66
109861,22.323818,60.147782,6.87,0.866
109868,22.32544,64.788501,7.38,0.33
109873,22.326225,-16.704357,7.28,0.526
109901,22.331658,25.723977,7.29,1.59
109912,22.333754,-80.439747,5.09,1.276
109920,22.335069,56.918014,6.55,-0.057
109927,22.336643,-7.821102,5.35,-0.048
109940,22.339227,11.039075,7.49,1.304
109941,22.339641,51.861002,7.24,0.046
109952,22.340994,5.789498,5.37,-0.037
109954,22.341162,37.298034,6.9,1.272
109959,22.341998,35.114734,7.48,0.358
109963,22.342989,54.841824,7.41,0.497
109965,22.343406,-57.509783,6.41,1.404
109968,22.344103,58.409904,6.46,0.99
109970,22.344311,50.980814,6.4,1.195
109977,22.345094,14.032295,6.55,0.934
109979,22.3457,-34.516573,6.92,1.16
109992,22.347598,-8.765534,7.2,1.244
109993,22.347628,46.062244,7.43,0.474
109995,22.348833,8.186742,6.18,0.451
109998,22.349345,66.965157,7.28,0.29
110000,22.350016,26.935162,6.46,1.526
110005,22.350428,46.536569,4.55,-0.1
110009,22.351065,-62.548297,6.61,0.533
110017,22.353093,17.969559,7.36,0.372
110018,22.353382,-74.967577,7.3,1.645
110025,22.355372,28.330529,4.78,-0.01
110031,22.356555,7.185346,7.08,1.097
110032,22.356639,-6.243127,7.49,0.205
110037,22.35799,14.370167,6.94,0.242
110040,22.358632,12.205186,4.82,-0.132
110045,22.35988,-21.59823,5.12,1.057
110049,22.360938,-1.387331,3.86,-0.057
110059,22.362553,66.706267,6.62,0.667
110062,22.36413,42.078156,6.38,-0.086
110064,22.364379,63.139984,6.95,0.082
110066,22.364676,40.666422,6.54,1.3
110073,22.366001,-34.520202,7.43,0.437
110086,22.367786,-53.864071,7.23,0.934
110087,22.367939,-34.488908,7.45,0.336
110089,22.368115,15.651469,6.68,-0.019
110119,22.376194,6.473289,7.28,0.232
110124,22.376786,-56.152446,7.5,0.318
110126,22.377133,81.939144,7.09,0.427
110132,22.378944,-45.947944,6.42,2.231
110139,22.380006,85.061718,7.15,0.973
110141,22.380634,36.659047,6.45,1.052
110151,22.383383,57.284612,6.18,-0.112
110153,22.383475,62.419357,6.04,0.035
110158,22.385283,55.96323,6.44,2.215
110160,22.385535,-45.928488,5.62,0.372
110172,22.389009,-14.951296,7.02,0.462
110174,22.39018,-46.668589,6.93,0.057
110176,22.391003,0.608616,6.94,0.184
110177,22.391098,17.655975,7.33,1.293
110183,22.391901,-24.762661,5.53,0.979
110186,22.392264,-7.194421,5.92,0.998
110190,22.392493,-2.301586,7.36,0.46
110192,22.392675,52.229046,4.42,1.015
110193,22.392788,45.349996,7.07,0.878
110197,22.393664,51.195687,7.4,0.175
110202,22.39432,20.84823,6.2,0.518
110204,22.394912,78.243317,6.77,-0.037
110215,22.397275,58.534476,7.08,0.326
110220,22.398392,38.573612,6.18,0.485
110223,22.398998,31.261753,6.96,1.523
110227,22.400137,15.281474,6.79,-0.075
110232,22.401912,-4.83702,5.79,-0.033
110234,22.4021,-10.197732,7.15,1.379
110236,22.402893,-2.061934,7.35,0.21
110244,22.404529,-21.597129,7.0,1.62
110253,22.406166,-48.859801,7.34,1.065
110254,22.406928,16.262948,6.94,0.402
110256,22.407517,-13.529369,5.76,0.97
110257,22.407611,35.433133,7.3,1.57
110263,22.408609,49.476392,4.55,0.092
110264,22.409131,71.046812,7.43,0.141
110271,22.409764,-72.255412,5.28,0.66
110273,22.409963,-1.186675,6.74,1.005
110278,22.41044,-39.127064,6.85,0.143
110283,22.410887,-41.440341,6.64,0.471
110284,22.411053,-65.621435,7.35,-0.036
110290,22.412061,9.810165,7.03,1.622
110295,22.412914,-26.859919,7.04,1.519
110299,22.414254,8.73662,7.28,0.947
110303,22.415638,-57.797415,5.31,0.665
110310,22.417419,32.791206,7.06,0.196
110311,22.417427,26.61106,7.39,0.226
110315,22.417599,51.255878,6.52,1.681
110320,22.419088,77.432349,7.3,0.231
110322,22.419573,-70.431622,5.78,0.396
110326,22.421284,1.377401,4.8,-0.171
110336,22.42337,50.401517,7.34,0.02
110350,22.427972,18.444316,6.26,1.201
110358,22.429521,53.816623,7.14,1.099
110360,22.429693,63.328325,6.86,1.518
110361,22.430013,-20.237005,6.73,0.664
110366,22.43085,-75.015689,6.12,0.599
110368,22.431302,53.944624,7.29,0.432
110374,22.432399,-45.11329,7.38,0.824
110378,22.433383,80.701595,6.68,1.105
110379,22.433554,70.770898,5.47,1.216
110387,22.434522,25.92764,7.05,0.06
110393,22.435226,-5.177895,7.29,0.292
110394,22.435261,28.518004,7.12,1.037
110399,22.43628,-28.012548,7.35,1.371
110400,22.436306,-23.682447,6.29,-0.021
110403,22.436978,69.043595,7.11,0.278
110407,22.437345,-2.78898,6.94,0.461
110414,22.438776,7.903468,7.48,0.418
110432,22.442853,-16.742138,5.55,0.618
110434,22.442971,-7.377546,6.85,0.32
110439,22.443718,4.393766,5.76,0.519
110440,22.444907,-11.228199,6.98,0.269
110441,22.445122,78.785853,5.83,0.171
110444,22.445988,37.443706,6.46,-0.132
110462,22.449769,56.433563,6.59,-0.092
110463,22.450251,30.956877,7.39,1.363
110464,22.450359,45.789462,7.43,0.164
110471,22.451475,65.13227,5.52,0.302
110475,22.451872,-1.309151,6.77,0.652
110482,22.453026,61.912209,6.61,1.032
110492,22.455531,-64.966354,4.51,-0.029
110495,22.455713,63.956307,7.31,0.159
110496,22.455889,-58.000624,6.87,0.2
110497,22.456828,-49.36595,7.48,0.73
110503,22.457361,39.810026,6.16,-0.136
110515,22.460912,-26.418809,7.2,0.222
110525,22.462108,51.492843,7.36,0.13
110527,22.462847,31.840045,6.0,1.442
110536,22.464312,4.695664,4.78,1.039
110550,22.467642,44.120577,6.56,1.653
110554,22.468711,12.248717,7.1,0.894
110561,22.469758,27.018806,6.48,0.986
110563,22.469874,17.2633,7.45,0.887
110566,22.47035,-39.089191,7.47,1.5
110567,22.470533,24.792608,6.78,-0.033
110573,22.472078,64.085155,6.3,1.113
110586,22.475021,-51.788049,7.2,1.625
110589,22.477091,-67.489059,5.56,0.208
110591,22.477557,-39.131792,5.47,0.959
110594,22.478116,61.455543,7.43,0.922
110612,22.480312,-22.070377,7.36,0.408
110614,22.480531,-0.019972,3.65,0.406
110619,22.482148,-60.054024,6.88,0.954
110638,22.485497,29.029183,7.16,1.158
110639,22.485551,9.129034,5.6,1.578
110641,22.4859,58.4041,6.31,-0.033
110644,22.486174,26.763198,5.79,1.252
110645,22.486183,58.415198,4.07,0.778
110650,22.487825,-43.495565,3.97,1.022
110659,22.489539,54.245916,6.78,-0.048
110668,22.490514,-28.65956,7.19,1.155
110671,22.491772,70.435758,7.28,0.208
110675,22.492173,47.706887,4.34,1.679
110686,22.49373,32.828882,7.49,1.54
110694,22.495566,35.725631,6.56,0.057
110696,22.495955,-43.749224,4.12,1.57
110698,22.496114,-27.107284,5.95,0.362
110703,22.497476,-78.213191,6.8,1.495
110705,22.497723,-46.074798,7.47,0.918
110709,22.498047,78.824285,5.45,0.093
110711,22.498187,52.416608,6.51,0.996
110715,22.499427,4.43169,5.51,0.385
110717,22.500094,70.171461,7.15,-0.046
110719,22.500411,-12.915116,6.41,0.356
110721,22.500503,32.572638,5.64,-0.031
110725,22.501809,49.356412,6.41,1.166
110728,22.50233,31.215791,6.59,0.063
110732,22.502755,0.138305,7.32,-0.014
110734,22.503574,40.965499,7.41,0.446
110738,22.504372,-42.291069,6.94,-0.046
110739,22.504819,-14.585734,6.36,-0.047
110742,22.505196,57.225446,6.62,0.715
110753,22.507428,-16.346695,7.24,1.107
110757,22.508128,43.123376,4.52,-0.086
110765,22.509065,61.62377,6.98,0.022
110766,22.509112,-8.114631,7.37,0.349
110776,22.510782,-10.67795,4.82,-0.053
110777,22.511238,4.331738,7.29,0.998
110780,22.511919,-44.093673,6.95,0.065
110791,22.514936,-26.073752,6.43,1.083
110796,22.51678,-49.43327,6.81,0.603
110822,22.521515,50.282491,3.76,0.031
110823,22.521753,-6.555151,6.15,0.565
110824,22.521783,-2.911276,6.15,1.083
110826,22.521955,63.817631,7.18,1.17
110840,22.524617,-50.93773,7.03,0.859
110841,22.52509,-32.346073,4.29,0.011
110844,22.526209,29.542758,6.33,0.209
110849,22.527168,-85.967253,5.76,1.02
110853,22.528144,-10.905561,6.39,0.29
110859,22.529234,-35.290448,6.6,0.948
110864,22.529946,-46.579697,7.24,0.465
110872,22.532892,-43.547946,7.4,1.542
110883,22.535816,-69.107873,7.04,0.46
110890,22.536527,-43.263065,6.91,0.964
110895,22.537851,76.226441,5.7,0.02
110900,22.538529,54.037032,6.41,1.043
110906,22.539391,2.586101,7.07,1.499
110911,22.54066,39.779733,5.88,0.166
110916,22.54096,19.623619,7.1,1.505
110926,22.542794,-6.467176,6.94,0.668
110930,22.543187,20.230019,6.43,0.35
110934,22.544288,13.044536,6.56,0.344
110939,22.544815,1.103916,7.37,1.109
110946,22.546162,3.005053,7.3,1.36
110947,22.546363,15.863263,6.35,1.19
110953,22.547601,74.073339,6.96,1.419
110958,22.549397,35.437828,7.49,0.292
110961,22.55001,-61.982122,4.91,1.612
110965,22.55077,69.913545,6.01,0.334
110973,22.553118,-60.432933,7.0,1.056
110976,22.554662,70.373714,6.26,0.018
110977,22.554758,-35.138708,7.08,1.494
110997,22.557332,55.928431,7.41,1.351
110999,22.558446,-63.471858,7.42,1.008
111001,22.559315,-29.66492,7.5,0.363
111006,22.559615,40.819024,6.54,1.238
111011,22.56044,46.565268,7.38,-0.03
111013,22.561281,56.624737,5.72,0.966
111030,22.56476,61.778128,6.55,0.175
111033,22.565197,-44.690411,6.78,0.918
111045,22.567476,-1.57427,5.88,0.977
111048,22.568118,-32.142125,6.68,-0.071
111049,22.568504,-9.608494,6.54,1.195
111062,22.571849,-54.297922,7.4,0.226
111076,22.574184,-34.675268,6.84,1.054
111080,22.575052,40.774898,7.02,-0.119
111086,22.57569,58.162944,7.25,1.649
111091,22.57665,0.595177,6.72,1.534
111093,22.576817,26.59821,6.88,1.478
111099,22.57823,-20.708216,5.21,0.446
111105,22.57984,29.957391,7.15,1.293
111119,22.583434,60.826331,7.08,0.403
111121,22.583988,30.803043,7.38,1.34
111130,22.586695,14.610533,7.48,1.218
111136,22.587684,45.153404,6.99,1.375
111147,22.589272,-0.117498,4.04,-0.083
111154,22.590665,-78.771585,6.15,1.368
111156,22.59098,39.585785,7.22,0.29
111162,22.592531,-51.603963,6.77,1.07
111165,22.593437,-23.991094,5.97,0.984
111171,22.594512,70.242891,7.27,1.016
111177,22.595116,32.789086,7.45,0.09
111182,22.596077,73.643188,5.08,0.395
111184,22.596465,19.716594,7.07,0.946
111189,22.59689,-17.460424,6.39,1.42
111191,22.597137,20.274326,6.61,1.11
111193,22.597774,56.070574,6.37,0.107
111195,22.597804,39.628146,6.6,-0.148
111196,22.597857,39.634331,5.73,-0.16
111198,22.598024,-57.883752,6.22,0.212
111200,22.598161,50.070788,6.29,-0.071
111213,22.601788,-16.387988,6.84,-0.145
111214,22.601854,-70.963828,7.14,1.308
111217,22.602195,35.577504,6.11,0.997
111227,22.604737,-7.664362,7.03,0.409
111236,22.60601,27.121772,7.41,0.34
111237,22.606045,-72.712947,6.72,1.145
111239,22.606202,37.842227,6.84,-0.131
111243,22.607831,6.512207,7.13,1.177
111244,22.608139,-40.582689,6.28,0.119
111250,22.609846,-31.663789,5.82,1.074
111251,22.610092,11.696636,6.42,0.027
111257,22.610623,27.784208,7.17,1.01
111259,22.610826,-48.306049,6.65,1.552
111260,22.610903,-31.641711,7.46,1.255
111264,22.611623,13.15579,7.06,1.57
111265,22.611826,-43.470973,6.75,0.529
111271,22.612995,-21.08959,7.43,0.114
111274,22.613217,54.423364,7.44,-0.061
111276,22.613523,35.652419,6.28,1.392
111292,22.616346,-40.591034,5.85,0.06
111293,22.616521,-87.32035,7.47,1.247
111296,22.616925,-7.566531,7.48,0.294
111298,22.618013,12.576816,6.3,1.431
111301,22.61843,-11.73106,7.25,1.278
111308,22.620167,23.47343,7.15,0.331
111310,22.620247,75.371811,5.8,1.594
111313,22.620823,42.810344,6.87,1.452
111319,22.621982,69.208629,7.3,0.359
111323,22.622899,51.545123,4.64,0.254
111338,22.625468,-65.565852,7.34,1.165
111343,22.625931,24.001326,7.02,0.181
111350,22.627478,63.769336,6.66,1.154
111359,22.629273,-4.228056,5.04,1.14
111367,22.629927,-39.857114,6.54,0.539
111377,22.632156,29.923767,7.29,1.23
111392,22.63583,41.12084,7.47,-0.05
111396,22.636346,66.14407,7.38,0.076
111397,22.636571,45.827802,7.06,0.582
111402,22.638167,45.182935,6.38,0.771
111410,22.639484,-7.897563,6.23,0.783
111418,22.640817,9.258429,7.47,1.426
111437,22.642704,44.669024,7.18,0.043
111438,22.642965,-14.067016,7.49,0.296
111443,22.64386,56.795632,5.11,1.537
111445,22.644182,63.584472,5.19,0.083
111449,22.645743,-28.748214,6.46,1.034
111453,22.646505,44.313899,6.82,0.581
111455,22.647237,4.530199,6.82,0.2
111457,22.647629,-33.081347,5.66,0.037
111458,22.647942,19.522263,5.84,0.922
111463,22.648777,-38.477344,6.58,1.423
111467,22.649036,-39.154925,6.95,1.038
111476,22.651273,37.375418,6.83,-0.118
111477,22.651484,58.927485,7.02,0.363
111481,22.652334,-52.691971,6.67,0.357
111489,22.654355,39.050269,4.89,-0.207
111491,22.654452,-10.027799,6.93,0.619
111500,22.656898,81.392078,6.82,0.757
111510,22.658453,-68.060401,6.9,1.086
111511,22.6587,37.353618,6.65,0.95
111513,22.659167,38.748458,6.96,0.284
111515,22.659488,51.15564,6.79,0.44
111516,22.659536,37.592817,6.03,0.854
111526,22.662271,-28.325661,6.3,1.006
111529,22.66291,-28.348148,7.11,0.464
111531,22.663059,19.681125,6.33,0.035
111540,22.66548,22.87696,7.48,1.036
111544,22.666152,-35.174752,7.07,1.33
111545,22.666502,-83.251731,6.68,0.319
111550,22.667417,-19.197928,7.28,0.488
111552,22.667974,41.314255,7.49,0.983
111554,22.668266,40.670145,6.78,1.696
111556,22.668655,-49.598266,7.37,1.038
111557,22.668883,-9.359238,6.89,0.513
111562,22.670125,-6.534472,7.17,0.719
111571,22.671577,51.547792,7.38,0.271
111572,22.671779,53.845927,5.94,0.946
111580,22.672866,-30.658871,5.88,1.297
111585,22.674227,4.575018,6.81,1.05
111590,22.675187,20.041487,7.37,0.415
111591,22.675233,44.276305,4.5,1.318
111601,22.677594,-27.043617,4.18,-0.105
111612,22.679987,-3.554239,6.32,0.52
111613,22.680005,-67.688564,7.26,-0.006
111614,22.680247,-57.422322,5.98,1.45
111621,22.681299,14.549161,5.72,0.723
111624,22.681812,66.52343,7.46,0.635
111625,22.681982,-31.99006,7.41,0.789
111634,22.683348,25.21021,7.23,0.272
111635,22.6841,51.758481,6.77,1.517
111637,22.684403,36.263504,6.64,1.653
111639,22.684532,-23.521274,7.1,0.567
111647,22.686023,45.008691,7.18,0.323
111652,22.687629,-57.028236,7.24,1.657
111662,22.689642,-25.350281,7.36,0.448
111668,22.690457,-12.229936,6.78,1.367
111670,22.690481,23.846577,7.39,-0.136
111676,22.691033,10.831364,3.41,-0.086
111678,22.691292,40.225449,5.25,-0.137
111679,22.692029,30.965861,6.36,1.579
111683,22.692575,77.615219,7.32,0.213
111688,22.69334,41.549123,5.93,0.998
111698,22.695947,29.307641,4.8,-0.013
111704,22.697115,22.389359,7.45,0.049
111713,22.699293,14.516393,5.92,1.114
111721,22.700734,22.100111,7.13,1.057
111724,22.701674,-5.101968,6.28,1.569
111725,22.701835,-3.473427,7.18,0.042
111744,22.705781,53.908748,6.14,1.634
111745,22.705884,5.173716,7.37,0.219
111748,22.706135,-29.361046,6.12,1.522
111757,22.708955,-12.559711,7.44,-0.042
111763,22.710245,-47.210813,5.99,0.584
111768,22.711115,-46.884577,2.07,1.61
111771,22.711825,0.071007,7.19,0.376
111773,22.711965,-44.248036,6.06,0.956
111777,22.713664,0.231837,6.97,0.313
111780,22.714419,54.757405,7.37,1.442
111784,22.714722,4.96879,6.78,1.583
111786,22.715049,37.447307,7.27,0.169
111790,22.715402,37.802735,6.43,-0.119
111798,22.716102,27.988627,7.33,-0.06
111799,22.716136,1.217344,6.93,0.248
111804,22.716704,30.221245,2.93,0.852
111807,22.717004,-10.102686,7.04,0.979
111808,22.717136,-21.657501,7.14,0.911
111814,22.717615,-8.311441,6.45,0.166
111815,22.717866,47.168755,6.39,0.45
111816,22.717882,65.336254,6.76,-0.025
111825,22.720629,-6.962937,6.4,-0.039
111829,22.720958,56.408333,6.91,0.314
111842,22.723794,62.671395,6.74,0.923
111849,22.724993,-41.414347,4.84,1.027
111857,22.726454,-18.830375,4.68,1.358
111858,22.72647,32.822057,7.27,1.628
111863,22.727472,44.530516,7.22,1.178
111867,22.72822,47.411782,6.78,1.322
111868,22.728526,10.93937,6.51,0.502
111875,22.730755,3.88684,7.41,0.515
111877,22.730755,78.518257,7.32,-0.004
111887,22.734782,39.465348,5.93,1.49
111888,22.734856,41.819235,5.11,0.96
111891,22.734941,64.57067,7.5,0.719
111892,22.735097,80.43711,7.02,0.962
111894,22.735531,61.511828,7.47,1.673
111905,22.73791,-60.499618,6.29,0.568
111907,22.738145,49.412084,7.05,1.704
111909,22.73874,51.449598,7.5,0.593
111913,22.739258,-14.676083,7.09,1.572
111921,22.741492,14.290565,7.36,1.125
111923,22.741661,53.75642,7.49,1.256
111927,22.742756,-63.953908,6.93,0.107
111932,22.74368,-62.548367,6.78,1.133
111946,22.746978,52.517208,6.43,1.541
111947,22.746997,-40.768099,7.05,1.065
111948,22.747219,-56.827033,7.09,1.233
111949,22.747351,24.378524,7.25,0.908
111951,22.748049,39.201027,6.47,1.498
111968,22.751018,58.14705,6.45,0.43
111990,22.755777,-9.644538,7.43,0.2
111994,22.756342,1.752572,7.45,0.924
111995,22.7568,44.75243,7.0,-0.026
111999,22.757777,-15.583396,7.01,1.513
112000,22.757827,19.366561,6.27,1.057
112003,22.758224,-88.818294,6.55,0.292
112006,22.759002,-25.236927,6.52,0.181
112012,22.759581,30.442557,6.37,0.933
112013,22.760022,52.89031,6.99,1.104
112017,22.760441,74.554092,7.46,1.667
112018,22.760519,-53.500121,4.84,1.18
112025,22.761331,-46.547328,5.52,1.302
112039,22.764995,11.200349,7.2,0.843
112050,22.767692,-81.381615,4.13,0.208
112052,22.767979,-55.0636,6.62,1.189
112055,22.768467,52.104785,7.45,0.267
112058,22.768881,-48.978822,6.63,0.636
112061,22.769497,44.546054,5.84,0.358
112064,22.770617,-11.166306,6.67,1.664
112072,22.772517,46.215082,6.55,1.51
112073,22.773133,-75.422162,7.31,0.098
112076,22.774518,-49.68579,6.49,1.162
112077,22.774618,7.582932,6.91,0.458
112078,22.774886,54.872091,6.85,0.068
112084,22.775521,23.565654,3.97,1.07
112090,22.778216,12.172888,4.2,0.502
112091,22.778211,-51.050202,7.5,1.537
112092,22.778796,-46.939446,6.56,0.314
112113,22.781778,-33.182475,6.81,0.972
112124,22.78403,17.233051,7.34,-0.131
112132,22.785864,-41.691846,6.84,1.274
112141,22.78858,53.381806,6.85,0.166
112142,22.788658,-34.161722,6.28,1.145
112145,22.789094,-16.146363,7.35,0.684
112146,22.789355,14.12312,6.95,1.257
112149,22.789787,58.483031,6.33,0.017
112153,22.790326,-17.550756,6.8,0.5
112156,22.790763,-44.965163,7.22,0.598
112158,22.791177,-34.825971,7.26,1.068
112159,22.791364,7.708695,7.4,0.299
112160,22.791378,83.15383,4.77,1.257
112161,22.791599,-1.788783,7.44,1.153
112166,22.792315,-69.474503,6.86,0.308
112170,22.792535,-19.613375,5.24,0.941
112174,22.793247,-65.560252,6.49,1.208
112183,22.795213,-14.056428,5.68,-0.016
112189,22.795562,30.129726,7.25,0.231
112195,22.796433,-38.222103,6.72,0.48
112200,22.797273,-4.229033,6.67,0.654
112203,22.79804,65.062166,6.87,0.242
112206,22.798529,51.97942,7.14,0.255
112208,22.798943,-25.912028,6.31,0.913
112210,22.799278,-58.684758,7.11,1.552
112216,22.801122,-51.51267,7.03,0.981
112222,22.801915,-37.756661,7.49,0.589
112226,22.80223,49.582705,6.81,1.559
112231,22.803067,37.416688,5.82,1.024
112233,22.803612,84.775997,7.09,1.079
112244,22.805927,-61.684364,6.36,1.059
112245,22.806255,-8.112302,7.36,1.476
112251,22.80761,31.10068,7.43,0.071
112252,22.807828,-27.564357,6.83,0.918
112255,22.808391,-10.555478,6.19,0.274
112256,22.808402,-43.446426,7.06,0.96
112260,22.80898,-70.933409,7.18,1.675
112263,22.809239,-51.316864,3.49,0.083
112276,22.812291,62.93841,6.07,1.194
112282,22.813303,54.414892,6.14,-0.083
112296,22.815354,-63.718404,6.51,-0.047
112299,22.815595,4.29278,7.24,0.478
112309,22.816875,68.570228,6.19,0.44
112334,22.821435,-23.092547,6.93,1.316
112337,22.821516,-70.347982,6.35,0.071
112338,22.821548,50.976707,6.75,0.552
112355,22.825594,10.478616,6.55,0.289
112357,22.826528,-13.592632,4.05,1.57
112358,22.826725,66.553866,7.0,0.038
112361,22.827434,42.630995,7.34,0.15
112362,22.827746,80.367726,7.0,1.032
112363,22.828041,-77.051054,6.73,0.109
112364,22.82802,66.200408,3.5,1.053
112365,22.828045,-58.929323,7.41,1.548
112367,22.828175,40.515226,7.4,0.594
112372,22.829521,55.902777,5.43,1.167
112382,22.832224,-20.285097,7.46,0.162
112387,22.833118,-32.805457,6.34,0.317
112389,22.833385,24.601579,3.51,0.933
112391,22.833598,-55.23412,7.06,1.533
112402,22.836137,50.676917,6.23,1.129
112419,22.839381,41.953394,5.91,0.062
112421,22.839655,-80.123845,5.32,-0.126
112432,22.841186,-59.525525,7.47,0.323
112443,22.843986,4.068206,7.12,1.097
112444,22.844204,19.141196,6.52,1.104
112448,22.845124,-0.57779,7.47,0.206
112453,22.846192,52.061437,7.22,0.59
112454,22.846195,-7.311924,7.01,1.192
112458,22.846663,66.737858,7.09,1.395
112462,22.847819,18.002107,7.46,0.647
112474,22.850599,-39.156834,5.43,1.444
112475,22.850818,85.373739,5.89,1.34
112477,22.851078,52.268279,7.43,0.264
112479,22.851576,34.383692,7.36,0.428
112480,22.851703,43.238018,7.45,0.946
112489,22.853241,-59.097362,7.32,0.313
112491,22.853699,48.733241,6.88,-0.076
112500,22.855657,-41.581963,7.45,1.598
112502,22.855817,-29.536309,5.99,0.907
112504,22.856268,61.69674,5.61,0.775
112512,22.857405,26.391018,6.94,0.227
112516,22.858183,62.972181,6.65,0.759
112521,22.85936,85.046375,7.32,1.365
112522,22.859383,59.008542,7.2,0.577
112523,22.859468,32.815577,7.16,0.185
112531,22.861558,4.785997,7.09,0.374
112535,22.862493,-59.881358,6.47,1.132
112536,22.862513,53.028488,7.27,0.21
112538,22.862692,-35.888589,7.43,0.227
112540,22.862815,15.085842,7.02,0.085
112545,22.863728,41.312965,7.07,0.01
112547,22.864123,46.735518,7.16,0.909
112557,22.867225,43.312417,4.95,1.559
112564,22.869443,-63.188667,6.14,1.025
112570,22.871804,-47.575189,7.36,0.43
112572,22.872412,10.414357,6.86,0.398
112573,22.872723,15.882347,7.01,1.377
112575,22.873353,9.835664,5.16,0.487
112579,22.874013,-45.991458,7.26,1.439
112580,22.874198,-47.992925,7.49,1.064
112588,22.875427,-32.875504,4.46,-0.037
112590,22.875798,3.552231,6.64,0.171
112592,22.876087,35.337587,7.13,0.163
112597,22.876508,56.709785,7.39,0.548
112598,22.87657,-19.037963,6.99,0.495
112600,22.876715,10.220331,7.26,0.498
112601,22.87691,-7.579599,3.73,1.626
112604,22.877245,50.7049,7.07,1.679
112611,22.87839,67.990166,6.98,0.42
112612,22.879389,60.91628,7.42,0.59
112614,22.879586,-10.058868,6.74,0.524
112621,22.880377,46.54841,6.82,-0.033
112626,22.881179,50.412285,6.46,-0.047
112627,22.881734,38.616012,6.93,1.716
112637,22.883963,16.841194,5.86,1.132
112638,22.884383,60.101029,6.01,1.748
112645,22.885879,26.977404,7.42,1.147
112649,22.886493,40.167361,6.33,-0.074
112657,22.887637,-45.147717,6.85,1.104
112668,22.890987,-5.988043,6.94,0.336
112670,22.891307,-11.616514,5.8,-0.082
112674,22.891833,-39.419904,7.3,1.331
112684,22.893852,-48.598286,6.03,0.621
112686,22.894017,78.901883,7.3,1.34
112688,22.894488,44.749163,5.79,0.282
112703,22.89688,28.625836,7.39,1.157
112704,22.897821,1.843146,6.81,1.635
112720,22.901568,-19.175149,6.37,1.515
112724,22.901935,40.376907,5.82,1.136
112725,22.901978,-12.190422,6.86,1.386
112726,22.902059,19.892042,7.02,0.53
112737,22.904137,76.338073,7.44,0.246
112742,22.904769,56.332998,6.85,0.924
112745,22.905024,17.794996,6.6,1.001
112747,22.905357,-24.98019,7.42,0.934
112756,22.906789,84.346177,4.7,1.418
112758,22.907793,-74.864878,7.4,0.431
112767,22.909478,-7.204626,6.2,1.284
112771,22.909896,16.941834,6.39,1.729
112776,22.910837,-15.82082,3.27,0.066
112777,22.910981,-70.073709,6.04,0.66
112778,22.911065,-67.612122,7.47,0.392
112779,22.911213,24.387136,7.42,1.535
112784,22.912123,35.983647,7.47,1.01
112786,22.912285,7.257498,7.31,1.343
112787,22.912445,31.478752,7.4,-0.011
112788,22.912632,-16.271957,5.53,1.111
112799,22.915216,-22.368951,6.76,0.469
112805,22.916524,1.064904,6.11,0.192
112813,22.916937,19.559728,7.41,1.657
112814,22.917399,37.076827,5.91,0.397
112820,22.918638,9.459769,7.5,1.368
112824,22.919711,-4.987899,5.72,0.881
112826,22.920464,8.816166,4.91,-0.003
112829,22.920805,-36.388579,6.4,1.313
112830,22.921128,-48.491751,6.67,0.458
112831,22.921171,-48.465799,7.04,0.56
112832,22.922558,-5.689673,7.18,1.614
112835,22.923578,70.297283,7.48,0.298
112840,22.924079,36.160987,7.5,1.406
112844,22.925165,-20.139404,6.36,1.429
112856,22.927813,68.617164,7.49,0.924
112862,22.929029,36.35139,5.73,-0.051
112866,22.929728,44.308238,6.81,0.85
112874,22.930982,-31.633231,6.09,1.358
112880,22.931768,-41.096755,6.72,1.013
112885,22.932431,41.335041,7.32,0.476
112886,22.932472,-32.539628,4.2,0.952
112889,22.932879,62.432275,6.53,1.82
112895,22.934268,58.195846,7.06,-0.054
112908,22.936321,56.450444,7.26,0.057
112913,22.93698,72.837334,7.38,0.223
112921,22.939897,41.603876,5.6,-0.149
112922,22.939919,22.955894,7.38,0.393
112923,22.940005,-31.565567,6.48,1.094
112928,22.940555,49.733544,4.99,1.778
112947,22.946613,-47.969221,5.72,0.226
112951,22.94763,11.848337,6.53,0.17
112956,22.948924,59.961703,7.21,-0.05
112964,22.950746,56.490558,7.45,0.368
112967,22.95125,48.684068,5.34,-0.102
112970,22.951618,-57.401177,7.43,1.216
112972,22.951905,-3.245216,6.6,0.218
112985,22.954777,-4.810095,6.31,0.948
112991,22.956112,-56.875193,7.06,0.242
112994,22.95714,43.012819,6.64,1.569
112997,22.95777,20.768832,5.45,0.666
113000,22.959112,3.810241,6.28,1.122
113005,22.960265,39.388739,7.43,1.1
113006,22.960297,-20.274538,7.45,1.198
113008,22.960838,-29.622236,1.17,0.145
113011,22.961316,39.308777,6.17,-0.148
113027,22.963363,73.133503,6.54,1.067
113032,22.964796,-37.93503,7.3,0.99
113038,22.965639,13.611649,7.47,0.441
113042,22.966496,-59.0895,6.7,0.344
113050,22.968449,21.513175,7.31,1.495
113061,22.970984,-2.395385,6.17,0.744
113073,22.973239,-1.410209,6.38,0.366
113076,22.974145,35.282435,7.02,1.238
113083,22.975903,63.706746,7.41,0.261
113085,22.976411,9.356859,6.43,0.64
113086,22.976391,-35.523231,6.15,0.582
113088,22.976489,50.697957,7.43,1.457
113101,22.977722,63.077147,7.43,0.332
113105,22.978507,7.340074,6.35,0.052
113109,22.979372,43.838752,7.18,-0.07
113118,22.981367,-0.315939,7.42,1.031
113138,22.985834,59.814655,6.46,0.012
113139,22.985934,80.344033,7.11,1.22
113141,22.986209,52.65453,6.31,1.414
113143,22.986615,11.728844,5.76,0.293
113145,22.986901,52.302983,6.98,-0.035
113150,22.988035,-71.836638,7.42,1.527
113151,22.988111,-60.15658,7.38,1.406
113153,22.988573,4.358537,7.2,0.541
113161,22.99096,0.962927,5.43,0.982
113171,22.993243,-13.070895,6.12,1.459
113172,22.993266,-29.462311,5.51,0.271
113180,22.995619,-62.772089,7.19,0.463
113196,22.99983,5.159579,7.15,1.15
113197,23.00027,57.772791,7.45,0.361
113201,23.001417,56.945374,5.1,1.011
113202,23.001607,-25.16418,5.66,1.253
113204,23.00241,-51.701253,7.29,0.268
113208,23.002664,13.924717,7.49,1.157
113219,23.005355,-26.153749,7.47,0.655
113223,23.005541,-8.880529,6.81,0.428
113232,23.006715,-41.151216,7.08,0.984
113233,23.006843,-25.626846,6.3,1.124
113241,23.008993,13.468593,6.7,1.198
113243,23.009553,45.374808,6.51,0.299
113250,23.01053,0.185866,6.22,0.892
113261,23.011782,31.082964,6.6,-0.04
113262,23.011917,3.011805,5.85,1.343
113269,23.013178,-49.451589,7.33,0.324
113275,23.013664,21.381505,7.43,1.123
113278,23.014677,-52.754137,4.11,0.96
113280,23.015208,38.707844,6.57,-0.116
113281,23.015397,-19.346916,7.49,0.984
113287,23.01693,-58.437537,7.01,0.2
113289,23.016945,76.122623,7.5,0.858
113297,23.018763,-50.950028,5.68,1.411
113299,23.018887,-45.205173,7.35,1.408
113304,23.020774,80.781791,6.68,0.241
113305,23.020945,44.198617,7.35,0.375
113309,23.02205,-28.85396,5.55,1.349
113311,23.022556,14.870798,7.1,0.981
113312,23.023068,-22.790891,6.27,0.126
113314,23.023234,-7.061153,6.23,1.418
113315,23.023571,-14.271924,7.28,1.161
113324,23.025199,57.105458,6.24,1.499
113326,23.025475,-4.711461,5.94,0.992
113331,23.026218,-22.419421,7.41,0.541
113339,23.02761,4.461151,7.06,0.586
113340,23.028226,60.197252,7.4,1.313
113345,23.028772,3.53091,6.44,0.97
113354,23.030219,50.850077,7.29,1.366
113357,23.030984,-3.848734,7.48,0.943
113359,23.030959,34.61254,6.74,0.398
113364,23.031788,19.837724,7.18,1.418
113365,23.031959,-63.085499,6.88,1.352
113366,23.032017,42.325979,3.62,-0.099
113390,23.036478,44.572858,6.43,0.959
113406,23.039181,23.340503,6.84,0.064
113410,23.040076,0.43935,7.38,0.512
113412,23.040325,59.852682,7.0,-0.015
113414,23.040943,-45.30397,7.21,0.444
113421,23.042377,-6.574008,6.18,1.59
113423,23.042603,31.781596,6.56,0.342
113424,23.042804,-36.42088,6.46,0.938
113427,23.043104,16.232431,6.56,1.206
113428,23.043436,42.757795,5.09,0.094
113430,23.043717,59.605062,7.3,0.32
113431,23.043832,-18.541703,6.78,1.0
113433,23.044181,63.340845,6.85,1.309
113437,23.045525,55.236383,6.51,-0.079
113439,23.045623,-52.96534,7.25,0.95
113440,23.045626,23.130443,7.21,0.455
113441,23.045626,-20.870712,5.97,0.946
113442,23.045875,44.05875,6.37,-0.02
113461,23.049106,-47.848324,6.64,-0.046
113469,23.051384,20.918575,6.65,0.62
113487,23.055261,38.298594,7.24,1.033
113492,23.055933,58.563854,6.43,0.898
113493,23.056586,60.445409,6.74,-0.044
113500,23.05828,-34.749412,5.12,0.305
113501,23.058275,-38.433441,7.26,1.543
113503,23.058793,-56.498724,7.47,0.417
113504,23.059128,67.20921,5.25,1.248
113512,23.060594,-26.813294,6.82,1.635
113517,23.061809,-40.81704,6.85,1.624
113518,23.062289,-30.444847,6.78,0.939
113521,23.062901,28.082789,2.44,1.655
113524,23.064052,21.598265,7.22,0.631
113529,23.064615,3.820045,4.48,-0.115
113536,23.065909,-4.794861,6.68,0.581
113541,23.066566,-41.478896,5.79,1.069
113544,23.066883,6.616338,6.42,0.417
113553,23.068124,3.293272,7.4,0.465
113559,23.069702,50.052091,4.64,1.058
113560,23.069849,-22.234718,7.46,1.05
113576,23.073004,-6.689687,7.48,1.206
113587,23.075737,63.240671,6.63,1.025
113592,23.076781,31.30746,6.77,0.398
113597,23.077668,-53.964905,5.37,1.453
113598,23.077763,8.853221,7.38,1.24
113603,23.079348,15.205264,2.49,-0.002
113607,23.080609,-27.136058,6.97,0.221
113609,23.08116,-68.820226,5.53,0.395
113615,23.082034,56.690578,6.81,0.052
113616,23.082552,4.599922,7.35,1.465
113620,23.083378,4.225403,7.07,0.472
113622,23.08352,18.631222,7.24,0.383
113625,23.083639,33.385774,7.46,0.118
113627,23.084277,24.521832,7.1,0.433
113629,23.08486,68.417062,7.49,0.646
113632,23.084995,28.202046,7.48,1.737
113633,23.085093,58.732416,6.91,1.122
113634,23.08508,16.562837,6.43,0.886
113636,23.086052,-7.693801,5.44,0.312
113638,23.086904,-17.07925,6.15,1.37
113642,23.087621,-24.349841,7.05,0.964
113645,23.088231,1.307127,6.39,0.928
113646,23.088477,-7.754684,7.09,1.217
113650,23.089483,-16.898426,6.86,0.931
113657,23.09043,-22.486842,7.48,1.532
113658,23.09051,10.4477,7.41,0.24
113664,23.091392,24.653024,7.1,0.096
113666,23.091606,28.988635,7.18,1.61
113668,23.091986,14.451674,7.1,0.597
113671,23.092511,14.959058,6.8,0.006
113674,23.093146,20.240934,7.26,0.573
113687,23.097531,-35.853073,7.35,1.483
113694,23.097925,-7.936712,6.71,-0.009
113696,23.098196,-10.437897,7.3,0.327
113710,23.102494,63.212801,7.44,0.342
113711,23.102697,41.789821,7.09,0.801
113714,23.103406,36.820256,6.76,1.154
113715,23.103687,18.990355,7.44,1.096
113718,23.104626,75.581406,6.81,0.026
113719,23.104783,-9.606141,7.14,1.047
113720,23.105037,18.517765,6.16,0.482
113732,23.107931,61.440126,6.75,0.477
113735,23.108854,19.910853,6.44,0.544
113736,23.108938,51.077196,7.42,-0.108
113743,23.110226,59.41976,4.84,-0.06
113757,23.111345,-23.743115,4.48,0.892
113770,23.11465,-43.520358,4.28,0.423
113771,23.114894,-38.892293,5.62,0.006
113778,23.116103,-30.048144,6.57,0.435
113783,23.116739,9.409492,4.54,1.559
113787,23.11741,3.052243,6.98,1.079
113791,23.118062,35.636491,6.38,1.158
113793,23.118392,50.192358,7.02,0.285
113794,23.118539,25.468259,4.76,1.285
113798,23.119288,-49.606135,6.33,1.452
113800,23.119459,52.816601,6.12,1.06
113802,23.119569,59.727394,6.41,-0.03
113803,23.119917,-7.694583,7.39,0.104
113806,23.120774,-50.686681,5.81,0.486
113813,23.121667,46.068149,6.66,-0.059
113819,23.122859,70.660915,7.4,1.081
113822,23.123752,20.581626,6.73,1.013
113825,23.123891,58.989741,7.26,1.297
113827,23.124368,32.825345,6.13,0.137
113828,23.124642,21.134251,5.97,0.259
113834,23.126437,80.569425,7.28,0.115
113839,23.127575,46.387231,5.3,1.409
113843,23.128368,65.616859,7.01,0.146
113849,23.12926,49.295776,5.68,0.449
113850,23.129354,-0.296052,7.05,1.15
113851,23.129928,63.633466,6.25,-0.025
113852,23.129955,30.439598,7.18,1.451
113861,23.131623,75.387496,4.41,0.802
113863,23.132006,31.458829,7.44,0.157
113866,23.132556,64.222532,6.21,1.084
113876,23.136781,44.561848,6.51,0.168
113893,23.139186,-28.823697,5.6,0.882
113897,23.139888,-79.480689,6.11,0.145
113899,23.140584,-0.499622,7.42,0.486
113902,23.141251,29.160972,7.47,0.164
113906,23.143212,-73.586116,6.18,1.419
113908,23.143464,-63.871585,7.22,0.634
113909,23.143769,-59.73656,7.43,0.451
113912,23.1447,2.127883,5.42,0.908
113917,23.146135,39.167753,7.4,1.58
113930,23.147651,-25.830617,6.74,0.476
113944,23.149188,38.915176,7.35,0.042
113946,23.149649,62.815564,7.43,1.11
113953,23.15111,-45.511679,7.42,1.188
113966,23.154541,65.211406,6.67,-0.04
113968,23.154651,49.650613,6.75,-0.043
113974,23.156258,2.144385,7.11,1.267
113975,23.1563,18.735922,6.75,-0.057
113980,23.157443,-21.17241,3.68,1.202
113986,23.158738,8.677161,5.05,1.484
113987,23.159019,29.669631,6.59,1.155
114003,23.162261,59.332692,5.68,0.315
114004,23.162397,-28.088572,5.88,1.311
114005,23.162426,-67.876284,6.47,0.394
114009,23.163764,-14.510552,6.43,0.01
114011,23.164566,39.469207,6.66,0.227
114013,23.165249,-22.457611,4.71,0.674
114015,23.165481,67.242065,6.66,0.021
114016,23.165862,14.426551,6.54,0.607
114019,23.165955,-42.861292,5.83,0.475
114023,23.166342,47.959412,7.11,0.658
114027,23.167072,9.822082,5.39,-0.068
114033,23.168259,49.990599,7.27,1.109
114036,23.168539,7.362485,7.39,0.023
114042,23.169131,33.767818,6.69,1.306
114044,23.169307,57.44834,6.94,1.148
114045,23.16937,-40.591547,5.9,1.565
114046,23.170034,-66.857644,6.47,0.956
114053,23.171426,32.487038,7.05,-0.038
114056,23.172436,-13.644549,7.18,1.229
114058,23.17256,49.018322,7.29,0.674
114059,23.17264,-45.246711,3.88,0.998
114062,23.173532,-7.811996,7.33,0.604
114066,23.174184,-60.564398,6.72,0.214
114068,23.174235,43.544232,5.91,0.45
114083,23.177672,-5.960275,6.96,-0.098
114086,23.178451,26.523036,7.11,0.204
114087,23.17851,17.594372,5.68,1.33
114091,23.17961,-29.525143,6.53,0.282
114095,23.180583,45.512274,6.98,0.75
114109,23.182875,31.150835,7.29,1.183
114120,23.185264,53.058235,7.23,-0.026
114123,23.18625,-63.189984,7.0,1.335
114124,23.186329,30.04311,6.9,1.119
114127,23.187243,5.004322,6.66,1.434
114139,23.189873,50.771357,6.81,0.456
114150,23.194111,47.098697,7.21,0.694
114158,23.195608,8.720116,5.15,0.139
114164,23.197001,26.847308,6.19,0.937
114171,23.198709,32.665962,7.4,0.972
114174,23.19988,-11.933567,7.0,1.03
114178,23.200437,64.719234,7.33,-0.045
114179,23.20084,-43.987774,7.18,1.109
114188,23.203457,-80.9127,6.43,1.498
114197,23.205709,52.229557,7.4,0.333
114203,23.206947,36.96779,6.92,1.008
114208,23.20916,49.406207,4.53,0.302
114238,23.216282,-9.570474,7.0,1.154
114242,23.217093,42.062195,6.91,0.234
114245,23.217775,29.441525,6.34,0.924
114246,23.218061,8.963449,6.69,1.624
114260,23.221098,57.168355,5.57,1.0
114265,23.220916,-49.618607,6.8,0.922
114277,23.223274,2.675439,7.4,0.788
114279,23.224029,11.065001,5.85,1.004
114303,23.228068,2.203576,7.18,0.393
114307,23.230064,15.367632,7.37,0.561
114308,23.230066,-13.394607,7.02,1.2
114324,23.233155,19.633898,6.47,1.151
114328,23.233477,4.997103,7.06,-0.135
114337,23.235072,-62.700004,6.12,0.787
114338,23.235106,-2.634986,7.14,0.309
114346,23.235582,-70.058191,6.9,0.733
114352,23.237325,50.617891,6.32,-0.005
114362,23.238711,-6.049003,4.22,1.545
114363,23.239366,29.771831,6.41,0.448
114367,23.240554,43.698093,7.49,0.535
114372,23.24181,20.442253,7.03,1.068
114380,23.243468,24.102898,6.36,1.167
114383,23.243622,74.231268,5.89,-0.01
114388,23.244492,-10.688715,6.13,1.504
114401,23.247135,-7.702853,7.37,1.627
114407,23.24854,65.424052,7.23,0.429
114412,23.249417,28.070828,7.1,0.026
114413,23.249611,-41.105397,5.77,1.16
114417,23.249721,41.142421,7.32,1.389
114419,23.25034,46.524289,7.21,0.051
114433,23.2536,-6.121851,7.48,0.938
114439,23.255364,-24.851811,7.28,0.179
114447,23.256399,25.672244,6.81,0.85
114448,23.256523,-56.691881,6.57,0.29
114454,23.257918,64.266714,7.17,-0.015
114458,23.258415,-59.694276,7.35,1.315
114460,23.259516,-3.49638,5.56,0.062
114469,23.260477,70.88808,5.55,0.263
114471,23.261185,1.308253,6.76,0.537
114472,23.261171,76.787272,7.26,0.918
114480,23.262421,-29.847551,6.52,1.064
114482,23.262858,28.247898,6.51,0.833
114492,23.264615,-13.183932,7.28,0.433
114493,23.264859,-9.087737,4.24,1.107
114501,23.266078,24.770945,6.57,0.415
114502,23.266202,-1.42389,6.93,1.301
114506,23.266868,35.399686,6.87,0.288
114512,23.2679,-51.87205,7.07,1.652
114521,23.270548,78.150464,7.39,0.308
114536,23.273203,64.116239,7.38,0.473
114537,23.273738,-55.526929,6.93,0.446
114538,23.273806,50.671345,7.41,1.593
114542,23.274181,61.962948,6.53,0.164
114545,23.274848,-23.225547,7.11,0.312
114546,23.275115,-27.080648,7.36,1.626
114558,23.27767,-28.684129,7.13,1.205
114559,23.277719,-44.489166,5.92,1.053
114562,23.278405,53.213476,5.58,0.556
114571,23.280473,-21.203094,7.25,1.034
114575,23.28051,-41.194395,6.49,1.07
114577,23.280817,-7.726504,4.93,1.613
114586,23.282659,-62.001198,5.64,0.521
114589,23.282941,-18.873197,6.93,1.295
114590,23.283094,-7.160779,6.71,0.415
114607,23.285765,-28.438273,6.24,1.556
114608,23.285861,-18.165829,7.33,0.996
114609,23.286094,3.282289,3.7,0.916
114618,23.287958,45.164167,6.44,1.077
114622,23.288574,75.299025,6.35,0.049
114623,23.288656,29.873371,7.17,1.671
114627,23.289084,-62.781271,7.5,1.359
114634,23.290498,-58.235734,3.99,0.41
114636,23.291213,-16.172198,6.72,-0.137
114649,23.293692,18.304768,6.73,0.392
114653,23.294467,-11.712942,6.33,0.058
114655,23.294957,34.046547,7.02,0.481
114656,23.295067,31.030021,7.03,0.33
114660,23.295732,49.0153,4.82,1.668
114667,23.298252,30.458534,6.99,1.205
114670,23.298393,-9.182513,4.41,-0.144
114674,23.29889,45.488924,6.48,-0.037
114676,23.299052,-13.795173,6.59,1.264
114677,23.299151,73.688508,7.16,1.107
114680,23.300122,-48.113036,7.33,0.4
114681,23.300212,-61.003664,6.74,1.099
114682,23.300388,79.87433,6.98,0.122
114692,23.302739,-40.824361,5.54,0.445
114695,23.304244,27.60032,7.28,0.433
114700,23.305557,-67.471177,6.15,1.356
114703,23.306479,41.773676,5.98,0.215
114715,23.308024,27.603795,6.91,1.006
114716,23.308237,-18.841575,6.75,1.662
114725,23.310156,-58.306353,7.5,0.632
114727,23.3104,68.111445,4.75,0.836
114730,23.310842,33.727336,7.17,1.364
114731,23.311737,36.090227,7.37,0.335
114736,23.31279,-47.435381,6.59,-0.042
114739,23.313389,3.246627,7.5,1.416
114740,23.313733,-32.532027,4.41,1.109
114751,23.31523,-30.552847,6.94,1.093
114753,23.316021,-9.61075,4.99,-0.022
114756,23.317263,-12.170425,7.23,0.0
114758,23.317333,45.136751,6.51,0.174
114759,23.317582,-28.387846,6.49,1.535
114764,23.318518,-13.458552,5.2,0.787
114765,23.318804,48.919436,7.24,0.276
114766,23.319045,-79.472409,6.34,0.913
114774,23.322316,7.214928,7.38,1.043
114778,23.32327,62.739775,6.66,2.288
114779,23.323327,-5.124352,5.56,0.386
114781,23.323363,-18.075376,5.96,1.534
114782,23.323468,35.825128,6.74,-0.029
114783,23.323829,-39.158461,7.05,0.13
114785,23.324281,34.793183,6.32,-0.053
114789,23.324945,48.625322,5.44,1.014
114807,23.327958,-15.782298,7.31,1.084
114808,23.328193,48.380935,6.29,1.123
114809,23.32817,23.825259,7.28,-0.075
114812,23.32834,-41.083221,7.21,0.218
114815,23.328651,-33.708052,6.35,1.308
114819,23.330018,7.982092,6.91,1.16
114824,23.330519,57.24363,6.89,1.791
114828,23.331225,42.078044,5.81,1.512
114834,23.333259,-47.540143,6.82,1.245
114835,23.333514,61.149846,6.94,0.033
114837,23.33367,41.754853,7.35,0.218
114840,23.33407,64.848503,7.26,0.269
114851,23.336563,23.091153,6.63,1.41
114855,23.337326,61.970129,6.39,1.678
114857,23.337736,-3.919142,6.64,0.52
114864,23.339051,5.381307,5.05,1.204
114865,23.339117,60.274762,6.62,0.598
114882,23.342927,62.213264,6.41,1.605
114884,23.343755,-75.632795,7.3,0.458
114886,23.343919,21.189288,6.92,1.19
114887,23.343956,23.740337,4.58,0.18
114892,23.344474,19.840794,7.34,0.168
114893,23.344691,-5.907975,6.17,1.089
114898,23.345583,44.116167,6.25,0.152
114907,23.347097,30.414921,5.58,1.501
114908,23.347267,-50.306559,6.04,0.423
114916,23.348123,38.182326,5.77,0.468
114920,23.348876,-18.543439,6.99,0.922
114924,23.349338,17.252617,6.67,0.329
114933,23.352037,60.470985,7.17,1.159
114937,23.35313,2.197288,7.42,0.944
114940,23.353328,64.74067,7.4,-0.012
114941,23.353342,-8.674167,7.5,0.264
114946,23.354213,-13.269368,7.17,1.477
114947,23.354267,-6.192459,7.31,1.056
114948,23.354305,-26.986769,5.65,0.817
114949,23.354832,38.582271,7.35,1.074
114952,23.355984,-4.672767,6.79,0.14
114953,23.356433,36.501143,7.11,1.44
114967,23.360102,44.097883,7.36,0.801
114981,23.363686,20.637762,7.18,1.728
114991,23.365259,31.812465,5.35,-0.101
114996,23.366183,26.608901,6.59,0.4
114999,23.367509,48.795144,7.39,1.074
115002,23.368055,28.694807,6.74,0.392
115007,23.370563,23.5517,7.28,1.039
115008,23.370592,-43.186873,7.27,1.163
115026,23.374605,25.918483,6.38,1.54
115031,23.375702,60.133485,5.56,1.679
115040,23.377547,-15.039338,5.19,0.203
115043,23.37792,20.828716,6.28,-0.033
115052,23.379831,51.047624,7.33,1.416
115054,23.380183,20.558946,6.62,0.6
115061,23.380831,-23.451855,7.43,0.387
115063,23.381452,2.818308,7.04,0.033
115068,23.382424,-60.055843,6.08,1.603
115073,23.382842,-20.10058,3.96,1.082
115079,23.384602,12.31391,5.09,1.315
115094,23.388471,-41.601201,7.13,0.283
115097,23.389465,-55.553402,6.57,1.269
115111,23.392207,0.291325,6.33,1.583
115119,23.394004,54.030967,6.84,0.079
115128,23.395703,-31.11075,7.39,1.592
115130,23.395922,-8.460113,6.69,0.93
115131,23.39595,-43.124429,6.12,1.464
115135,23.396532,32.531304,6.7,0.452
115138,23.397663,65.343352,6.97,0.401
115142,23.39803,-53.81497,7.16,0.263
115146,23.39847,-53.80874,6.13,0.258
115148,23.398981,77.511745,7.5,0.7
115155,23.400919,29.672714,7.36,-0.04
115157,23.401106,-21.774411,6.46,0.433
115163,23.402182,-18.688006,6.18,1.02
115164,23.402197,57.535509,6.79,0.254
115165,23.402464,41.612874,6.37,1.702
115171,23.403681,-51.891174,5.75,1.611
115179,23.404574,3.715513,6.62,1.152
115182,23.405235,-72.165196,6.88,0.541
115183,23.40524,21.413026,7.44,0.468
115184,23.405292,23.759912,6.97,1.004
115185,23.405806,86.417788,6.61,0.55
115186,23.406055,6.186288,7.18,-0.098
115191,23.407392,-37.200939,7.35,0.096
115198,23.408586,30.712231,7.2,0.378
115202,23.409697,41.112905,6.72,0.007
115204,23.409986,63.853405,6.75,1.08
115214,23.412052,36.362172,7.01,-0.135
115218,23.412609,25.49639,7.38,-0.069
115225,23.413959,62.282806,4.96,1.676
115226,23.41412,32.384882,5.56,-0.075
115231,23.415459,56.106573,7.4,1.304
115240,23.418309,-73.27357,7.45,1.223
115255,23.422062,-56.848985,5.6,1.063
115258,23.422993,23.404101,4.42,0.617
115278,23.426695,52.979468,6.76,1.594
115280,23.427445,68.956031,6.81,1.208
115281,23.427627,24.953732,6.97,0.234
115302,23.43361,39.339498,7.02,-0.015
115304,23.434108,-20.642014,4.38,1.46
115313,23.43661,70.68548,6.66,0.297
115316,23.436754,-27.424593,6.58,1.0
115324,23.439047,53.166999,7.16,1.516
115326,23.439152,61.086849,6.6,0.336
115331,23.440924,40.386544,6.81,0.95
115332,23.440957,8.643844,7.1,0.602
115340,23.442868,-6.607655,7.3,1.105
115344,23.443187,-21.740836,6.43,1.036
115348,23.44349,-52.721603,5.53,0.409
115355,23.444514,45.338144,7.36,0.644
115359,23.445457,2.478372,6.72,1.108
115373,23.448519,-73.836463,7.46,1.079
115376,23.448876,1.255608,4.95,0.036
115377,23.449183,-15.247724,6.91,0.201
115379,23.449665,-58.423812,7.13,1.245
115381,23.44999,87.307504,5.56,0.25
115383,23.450351,-22.723414,7.3,1.053
115390,23.45205,42.91201,5.75,-0.007
115391,23.45207,-66.580886,6.47,1.455
115394,23.452527,-50.157244,6.22,-0.08
115395,23.452658,-62.737126,6.84,1.633
115403,23.454109,1.122609,6.26,1.013
115404,23.454157,-58.47611,5.63,0.983
115405,23.45458,70.359782,5.6,0.163
115407,23.454783,65.620874,6.84,1.03
115409,23.455144,8.066974,7.01,1.219
115423,23.457088,63.929359,7.32,1.326
115424,23.45725,-12.93016,7.25,1.696
115431,23.459246,-27.278136,7.45,0.286
115441,23.461218,25.167281,5.99,-0.066
115443,23.461562,44.785282,7.43,1.015
115445,23.461926,74.11935,7.23,0.344
115448,23.462223,86.55885,7.2,0.482
115457,23.464049,-50.343676,7.21,0.905
115462,23.465685,-15.299218,6.73,1.514
115465,23.466138,6.378992,4.27,1.062
115468,23.466858,-35.544485,6.34,1.201
115471,23.46766,-87.482214,5.5,1.278
115474,23.468109,-11.449752,6.37,0.902
115479,23.468685,-12.212327,7.33,1.39
115482,23.470233,18.538255,7.42,0.333
115483,23.47036,-56.4366,7.28,0.389
115486,23.471236,6.074513,7.38,0.41
115491,23.473206,19.885581,6.67,0.248
115492,23.473622,-38.645604,7.36,0.944
115493,23.473675,-25.420543,6.9,0.16
115506,23.475471,9.427148,7.4,0.495
115527,23.479638,-5.389421,6.99,1.502
115528,23.480325,-59.436592,7.15,1.349
115531,23.480488,31.796198,7.48,0.541
115534,23.481114,53.666824,6.94,1.074
115537,23.482682,75.225424,6.65,0.011
115541,23.483518,-9.266104,6.2,1.438
115542,23.48356,-44.498068,6.43,1.177
115543,23.483598,-63.110656,5.66,-0.142
115545,23.48395,16.012546,7.11,0.08
115550,23.484911,23.048083,6.45,1.088
115554,23.485915,12.760554,4.54,0.939
115563,23.487868,-85.709422,7.42,0.951
115565,23.488034,-54.501412,6.53,1.072
115577,23.490505,-52.678577,6.8,0.955
115579,23.490817,46.464916,6.88,0.132
115580,23.49083,-1.791213,6.35,1.125
115586,23.491755,-1.0359,6.88,0.62
115588,23.492245,-4.532747,6.26,1.123
115592,23.493341,38.643377,7.35,1.757
115617,23.498417,24.77232,7.22,1.021
115625,23.500522,21.54955,7.14,-0.096
115626,23.500536,58.54892,4.89,-0.122
115631,23.502057,49.133145,6.19,1.464
115639,23.503744,5.012807,7.26,1.143
115652,23.507315,30.831759,7.36,0.504
115656,23.508803,16.563218,7.45,0.964
115657,23.50891,64.392276,7.25,0.223
115658,23.509463,77.894064,7.12,0.05
115660,23.509489,-41.9888,6.78,1.153
115665,23.510988,38.662253,6.07,0.992
115669,23.511245,0.877553,7.16,1.526
115677,23.513079,33.835692,7.1,1.254
115694,23.516984,-6.288082,6.39,1.259
115697,23.517406,-69.076739,7.1,0.595
115703,23.518509,2.363374,7.17,0.448
115711,23.52149,39.236198,5.22,1.029
115720,23.522665,59.165517,6.76,0.839
115723,23.523271,59.46246,7.31,1.653
115728,23.52376,49.507923,7.3,1.23
115731,23.524152,-44.843579,6.02,1.014
115733,23.524612,-56.142526,7.24,1.043
115736,23.525036,28.666175,6.53,0.985
115740,23.525417,-4.087406,6.5,0.531
115742,23.525652,33.698436,7.42,0.252
115743,23.52609,86.178057,7.09,0.171
115748,23.527664,77.819682,7.05,0.035
115752,23.528345,-21.369457,6.24,0.319
115753,23.52862,28.403489,6.41,0.035
115759,23.530108,-21.250113,7.16,0.438
115761,23.530631,44.072875,6.78,1.473
115765,23.531016,-41.752385,6.57,1.222
115775,23.532219,-25.74414,6.57,1.004
115778,23.532627,38.306558,7.4,1.345
115779,23.532657,-1.085885,6.39,1.177
115781,23.532675,-80.827841,7.34,1.116
115785,23.533393,45.888899,7.22,1.593
115795,23.536532,65.739157,6.65,0.23
115797,23.536854,-11.544554,6.64,1.603
115798,23.536861,7.084887,6.8,0.505
115814,23.540191,17.40418,7.05,0.39
115815,23.540218,34.952343,6.66,-0.045
115817,23.540525,-10.998757,6.78,0.91
115818,23.541165,-63.655006,7.34,1.469
115821,23.541397,23.843609,6.41,1.492
115822,23.541469,72.000939,6.73,0.116
115829,23.543053,53.686374,6.83,1.07
115837,23.544616,-45.12144,6.9,0.122
115855,23.54826,63.155482,7.47,0.773
115859,23.548734,-3.016706,7.09,0.121
115862,23.549019,46.123681,6.61,1.67
115865,23.549512,-37.818268,4.38,-0.095
115878,23.553404,57.407947,7.32,0.809
115879,23.553869,-12.609153,7.09,0.153
115881,23.554618,-20.914504,4.7,0.02
115884,23.555432,-77.385327,5.82,0.681
115885,23.555745,60.410932,7.2,0.92
115891,23.556414,4.639318,7.27,1.559
115893,23.556669,42.846629,7.14,0.585
115895,23.557156,-31.289455,7.14,1.125
115898,23.55781,24.342436,6.91,0.2
115899,23.557804,22.498775,5.33,1.481
115900,23.557957,-4.401287,6.92,0.47
115901,23.558093,41.638014,7.05,1.081
115911,23.559664,17.81883,6.81,0.666
115912,23.559907,60.468606,7.36,0.976
115920,23.561128,29.874653,7.22,0.439
115926,23.561942,45.0581,6.25,0.986
115927,23.562828,-36.263959,7.24,0.388
115931,23.563674,46.680993,6.81,1.142
115941,23.565414,20.840934,6.1,1.654
115944,23.565884,31.325277,4.97,1.383
115946,23.566168,43.904236,6.93,-0.002
115949,23.566742,-24.859589,7.48,0.546
115955,23.568852,72.914571,7.38,0.21
115957,23.569171,-1.247567,5.91,0.299
115972,23.573658,5.470546,6.9,0.428
115982,23.576219,34.356138,7.29,1.101
115988,23.577095,40.236441,5.55,0.096
115989,23.577279,33.497328,5.63,1.042
115994,23.578115,37.799899,7.22,0.579
115996,23.578954,36.204126,7.45,1.013
115999,23.57965,38.024,6.18,1.586
116002,23.580378,-15.246005,5.95,1.35
116004,23.580658,-42.684295,6.65,0.218
116009,23.581762,-35.085043,7.07,1.075
116014,23.583065,71.642043,5.86,1.681
116015,23.583069,31.835479,7.28,0.13
116017,23.583217,24.425825,6.67,1.083
116021,23.58393,-56.825349,6.73,0.383
116022,23.584508,-7.677419,7.37,1.297
116023,23.584599,-42.615075,4.69,0.078
116028,23.585953,67.491888,7.19,1.089
116030,23.586359,12.662005,6.95,0.114
116034,23.586937,-64.689122,7.12,0.366
116036,23.587409,-3.853773,7.23,0.411
116037,23.587771,10.958526,7.16,1.198
116040,23.588665,50.311773,7.23,-0.002
116051,23.590783,8.519708,6.68,1.649
116052,23.590873,52.291033,6.9,1.037
116053,23.591035,-10.555101,7.14,1.475
116055,23.591345,31.017174,6.86,0.604
116056,23.591272,1.313142,6.47,1.151
116061,23.592012,32.197868,6.53,0.926
116062,23.592242,-7.464431,6.4,0.874
116065,23.593376,8.382618,7.35,0.405
116068,23.593757,14.593657,7.46,0.286
116070,23.594457,-27.490488,6.66,0.56
116072,23.594963,-15.299067,7.29,1.052
116074,23.595164,51.263958,6.87,1.639
116098,23.598761,27.864933,7.37,-0.075
116099,23.598873,24.561012,6.44,1.703
116103,23.599293,-10.687693,7.5,0.93
116104,23.60007,-8.766177,7.18,0.483
116116,23.602679,-26.876314,6.57,0.274
116129,23.606468,2.102222,5.68,0.449
116130,23.606625,83.204066,7.5,1.122
116137,23.607907,67.848879,7.25,0.131
116139,23.608476,32.904215,6.35,0.459
116144,23.609448,-44.892834,6.92,0.2
116173,23.61816,-31.871136,6.51,1.253
116176,23.618503,30.678024,7.21,0.616
116183,23.620071,55.876577,7.09,1.661
116213,23.624474,35.814839,7.18,0.97
116216,23.625567,44.428994,5.81,-0.064
116218,23.626056,46.458152,3.81,0.984
116225,23.627655,-13.060243,5.66,1.025
116226,23.627705,16.825495,6.26,0.025
116234,23.630313,3.370236,7.3,0.461
116236,23.630827,-45.492351,4.74,0.082
116245,23.632445,18.400667,5.49,0.01
116247,23.632888,46.199437,6.58,0.665
116250,23.633402,48.996521,7.11,0.665
116258,23.634175,-15.095108,6.38,1.078
116260,23.634332,43.077857,6.96,1.125
116264,23.635568,-70.903358,7.47,1.03
116265,23.63561,43.268073,4.29,-0.083
116270,23.636124,20.569233,7.46,0.369
116273,23.636778,-8.627549,6.89,0.891
116274,23.636813,-56.451143,7.41,1.619
116284,23.639486,58.654039,6.99,1.008
116287,23.639926,-76.869552,5.99,0.907
116291,23.64068,42.511511,6.91,0.031
116301,23.642822,35.033235,7.06,0.124
116313,23.645465,-62.885486,6.63,0.926
116321,23.646974,62.134961,6.59,0.517
116322,23.647083,23.308325,7.14,0.491
116333,23.648799,-45.611864,7.03,0.3
116343,23.652316,50.471733,5.35,-0.061
116348,23.652823,75.292882,5.95,0.124
116361,23.65582,77.632276,3.21,1.031
116362,23.655878,74.002628,5.98,0.889
116371,23.657761,-46.637799,6.07,0.24
116374,23.658597,28.246505,7.04,0.658
116379,23.660331,-72.722155,7.09,0.989
116383,23.661412,-66.253737,6.92,1.412
116384,23.661545,-22.533393,7.29,0.115
116392,23.663074,-14.222178,4.97,0.257
116394,23.663556,75.751546,7.31,0.381
116395,23.664013,34.955403,7.11,0.15
116397,23.664248,-32.743406,7.18,0.802
116399,23.664692,63.725432,6.85,0.103
116402,23.665289,9.677294,5.99,0.212
116405,23.665844,5.626292,4.13,0.507
116408,23.666634,-47.326505,6.94,1.027
116412,23.666969,27.514975,6.66,1.032
116415,23.66745,37.652644,6.49,0.355
116432,23.671229,18.214271,7.13,0.99
116433,23.671701,4.806533,7.44,1.605
116439,23.673469,44.333932,4.15,-0.071
116454,23.677266,-32.073125,5.3,0.965
116457,23.677844,0.415975,7.4,1.17
116458,23.677945,36.720768,6.24,0.424
116464,23.679504,52.56049,7.46,0.966
116468,23.680199,-7.914211,7.15,0.483
116469,23.680785,-56.420659,7.5,0.076
116477,23.683557,57.838721,7.22,0.193
116481,23.68461,41.850562,6.85,1.423
116483,23.684854,46.218262,6.97,0.477
116485,23.685273,-24.160476,6.61,1.592
116486,23.68565,-32.071257,7.11,0.667
116487,23.685809,-11.680655,5.89,0.984
116493,23.687087,75.582495,7.33,1.045
116497,23.688213,32.561093,7.44,0.08
116499,23.688385,2.467616,7.45,1.328
116504,23.688954,46.860053,7.42,-0.052
116510,23.690775,49.512413,6.26,0.182
116516,23.691559,40.55449,6.92,0.548
116523,23.692914,-18.027077,5.36,1.58
116535,23.696057,-17.816533,4.82,0.822
116546,23.698489,57.259954,6.24,1.025
116552,23.699081,7.250546,5.89,0.101
116554,23.699228,-42.268826,7.11,1.02
116562,23.700779,1.780041,4.49,0.2
116573,23.703966,44.755416,6.99,0.28
116575,23.704075,44.991715,6.43,1.5
116582,23.705817,64.515391,6.52,1.878
116589,23.707139,-61.061817,7.16,1.086
116591,23.707729,-15.448033,5.27,1.344
116595,23.708703,18.66648,7.23,1.051
116596,23.70873,61.679363,6.4,1.25
116605,23.712039,-14.544905,4.49,-0.032
116606,23.712183,16.335719,6.3,0.97
116609,23.713282,-11.328532,7.21,0.997
116622,23.717289,-29.043995,7.23,1.466
116625,23.718068,51.939335,6.44,1.034
116626,23.71824,53.152597,6.63,-0.017
116627,23.718316,-46.312132,6.63,0.901
116631,23.718658,-36.784973,7.45,0.302
116634,23.718788,34.746518,7.03,1.172
116647,23.721366,-70.818139,7.35,0.835
116653,23.722878,10.331536,5.09,1.692
116655,23.722933,-33.082739,7.16,1.085
116662,23.724122,58.080297,7.14,0.645
116688,23.730456,-61.7298,7.47,1.606
116691,23.731047,-33.427779,6.95,0.488
116693,23.731667,-45.46257,6.84,1.22
116706,23.733189,29.361454,4.93,0.935
116708,23.733678,-45.083123,6.08,0.978
116720,23.736463,-40.685903,7.48,1.435
116721,23.736676,-64.404451,5.73,1.393
116722,23.736688,-18.276938,5.24,-0.084
116727,23.737944,36.338935,7.47,0.551
116729,23.738193,-64.339665,7.09,1.147
116732,23.738663,-54.436057,7.42,1.418
116736,23.739682,55.206387,7.17,1.41
116738,23.740318,-70.490226,6.06,0.91
116740,23.741407,-26.246631,6.23,0.495
116745,23.742363,-3.175405,7.26,0.561
116758,23.744643,-78.791442,5.74,1.108
116762,23.745953,43.746265,6.93,0.081
116766,23.746773,55.799687,6.46,0.992
116770,23.746929,7.191806,6.88,1.074
116779,23.749073,69.754855,7.15,0.042
116784,23.750013,-0.660324,7.07,1.549
116788,23.751107,21.389846,6.76,1.456
116806,23.756052,10.179837,6.54,0.168
116815,23.758146,20.415439,6.56,0.5
116819,23.760333,13.152656,7.12,0.393
116835,23.764552,-14.754825,7.36,1.52
116851,23.766922,-18.67834,5.28,0.299
116852,23.767011,-40.182565,6.32,0.21
116854,23.767234,46.420276,4.97,1.086
116857,23.767807,50.66315,7.34,0.96
116860,23.768902,60.473169,7.02,1.04
116869,23.771764,9.78507,7.48,0.582
116878,23.773199,3.486811,4.95,2.508
116879,23.773753,28.703612,6.97,1.626
116887,23.77579,-41.58188,7.33,0.232
116888,23.775756,-44.82864,7.49,1.15
116890,23.776026,64.301259,7.28,1.07
116891,23.776142,-8.996872,7.23,0.551
116893,23.776288,0.530046,7.18,0.947
116898,23.776869,66.782244,5.95,-0.049
116907,23.78078,-8.896932,7.31,1.011
116909,23.78089,-55.809458,7.3,1.623
116913,23.781226,28.419679,7.45,1.59
116914,23.781298,54.861243,7.44,0.137
116923,23.782304,51.228996,7.49,-0.03
116932,23.783866,57.451359,5.55,1.63
116934,23.784284,58.651989,4.88,1.122
116947,23.787754,-11.911126,5.74,1.068
116948,23.787776,-50.226461,5.18,-0.164
116953,23.78915,-48.275586,6.89,0.659
116957,23.789795,-71.306899,7.08,1.057
116958,23.789808,-68.393967,6.89,0.462
116965,23.791491,25.579545,6.78,1.232
116973,23.792514,46.832564,6.08,-0.135
116986,23.794417,-65.240585,7.38,0.308
116987,23.794994,-0.76217,7.11,1.135
116988,23.795212,71.496163,7.46,0.99
116992,23.795783,4.229951,7.44,1.443
116994,23.7966,-52.204376,7.36,0.985
117004,23.798543,67.806808,5.05,0.007
117006,23.798956,-13.91686,7.48,1.127
117007,23.798975,-66.567417,6.73,0.446
117008,23.79904,-2.761598,5.49,0.941
117020,23.801744,63.817372,7.39,0.103
117022,23.801928,-50.890952,6.88,0.919
117027,23.803369,8.245595,6.66,0.324
117031,23.804014,7.163182,6.89,0.993
117047,23.808508,-18.884688,7.37,1.054
117049,23.808742,25.653832,7.08,0.443
117053,23.809022,-6.380426,6.09,1.452
117056,23.809732,28.371031,7.03,1.581
117059,23.809829,36.274537,6.95,0.798
117063,23.810845,64.87645,6.41,0.062
117077,23.813369,-47.650022,6.65,0.989
117078,23.813713,2.214413,6.47,0.461
117080,23.813937,62.214516,5.43,0.67
117083,23.814983,59.97897,6.33,-0.007
117085,23.815427,-28.130268,4.59,0.001
117086,23.815506,-46.842136,6.97,1.579
117105,23.819974,58.963202,6.36,0.408
117112,23.821751,22.854534,7.07,0.086
117114,23.822092,-27.854254,6.95,0.511
117121,23.823878,-21.613972,7.01,1.23
117124,23.824299,1.076131,5.77,0.167
117126,23.825447,-15.861277,6.21,1.212
117127,23.8255,-66.257599,7.21,0.525
117133,23.827608,28.842389,5.95,0.187
117135,23.828044,36.425281,5.86,0.806
117140,23.829087,-62.839489,6.59,1.471
117143,23.830443,-25.331336,6.44,0.097
117144,23.830697,27.680739,7.01,0.355
117148,23.831849,-42.300719,7.43,0.282
117149,23.831945,-65.641178,7.02,0.4
117153,23.832834,-61.135342,7.47,1.495
117161,23.835001,-11.103165,6.78,0.413
117174,23.837425,-9.974136,5.93,1.133
117184,23.839497,51.621663,6.47,0.403
117186,23.840121,63.743627,6.95,1.565
117190,23.840803,-14.579069,6.68,1.37
117191,23.841023,-14.983709,7.49,0.202
117195,23.841731,17.611256,7.46,-0.028
117196,23.841873,-13.110617,7.09,0.907
117200,23.842579,-14.40149,5.7,1.488
117201,23.842595,-69.092792,7.35,1.205
117202,23.842842,-20.233238,7.2,0.219
117204,23.843232,-47.376942,6.49,1.025
117206,23.843883,54.198225,7.15,0.466
117218,23.846269,-18.292425,7.07,1.145
117235,23.849791,63.984854,6.81,0.066
117238,23.850281,-48.65939,6.85,1.21
117240,23.851889,2.237873,6.96,1.157
117255,23.855181,40.198504,6.78,0.419
117261,23.855902,9.313351,5.77,1.661
117262,23.855927,-18.909163,5.17,-0.122
117278,23.859175,42.082701,7.34,0.218
117287,23.860936,-34.691592,6.7,0.97
117288,23.861162,4.697901,6.82,1.478
117291,23.861958,-40.827678,6.65,1.096
117297,23.862927,-42.672899,7.2,1.179
117304,23.864127,42.909823,6.82,1.011
117305,23.864559,37.891229,6.95,0.434
117306,23.864882,4.745363,6.79,0.13
117310,23.865307,-33.122024,7.06,0.972
117313,23.865853,77.599377,6.56,0.43
117315,23.866066,2.930384,5.59,1.527
117320,23.867429,-59.20163,7.47,1.092
117321,23.868518,-82.018818,5.1,0.934
117337,23.871351,61.877566,7.24,0.59
117342,23.873165,21.671099,6.13,1.616
117345,23.873533,75.544588,6.36,0.977
117348,23.874567,-58.550155,7.2,0.306
117350,23.874802,19.120287,5.06,1.587
117354,23.874998,-14.251217,5.85,1.252
117362,23.876974,10.94732,5.3,0.186
117364,23.877275,-68.023705,7.45,0.952
117366,23.877745,-18.561872,6.83,0.09
117367,23.877834,21.742543,6.68,0.947
117369,23.878022,-24.98517,6.77,1.301
117379,23.879878,-12.016915,7.37,1.464
117386,23.880562,48.481811,7.42,0.147
117388,23.880702,-8.996756,5.76,1.171
117392,23.881556,-58.838282,7.4,0.345
117393,23.882101,-3.155482,5.93,1.069
117395,23.882289,36.954255,6.52,0.571
117400,23.883317,11.924287,7.28,0.308
117401,23.883355,41.345696,6.94,1.673
117402,23.883589,17.899771,6.57,1.412
117406,23.884655,2.090625,6.29,-0.003
117407,23.884678,60.704495,6.71,1.56
117417,23.886383,31.910083,7.36,0.438
117429,23.889123,-24.229257,6.23,0.188
117439,23.892857,51.522581,6.78,0.985
117445,23.894023,-20.517613,7.35,1.218
117447,23.894421,-65.947134,6.64,0.589
117454,23.895611,-29.396585,7.42,1.549
117456,23.8961,-18.364807,7.36,0.863
117457,23.896851,-83.00689,6.79,1.503
117462,23.897218,60.8534,6.92,0.626
117466,23.897924,44.555827,7.42,1.453
117468,23.898398,17.991762,7.18,1.17
117474,23.900561,56.489406,7.19,1.614
117475,23.900827,-9.289916,7.21,1.584
117476,23.901119,39.282508,6.62,0.68
117485,23.903549,-59.542043,7.05,-0.046
117490,23.90541,3.67786,7.3,1.136
117492,23.905946,-27.042907,6.34,0.197
117495,23.906398,57.499382,4.51,1.19
117512,23.91071,-40.300062,6.03,0.572
117516,23.911699,61.838898,7.22,0.63
117519,23.912951,0.109309,5.78,1.466
117520,23.913216,18.746792,6.92,1.429
117525,23.913688,74.410095,6.59,0.018
117532,23.914593,6.107021,7.35,1.136
117538,23.915665,29.475612,6.77,-0.036
117539,23.915721,-78.505208,7.49,1.216
117549,23.917751,-9.460584,6.73,0.337
117557,23.918708,47.728532,6.97,1.329
117559,23.918831,7.070972,6.22,-0.066
117561,23.920823,58.089095,7.38,1.115
117563,23.921274,-31.921467,6.09,-0.093
117564,23.921302,-31.88427,6.84,-0.08
117570,23.922961,32.892021,7.38,1.307
117571,23.923061,25.954993,6.52,1.488
117586,23.925722,52.735581,6.61,1.202
117587,23.925741,59.415522,7.28,1.134
117588,23.925966,47.355804,6.01,1.17
117589,23.926067,57.412168,6.03,0.155
117594,23.927142,8.223277,6.84,-0.015
117595,23.927206,46.358292,6.94,-0.065
117608,23.928812,-53.818823,7.35,0.33
117609,23.929013,-9.061969,7.27,0.824
117610,23.92936,-13.15258,6.6,1.172
117611,23.9299,48.22026,6.69,1.094
117612,23.930225,-13.96657,7.3,0.498
117618,23.931855,15.230291,6.45,1.56
117622,23.932885,21.16595,6.75,0.321
117629,23.934668,31.077903,7.47,0.409
117634,23.935329,-21.992062,7.24,1.623
117635,23.935354,-52.788082,7.03,0.994
117636,23.935432,33.487484,7.08,-0.022
117639,23.935745,-62.872394,7.07,0.279
117648,23.938774,10.012219,7.36,0.219
117659,23.940996,83.191116,6.57,0.064
117661,23.941652,-24.737218,6.31,0.921
117680,23.944862,22.648091,6.18,1.635
117682,23.945482,-57.148372,7.41,0.97
117686,23.946478,4.725112,6.87,0.331
117689,23.948786,55.840339,6.56,1.149
117703,23.951009,42.658232,6.01,0.712
117708,23.952265,-26.623446,6.26,1.452
117709,23.952356,55.705705,5.57,0.478
117713,23.95281,-20.833643,6.45,0.979
117719,23.954012,15.609915,7.44,1.363
117722,23.95542,61.026202,6.63,1.64
117724,23.955508,-62.956584,5.95,0.101
117739,23.958006,-36.705616,7.39,1.252
117746,23.959159,-82.169804,5.72,1.055
117748,23.959313,60.0236,6.47,0.029
117754,23.959727,-64.298231,5.0,0.06
117759,23.960651,-33.189111,7.01,0.505
117763,23.962647,25.141401,4.63,1.584
117765,23.962836,11.474378,6.65,0.04
117767,23.963118,57.139723,7.31,0.22
117776,23.964657,-67.006083,7.42,0.47
117783,23.966475,-38.95389,7.13,1.57
117794,23.968564,50.447677,6.72,0.694
117808,23.97196,19.693549,7.13,1.502
117809,23.972542,35.013043,6.7,0.251
117810,23.972562,-15.847484,6.28,1.079
117811,23.97268,-63.002991,6.86,0.825
117829,23.975298,-57.280837,6.69,0.789
117837,23.976219,-14.125069,7.22,0.409
117841,23.977883,-3.555983,4.88,0.93
117846,23.979565,46.413179,6.55,-0.093
117856,23.980343,32.381705,6.53,-0.126
117862,23.981432,39.111059,7.26,0.353
117866,23.982155,-52.745807,5.13,1.121
117875,23.983482,55.754928,4.88,-0.071
117888,23.986018,-42.236883,6.78,0.215
117891,23.986645,53.563172,7.07,0.178
117896,23.987429,50.529242,7.23,0.898
117900,23.988525,6.863321,4.03,0.419
117908,23.991081,57.670865,7.2,0.14
117909,23.991082,-29.485168,5.59,1.599
117910,23.991226,-20.034714,7.47,0.741
117913,23.991472,33.723878,5.81,0.539
117916,23.991776,86.706403,6.75,0.081
117918,23.992033,-2.843791,7.12,0.324
117921,23.992468,50.832573,7.19,-0.043
117925,23.993067,-1.849919,7.49,0.342
117930,23.994624,-5.893053,6.55,1.043
117938,23.996137,-50.999255,7.28,1.044
117939,23.996248,-0.280114,6.83,1.614
117941,23.996616,11.273428,6.74,0.146
117950,23.997583,11.673714,6.99,1.595
117954,23.998594,-65.577132,4.49,-0.075
117958,0.103944,58.437504,7.2,0.78
117996,0.545644,-63.03121,6.0,0.65
117998,0.587326,-3.593069,6.4,0.65
118001,0.622379,-24.766593,6.4,0.65
118057,1.262022,-68.874409,7.2,0.65
118084,1.663003,-56.19462,5.8,0.86
118164,2.659463,-11.871068,5.6,0.65
118166,2.721517,3.237385,6.3,0.65
118197,3.201183,-28.986359,6.7,0.65
118231,3.538766,38.063034,7.28,0.65
118302,4.403391,-57.070925,7.3,0.65
118324,4.636216,-14.302201,7.3,0.65
118328,4.671719,-58.943692,7.4,0.65
118351,5.124227,18.647141,5.7,0.65
118360,5.277926,46.000842,0.96,0.65
118392,5.74059,-22.420198,6.13,0.94
118453,6.954825,-35.506504,7.1,0.65
118485,7.576827,31.89052,2.85,0.65
118505,7.862748,-13.896051,6.17,0.65
118551,8.652343,-22.66013,6.8,0.65
118562,8.74494,-54.708074,5.0,0.65
118586,9.010887,41.78362,6.18,0.65
118606,9.205047,14.9967,7.3,0.65
118619,9.28848,-68.689446,6.13,0.65
118625,9.462949,-6.07008,6.6,0.65
118628,9.485909,-2.750431,7.18,0.87
118632,9.511764,-40.465622,4.65,0.65
118645,9.736603,-27.769033,5.6,0.65
118742,11.303118,31.528783,4.33,0.59
118743,11.303118,31.528783,4.8,0.65
118759,11.539406,61.083109,7.1,0.65
118838,12.694171,-1.449235,3.52,0.65
118862,13.062675,-20.583353,6.4,0.65
118869,13.166389,17.528977,5.17,0.65
118887,13.398996,54.920471,3.95,0.13
118923,13.81532,-35.704955,6.57,0.55
118984,14.766877,-25.445279,7.14,0.65
118988,14.856488,19.099249,6.97,1.16
119003,15.063245,47.653692,5.96,0.65
119010,15.202452,-52.108708,6.69,0.5
119014,15.230663,-1.352022,7.35,0.65
119020,15.38663,30.2862,5.96,0.65
119058,16.072774,-11.374611,4.84,0.45
119059,16.072774,-11.374611,5.0,0.65
119060,16.072768,-11.372747,7.3,0.75
119071,16.221614,13.526763,7.5,0.65
119075,16.244599,33.856722,6.72,0.65
119106,16.688157,31.601207,5.4,0.65
119127,17.088714,54.469093,5.63,0.47
119131,17.172783,-15.726921,3.4,0.65
119135,17.255734,-26.603215,5.07,0.85
119143,17.315629,-34.992895,7.2,0.65
119159,17.50651,-1.064706,6.2,0.65
119195,18.051202,-8.181708,5.24,0.38
119198,18.09099,2.498264,6.0,1.15
119259,19.106847,-37.06474,5.0,0.65
119271,19.201579,49.854916,6.57,0.65
119388,21.073516,-19.855641,6.5,0.65
119390,21.155937,-73.175927,6.4,0.65
119397,21.241391,10.006094,5.4,0.65
119398,21.246554,38.045192,6.42,0.6
119408,21.330962,-53.450672,6.9,0.65
119433,21.735509,28.743078,6.09,0.65
119491,22.408121,-72.256978,6.1,0.65
119501,22.442972,-16.742424,6.21,0.62
119548,23.165305,-22.457364,5.9,0.65
119619,5.22591666,-8.14777778,6.37,0.65
119620,6.39380555,-52.18111111,5.98,0.65
119621,6.41338888,-52.80638889,6.51,0.65
119622,6.51947222,17.46638888,6.2,0.65
119623,7.66861111,16.93861111,6.02,0.65
119624,8.43838888,-39.06027778,7.25,0.65
119625,10.751,-59.68416667,6.21,0.65
119626,14.26783333,18.91194444,5.98,0.65
119627,16.90327777,-41.85027778,6.45,0.65
119628,17.89597222,-34.78611111,6.38,0.65
119629,18.31202777,-18.61944444,6.84,0.65
119630,0.03536111,-14.67611111,7.1,0.65
